domain_a,domain_b,n_AB,n_A,n_B,N,expected_AB,jaccard,lift,pmi_log2,fisher_p,obligate_pair,same_clan,clan_a,clan_b,q_value,significant_q05,headline_eligible,name_a,name_b
PF00107,PF08240,9,9,9,76215,0.001,1.0,8468.333,13.048,4.184119627905647e-39,True,False,CL0063,CL0296,5.274568789882723e-39,True,False,ADH_zinc_N,ADH_N
PF06012,PF06025,8,12,8,76215,0.001,0.6667,6351.25,12.633,1.7537256246609302e-32,False,False,,,2.080831187881386e-32,True,True,DUF908,DUF913
PF00032,PF00033,12,12,13,76215,0.002,0.9231,5862.692,12.517,1.6224487017549961e-49,False,False,,CL0328,2.257708947111272e-49,True,True,Cytochrom_B_C,Cytochrome_B
PF12361,PF12377,9,12,12,76215,0.002,0.6,4763.437,12.218,2.0248986539779267e-34,False,False,,,2.4525572496980646e-34,True,True,DBP,DuffyBP_N
PF02373,PF02928,6,17,6,76215,0.001,0.3529,4483.235,12.13,4.547320340582222e-23,False,False,CL0029,,5.058517998267072e-23,True,True,JmjC,zf-C5HC2
PF04129,PF20655,18,18,18,76215,0.004,1.0,4234.167,12.048,8.520885953433763e-73,True,True,CL0020,CL0020,1.8195516690407218e-72,True,False,Vps52_CC,Vps52_C
PF09329,PF22379,14,15,17,76215,0.003,0.7778,4184.353,12.031,3.9897417381831266e-54,False,False,,CL0021,5.910439326427841e-54,True,True,zf-primase,OB_MCM10
PF23284,PF23291,10,11,17,76215,0.002,0.5556,4075.668,11.993,1.1744817951150136e-37,False,True,CL0010,CL0010,1.457512653937812e-37,True,False,KOW2_Spt5,KOW4_SPT5
PF24984,PF24987,8,10,15,76215,0.002,0.4706,4064.8,11.989,1.025761964212454e-29,False,True,CL0020,CL0020,1.1973813522109911e-29,True,False,HEAT_EF3_GNC1,HEAT_EF3_N
PF09468,PF17745,5,14,7,76215,0.001,0.3125,3888.52,11.925,1.9617056532566562e-18,False,False,CL0123,CL0662,2.091565041570829e-18,True,True,RNase_H2-Ydr279,Ydr279_N
PF08541,PF08545,20,20,20,76215,0.005,1.0,3810.75,11.896,5.576969935431732e-80,True,True,CL0046,CL0046,1.4335369239802448e-79,True,False,ACP_syn_III_C,ACP_syn_III
PF16190,PF16191,20,20,20,76215,0.005,1.0,3810.75,11.896,5.576969935431732e-80,True,False,CL0866,,1.4335369239802448e-79,True,False,E1_FCCH,E1_4HB
PF08152,PF26142,19,19,20,76215,0.005,0.95,3810.75,11.896,4.249428012001562e-75,False,False,CL0221,,9.882694332058933e-75,True,True,GUCT,DD_DDX21-DDX50
PF06424,PF13428,8,20,8,76215,0.002,0.4,3810.75,11.896,4.462965998758331e-30,False,False,,CL0020,5.225777665986167e-30,True,True,PRP1_N,TPR_14
PF01368,PF02833,5,20,5,76215,0.001,0.25,3810.75,11.896,7.235686131823792e-19,False,False,CL0137,,7.76387583528081e-19,True,True,DHH,DHHA2
PF00408,PF21404,21,21,21,76215,0.006,1.0,3629.286,11.825,1.5370610754520163e-83,True,False,CL0407,CL0754,4.3578847719744434e-83,True,False,PGM_PMM_IV,AMG1_III
PF00408,PF21405,21,21,21,76215,0.006,1.0,3629.286,11.825,1.5370610754520163e-83,True,False,CL0407,CL0754,4.3578847719744434e-83,True,False,PGM_PMM_IV,AMG1_II
PF21404,PF21405,21,21,21,76215,0.006,1.0,3629.286,11.825,1.5370610754520163e-83,True,True,CL0754,CL0754,4.3578847719744434e-83,True,False,AMG1_III,AMG1_II
PF02810,PF10260,21,21,21,76215,0.006,1.0,3629.286,11.825,1.5370610754520163e-83,True,False,CL0821,,4.3578847719744434e-83,True,False,SEC-C,SAYSvFN
PF03345,PF23358,21,21,21,76215,0.006,1.0,3629.286,11.825,1.5370610754520163e-83,True,False,CL0014,CL0159,4.3578847719744434e-83,True,False,OST48_N,OST48_MD
PF00120,PF03951,21,21,21,76215,0.006,1.0,3629.286,11.825,1.5370610754520163e-83,True,False,CL0286,CL1002,4.3578847719744434e-83,True,False,Gln-synt_C,Gln-synt_N
PF10403,PF26946,21,21,21,76215,0.006,1.0,3629.286,11.825,1.5370610754520163e-83,True,False,CL0700,CL0070,4.3578847719744434e-83,True,False,BHD_1,ACT_11
PF03657,PF17833,21,21,21,76215,0.006,1.0,3629.286,11.825,1.5370610754520163e-83,True,False,CL0178,CL0668,4.3578847719744434e-83,True,False,UPF0113,pre-PUA_NIP7
PF19036,PF19037,21,21,21,76215,0.006,1.0,3629.286,11.825,1.5370610754520163e-83,True,True,CL0431,CL0431,4.3578847719744434e-83,True,False,Fuz_longin_1,Fuz_longin_2
PF07780,PF11861,21,21,21,76215,0.006,1.0,3629.286,11.825,1.5370610754520163e-83,True,False,,,4.3578847719744434e-83,True,False,Spb1_C,DUF3381
PF00044,PF02800,21,21,21,76215,0.006,1.0,3629.286,11.825,1.5370610754520163e-83,True,False,CL0063,CL0139,4.3578847719744434e-83,True,False,Gp_dh_N,Gp_dh_C
PF18098,PF22241,20,20,21,76215,0.006,0.9524,3629.286,11.825,1.171163686440664e-78,False,False,,CL0020,2.9356652670052405e-78,True,True,RPN5_C,PSMD12-CSN4_N
PF09358,PF16190,20,21,20,76215,0.006,0.9524,3629.286,11.825,1.171163686440664e-78,False,False,,CL0866,2.9356652670052405e-78,True,True,E1_UFD,E1_FCCH
PF09358,PF16191,20,21,20,76215,0.006,0.9524,3629.286,11.825,1.171163686440664e-78,False,False,,,2.9356652670052405e-78,True,True,E1_UFD,E1_4HB
PF17865,PF17867,20,20,21,76215,0.006,0.9524,3629.286,11.825,1.171163686440664e-78,False,True,CL0671,CL0671,2.9356652670052405e-78,True,False,AAA_lid_5,AAA_lid_7
PF08170,PF22770,19,20,20,76215,0.005,0.9048,3620.212,11.822,8.498750061574352e-74,False,False,,CL0740,1.8540500854789006e-73,True,True,POPLD,POP1_C
PF01902,PF28410,18,20,19,76215,0.005,0.8571,3610.184,11.818,3.0759633394853726e-69,False,False,CL0039,,5.955253831177563e-69,True,True,Diphthami_syn_2_N,Diphthami_syn_2_C
PF06148,PF12022,9,10,19,76215,0.002,0.45,3610.184,11.818,3.8647495454131066e-33,False,True,CL0020,CL0020,4.6181774362710684e-33,True,False,COG2_N,COG2_C
PF10447,PF14382,15,16,20,76215,0.004,0.7143,3572.578,11.803,1.9099772074862208e-56,False,False,CL0021,CL0105,2.8830563231646443e-56,True,True,EXOSC1,ECR1_N
PF12451,PF23356,13,20,14,76215,0.004,0.619,3538.554,11.789,2.3104876849449563e-48,False,False,,CL0020,3.177182883748105e-48,True,True,VPS11_C,TPR_PEP5_VPS11
PF17903,PF21800,22,22,22,76215,0.006,1.0,3464.318,11.758,4.4380585951576675e-87,True,True,CL0007,CL0007,1.3601661362487265e-86,True,False,KH_KRR1_1st,KH_KRR1_2nd
PF27570,PF27571,22,22,22,76215,0.006,1.0,3464.318,11.758,4.4380585951576675e-87,True,False,,,1.3601661362487265e-86,True,False,TOF-1-like_helical,PF3D7_0210200_7th
PF27570,PF27587,22,22,22,76215,0.006,1.0,3464.318,11.758,4.4380585951576675e-87,True,False,,,1.3601661362487265e-86,True,False,TOF-1-like_helical,PF3D7_0210200_HH
PF27570,PF27588,22,22,22,76215,0.006,1.0,3464.318,11.758,4.4380585951576675e-87,True,False,,,1.3601661362487265e-86,True,False,TOF-1-like_helical,PF3D7_0210200_6th
PF27571,PF27587,22,22,22,76215,0.006,1.0,3464.318,11.758,4.4380585951576675e-87,True,False,,,1.3601661362487265e-86,True,False,PF3D7_0210200_7th,PF3D7_0210200_HH
PF27571,PF27588,22,22,22,76215,0.006,1.0,3464.318,11.758,4.4380585951576675e-87,True,False,,,1.3601661362487265e-86,True,False,PF3D7_0210200_7th,PF3D7_0210200_6th
PF27587,PF27588,22,22,22,76215,0.006,1.0,3464.318,11.758,4.4380585951576675e-87,True,False,,,1.3601661362487265e-86,True,False,PF3D7_0210200_HH,PF3D7_0210200_6th
PF14630,PF21639,22,22,22,76215,0.006,1.0,3464.318,11.758,4.4380585951576675e-87,True,False,CL0123,CL0671,1.3601661362487265e-86,True,False,ORC5_C,ORC5_lid
PF08235,PF16876,22,22,22,76215,0.006,1.0,3464.318,11.758,4.4380585951576675e-87,True,False,CL0137,,1.3601661362487265e-86,True,False,LNS2,Lipin_mid
PF01266,PF16901,22,22,22,76215,0.006,1.0,3464.318,11.758,4.4380585951576675e-87,True,False,CL0063,CL0667,1.3601661362487265e-86,True,False,DAO,DAO_C
PF08920,PF22646,22,22,22,76215,0.006,1.0,3464.318,11.758,4.4380585951576675e-87,True,False,CL0462,CL0020,1.3601661362487265e-86,True,False,SF3b1,PPP2R1A-like_HEAT
PF04990,PF04992,22,22,22,76215,0.006,1.0,3464.318,11.758,4.4380585951576675e-87,True,False,,,1.3601661362487265e-86,True,False,RNA_pol_Rpb1_7,RNA_pol_Rpb1_6
PF08082,PF08083,22,22,22,76215,0.006,1.0,3464.318,11.758,4.4380585951576675e-87,True,False,,,1.3601661362487265e-86,True,False,PRO8NT,PROCN
PF08082,PF08084,22,22,22,76215,0.006,1.0,3464.318,11.758,4.4380585951576675e-87,True,False,,,1.3601661362487265e-86,True,False,PRO8NT,PROCT
PF08082,PF10596,22,22,22,76215,0.006,1.0,3464.318,11.758,4.4380585951576675e-87,True,False,,CL0363,1.3601661362487265e-86,True,False,PRO8NT,U6-snRNA_bdg
PF08082,PF10597,22,22,22,76215,0.006,1.0,3464.318,11.758,4.4380585951576675e-87,True,False,,,1.3601661362487265e-86,True,False,PRO8NT,U5_2-snRNA_bdg
PF08082,PF10598,22,22,22,76215,0.006,1.0,3464.318,11.758,4.4380585951576675e-87,True,False,,,1.3601661362487265e-86,True,False,PRO8NT,RRM_4
PF08082,PF12134,22,22,22,76215,0.006,1.0,3464.318,11.758,4.4380585951576675e-87,True,False,,CL0219,1.3601661362487265e-86,True,False,PRO8NT,PRP8_domainIV
PF08083,PF08084,22,22,22,76215,0.006,1.0,3464.318,11.758,4.4380585951576675e-87,True,False,,,1.3601661362487265e-86,True,False,PROCN,PROCT
PF08083,PF10596,22,22,22,76215,0.006,1.0,3464.318,11.758,4.4380585951576675e-87,True,False,,CL0363,1.3601661362487265e-86,True,False,PROCN,U6-snRNA_bdg
PF08083,PF10597,22,22,22,76215,0.006,1.0,3464.318,11.758,4.4380585951576675e-87,True,False,,,1.3601661362487265e-86,True,False,PROCN,U5_2-snRNA_bdg
PF08083,PF10598,22,22,22,76215,0.006,1.0,3464.318,11.758,4.4380585951576675e-87,True,False,,,1.3601661362487265e-86,True,False,PROCN,RRM_4
PF08083,PF12134,22,22,22,76215,0.006,1.0,3464.318,11.758,4.4380585951576675e-87,True,False,,CL0219,1.3601661362487265e-86,True,False,PROCN,PRP8_domainIV
PF08084,PF10596,22,22,22,76215,0.006,1.0,3464.318,11.758,4.4380585951576675e-87,True,False,,CL0363,1.3601661362487265e-86,True,False,PROCT,U6-snRNA_bdg
PF08084,PF10597,22,22,22,76215,0.006,1.0,3464.318,11.758,4.4380585951576675e-87,True,False,,,1.3601661362487265e-86,True,False,PROCT,U5_2-snRNA_bdg
PF08084,PF10598,22,22,22,76215,0.006,1.0,3464.318,11.758,4.4380585951576675e-87,True,False,,,1.3601661362487265e-86,True,False,PROCT,RRM_4
PF08084,PF12134,22,22,22,76215,0.006,1.0,3464.318,11.758,4.4380585951576675e-87,True,False,,CL0219,1.3601661362487265e-86,True,False,PROCT,PRP8_domainIV
PF10596,PF10597,22,22,22,76215,0.006,1.0,3464.318,11.758,4.4380585951576675e-87,True,False,CL0363,,1.3601661362487265e-86,True,False,U6-snRNA_bdg,U5_2-snRNA_bdg
PF10596,PF10598,22,22,22,76215,0.006,1.0,3464.318,11.758,4.4380585951576675e-87,True,False,CL0363,,1.3601661362487265e-86,True,False,U6-snRNA_bdg,RRM_4
PF10596,PF12134,22,22,22,76215,0.006,1.0,3464.318,11.758,4.4380585951576675e-87,True,False,CL0363,CL0219,1.3601661362487265e-86,True,False,U6-snRNA_bdg,PRP8_domainIV
PF10597,PF10598,22,22,22,76215,0.006,1.0,3464.318,11.758,4.4380585951576675e-87,True,False,,,1.3601661362487265e-86,True,False,U5_2-snRNA_bdg,RRM_4
PF10597,PF12134,22,22,22,76215,0.006,1.0,3464.318,11.758,4.4380585951576675e-87,True,False,,CL0219,1.3601661362487265e-86,True,False,U5_2-snRNA_bdg,PRP8_domainIV
PF10598,PF12134,22,22,22,76215,0.006,1.0,3464.318,11.758,4.4380585951576675e-87,True,False,,CL0219,1.3601661362487265e-86,True,False,RRM_4,PRP8_domainIV
PF01658,PF07994,22,22,22,76215,0.006,1.0,3464.318,11.758,4.4380585951576675e-87,True,False,CL0139,CL0063,1.3601661362487265e-86,True,False,Inos-1-P_synth,NAD_binding_5
PF05021,PF11543,22,22,22,76215,0.006,1.0,3464.318,11.758,4.4380585951576675e-87,True,False,CL0366,CL0072,1.3601661362487265e-86,True,False,NPL4,UN_NPL4
PF18808,PF18829,22,22,22,76215,0.006,1.0,3464.318,11.758,4.4380585951576675e-87,True,True,CL0020,CL0020,1.3601661362487265e-86,True,False,Importin_rep_4,Importin_rep_6
PF18808,PF25780,22,22,22,76215,0.006,1.0,3464.318,11.758,4.4380585951576675e-87,True,True,CL0020,CL0020,1.3601661362487265e-86,True,False,Importin_rep_4,TPR_IPO5
PF18829,PF25780,22,22,22,76215,0.006,1.0,3464.318,11.758,4.4380585951576675e-87,True,True,CL0020,CL0020,1.3601661362487265e-86,True,False,Importin_rep_6,TPR_IPO5
PF03439,PF23042,22,22,22,76215,0.006,1.0,3464.318,11.758,4.4380585951576675e-87,True,False,CL0439,CL0010,1.3601661362487265e-86,True,False,Spt5-NGN,KOW1_SPT5
PF06858,PF08155,22,22,22,76215,0.006,1.0,3464.318,11.758,4.4380585951576675e-87,True,False,CL0023,,1.3601661362487265e-86,True,False,NOG1,NOGCT
PF08740,PF25426,22,22,22,76215,0.006,1.0,3464.318,11.758,4.4380585951576675e-87,True,False,,CL0671,1.3601661362487265e-86,True,False,BCS1_N,AAA_lid_BCS1
PF00456,PF22613,22,22,22,76215,0.006,1.0,3464.318,11.758,4.4380585951576675e-87,True,False,CL0254,CL0591,1.3601661362487265e-86,True,False,Transketolase_N,Transketolase_C_1
PF12513,PF22527,22,22,22,76215,0.006,1.0,3464.318,11.758,4.4380585951576675e-87,True,False,CL0745,CL0023,1.3601661362487265e-86,True,False,SUV3_C,DEXQc_Suv3
PF04084,PF24882,22,22,22,76215,0.006,1.0,3464.318,11.758,4.4380585951576675e-87,True,False,CL0023,CL0123,1.3601661362487265e-86,True,False,RecA-like_ORC2,WHD_ORC2
PF00109,PF02801,22,22,22,76215,0.006,1.0,3464.318,11.758,4.4380585951576675e-87,True,True,CL0046,CL0046,1.3601661362487265e-86,True,False,ketoacyl-synt,Ketoacyl-synt_C
PF22912,PF23250,22,22,22,76215,0.006,1.0,3464.318,11.758,4.4380585951576675e-87,True,False,,,1.3601661362487265e-86,True,False,zf-DPOE,zf_DPOE_2
PF24631,PF24632,22,22,22,76215,0.006,1.0,3464.318,11.758,4.4380585951576675e-87,True,True,CL0159,CL0159,1.3601661362487265e-86,True,False,DUF7628,DUF7629
PF24631,PF24639,22,22,22,76215,0.006,1.0,3464.318,11.758,4.4380585951576675e-87,True,True,CL0159,CL0159,1.3601661362487265e-86,True,False,DUF7628,DUF7634
PF24631,PF24640,22,22,22,76215,0.006,1.0,3464.318,11.758,4.4380585951576675e-87,True,False,CL0159,CL0186,1.3601661362487265e-86,True,False,DUF7628,DUF7635
PF24632,PF24639,22,22,22,76215,0.006,1.0,3464.318,11.758,4.4380585951576675e-87,True,True,CL0159,CL0159,1.3601661362487265e-86,True,False,DUF7629,DUF7634
PF24632,PF24640,22,22,22,76215,0.006,1.0,3464.318,11.758,4.4380585951576675e-87,True,False,CL0159,CL0186,1.3601661362487265e-86,True,False,DUF7629,DUF7635
PF24639,PF24640,22,22,22,76215,0.006,1.0,3464.318,11.758,4.4380585951576675e-87,True,False,CL0159,CL0186,1.3601661362487265e-86,True,False,DUF7634,DUF7635
PF13242,PF13344,22,22,22,76215,0.006,1.0,3464.318,11.758,4.4380585951576675e-87,True,True,CL0137,CL0137,1.3601661362487265e-86,True,False,Hydrolase_like,Hydrolase_6
PF01749,PF16186,22,22,22,76215,0.006,1.0,3464.318,11.758,4.4380585951576675e-87,True,True,CL0020,CL0020,1.3601661362487265e-86,True,False,IBB,Arm_3
PF00438,PF02772,22,22,22,76215,0.006,1.0,3464.318,11.758,4.4380585951576675e-87,True,False,,,1.3601661362487265e-86,True,False,S-AdoMet_synt_N,S-AdoMet_synt_M
PF00438,PF02773,22,22,22,76215,0.006,1.0,3464.318,11.758,4.4380585951576675e-87,True,False,,,1.3601661362487265e-86,True,False,S-AdoMet_synt_N,S-AdoMet_synt_C
PF02772,PF02773,22,22,22,76215,0.006,1.0,3464.318,11.758,4.4380585951576675e-87,True,False,,,1.3601661362487265e-86,True,False,S-AdoMet_synt_M,S-AdoMet_synt_C
PF11931,PF12108,22,22,22,76215,0.006,1.0,3464.318,11.758,4.4380585951576675e-87,True,False,CL0361,,1.3601661362487265e-86,True,False,SF3a60_Prp9_C,SF3a60_bindingd
PF04263,PF04265,22,22,22,76215,0.006,1.0,3464.318,11.758,4.4380585951576675e-87,True,False,CL0948,,1.3601661362487265e-86,True,False,TPK_catalytic,TPK_B1_binding
PF00327,PF08079,22,22,22,76215,0.006,1.0,3464.318,11.758,4.4380585951576675e-87,True,False,,,1.3601661362487265e-86,True,False,Ribosomal_L30,Ribosomal_L30_N
PF05681,PF05683,22,22,22,76215,0.006,1.0,3464.318,11.758,4.4380585951576675e-87,True,False,,,1.3601661362487265e-86,True,False,Fumerase,Fumerase_C
PF09416,PF18141,22,22,22,76215,0.006,1.0,3464.318,11.758,4.4380585951576675e-87,True,False,CL0229,CL0866,1.3601661362487265e-86,True,False,UPF1_Zn_bind,UPF1_1B_dom
PF22941,PF25299,22,22,22,76215,0.006,1.0,3464.318,11.758,4.4380585951576675e-87,True,False,,CL0229,1.3601661362487265e-86,True,False,TADA2A-like_3rd,ZZ_ADA2
PF04551,PF26540,22,22,22,76215,0.006,1.0,3464.318,11.758,4.4380585951576675e-87,True,False,CL0036,,1.3601661362487265e-86,True,False,GcpE,GcpE_C
PF00186,PF00303,22,22,22,76215,0.006,1.0,3464.318,11.758,4.4380585951576675e-87,True,False,CL0387,,1.3601661362487265e-86,True,False,DHFR_1,Thymidylat_synt
PF01380,PF13522,22,22,22,76215,0.006,1.0,3464.318,11.758,4.4380585951576675e-87,True,False,CL0067,CL0052,1.3601661362487265e-86,True,False,SIS,GATase_6
PF08772,PF17146,22,22,22,76215,0.006,1.0,3464.318,11.758,4.4380585951576675e-87,True,False,CL0167,CL0280,1.3601661362487265e-86,True,False,Zn_ribbon_NOB1,PIN_6
PF05127,PF08351,22,22,22,76215,0.006,1.0,3464.318,11.758,4.4380585951576675e-87,True,True,CL0023,CL0023,1.3601661362487265e-86,True,False,NAT10_TcmA_helicase,TmcA_N
PF05127,PF13718,22,22,22,76215,0.006,1.0,3464.318,11.758,4.4380585951576675e-87,True,False,CL0023,CL0257,1.3601661362487265e-86,True,False,NAT10_TcmA_helicase,GNAT_acetyltr_2
PF05127,PF13725,22,22,22,76215,0.006,1.0,3464.318,11.758,4.4380585951576675e-87,True,False,CL0023,CL0123,1.3601661362487265e-86,True,False,NAT10_TcmA_helicase,tRNA_bind_2
PF08351,PF13718,22,22,22,76215,0.006,1.0,3464.318,11.758,4.4380585951576675e-87,True,False,CL0023,CL0257,1.3601661362487265e-86,True,False,TmcA_N,GNAT_acetyltr_2
PF08351,PF13725,22,22,22,76215,0.006,1.0,3464.318,11.758,4.4380585951576675e-87,True,False,CL0023,CL0123,1.3601661362487265e-86,True,False,TmcA_N,tRNA_bind_2
PF13718,PF13725,22,22,22,76215,0.006,1.0,3464.318,11.758,4.4380585951576675e-87,True,False,CL0257,CL0123,1.3601661362487265e-86,True,False,GNAT_acetyltr_2,tRNA_bind_2
PF00534,PF08288,22,22,22,76215,0.006,1.0,3464.318,11.758,4.4380585951576675e-87,True,True,CL0113,CL0113,1.3601661362487265e-86,True,False,Glycos_transf_1,PIGA
PF00890,PF02910,22,22,22,76215,0.006,1.0,3464.318,11.758,4.4380585951576675e-87,True,False,CL0063,,1.3601661362487265e-86,True,False,FAD_binding_2,Succ_DH_flav_C
PF01028,PF02919,22,22,22,76215,0.006,1.0,3464.318,11.758,4.4380585951576675e-87,True,False,CL0382,,1.3601661362487265e-86,True,False,Topoisom_I,Topoisom_I_N
PF01028,PF14370,22,22,22,76215,0.006,1.0,3464.318,11.758,4.4380585951576675e-87,True,False,CL0382,,1.3601661362487265e-86,True,False,Topoisom_I,Topo_C_assoc
PF02919,PF14370,22,22,22,76215,0.006,1.0,3464.318,11.758,4.4380585951576675e-87,True,False,,,1.3601661362487265e-86,True,False,Topoisom_I_N,Topo_C_assoc
PF08644,PF14826,22,22,22,76215,0.006,1.0,3464.318,11.758,4.4380585951576675e-87,True,False,CL0266,CL0356,1.3601661362487265e-86,True,False,SPT16,FACT-Spt16_Nlob
PF08644,PF24824,22,22,22,76215,0.006,1.0,3464.318,11.758,4.4380585951576675e-87,True,True,CL0266,CL0266,1.3601661362487265e-86,True,False,SPT16,PH_SPT16
PF14826,PF24824,22,22,22,76215,0.006,1.0,3464.318,11.758,4.4380585951576675e-87,True,False,CL0356,CL0266,1.3601661362487265e-86,True,False,FACT-Spt16_Nlob,PH_SPT16
PF00670,PF05221,22,22,22,76215,0.006,1.0,3464.318,11.758,4.4380585951576675e-87,True,True,CL0063,CL0063,1.3601661362487265e-86,True,False,AdoHcyase_NAD,AdoHcyase
PF00349,PF03727,22,22,22,76215,0.006,1.0,3464.318,11.758,4.4380585951576675e-87,True,True,CL0108,CL0108,1.3601661362487265e-86,True,False,Hexokinase_1,Hexokinase_2
PF02359,PF02933,22,22,22,76215,0.006,1.0,3464.318,11.758,4.4380585951576675e-87,True,False,CL0199,CL0402,1.3601661362487265e-86,True,False,CDC48_N,CDC48_2
PF04073,PF09180,22,22,22,76215,0.006,1.0,3464.318,11.758,4.4380585951576675e-87,True,False,,,1.3601661362487265e-86,True,False,tRNA_edit,ProRS-C_1
PF04926,PF04928,22,22,22,76215,0.006,1.0,3464.318,11.758,4.4380585951576675e-87,True,False,,,1.3601661362487265e-86,True,False,PAP_RNA-bind,PAP_central
PF04926,PF20750,22,22,22,76215,0.006,1.0,3464.318,11.758,4.4380585951576675e-87,True,False,,CL0260,1.3601661362487265e-86,True,False,PAP_RNA-bind,PAP_NTPase
PF04928,PF20750,22,22,22,76215,0.006,1.0,3464.318,11.758,4.4380585951576675e-87,True,False,,CL0260,1.3601661362487265e-86,True,False,PAP_central,PAP_NTPase
PF17767,PF17956,22,22,22,76215,0.006,1.0,3464.318,11.758,4.4380585951576675e-87,True,False,CL0105,,1.3601661362487265e-86,True,False,NAPRTase_N,NAPRTase_C
PF01287,PF21485,22,22,22,76215,0.006,1.0,3464.318,11.758,4.4380585951576675e-87,True,False,CL0021,CL0010,1.3601661362487265e-86,True,False,eIF-5a,IF5A-like_N
PF04446,PF14413,22,22,22,76215,0.006,1.0,3464.318,11.758,4.4380585951576675e-87,True,False,,,1.3601661362487265e-86,True,False,Thg1,Thg1C
PF23147,PF23152,22,22,22,76215,0.006,1.0,3464.318,11.758,4.4380585951576675e-87,True,False,,CL0070,1.3601661362487265e-86,True,False,GDH2_N,GDH_2nd
PF04840,PF04841,22,22,22,76215,0.006,1.0,3464.318,11.758,4.4380585951576675e-87,True,False,CL0020,CL0186,1.3601661362487265e-86,True,False,Vps16_C,Vps16_N
PF01068,PF04675,22,22,22,76215,0.006,1.0,3464.318,11.758,4.4380585951576675e-87,True,False,CL0179,,1.3601661362487265e-86,True,False,DNA_ligase_A_M,DNA_ligase_A_N
PF01068,PF04679,22,22,22,76215,0.006,1.0,3464.318,11.758,4.4380585951576675e-87,True,False,CL0179,CL0021,1.3601661362487265e-86,True,False,DNA_ligase_A_M,DNA_ligase_A_C
PF04675,PF04679,22,22,22,76215,0.006,1.0,3464.318,11.758,4.4380585951576675e-87,True,False,,CL0021,1.3601661362487265e-86,True,False,DNA_ligase_A_N,DNA_ligase_A_C
PF00551,PF02911,22,22,22,76215,0.006,1.0,3464.318,11.758,4.4380585951576675e-87,True,False,,,1.3601661362487265e-86,True,False,Formyl_trans_N,Formyl_trans_C
PF11940,PF17432,22,22,22,76215,0.006,1.0,3464.318,11.758,4.4380585951576675e-87,True,False,CL0159,CL0020,1.3601661362487265e-86,True,False,DUF3458,DUF3458_C
PF11940,PF17900,22,22,22,76215,0.006,1.0,3464.318,11.758,4.4380585951576675e-87,True,False,CL0159,CL0672,1.3601661362487265e-86,True,False,DUF3458,Peptidase_M1_N
PF17432,PF17900,22,22,22,76215,0.006,1.0,3464.318,11.758,4.4380585951576675e-87,True,False,CL0020,CL0672,1.3601661362487265e-86,True,False,DUF3458_C,Peptidase_M1_N
PF08375,PF25573,22,22,22,76215,0.006,1.0,3464.318,11.758,4.4380585951576675e-87,True,False,,CL0020,1.3601661362487265e-86,True,False,Rpn3_C,TPR_PSMD3_N
PF00330,PF00694,22,22,22,76215,0.006,1.0,3464.318,11.758,4.4380585951576675e-87,True,False,,CL0364,1.3601661362487265e-86,True,False,Aconitase,Aconitase_C
PF00344,PF10559,22,22,22,76215,0.006,1.0,3464.318,11.758,4.4380585951576675e-87,True,False,CL0376,,1.3601661362487265e-86,True,False,SecY,Plug_translocon
PF16399,PF21143,22,22,22,76215,0.006,1.0,3464.318,11.758,4.4380585951576675e-87,True,False,CL0020,CL0866,1.3601661362487265e-86,True,False,Aquarius_N_1st,Aquarius_N_2nd
PF05185,PF17285,22,22,22,76215,0.006,1.0,3464.318,11.758,4.4380585951576675e-87,True,False,CL0063,CL0036,1.3601661362487265e-86,True,False,PRMT5,PRMT5_TIM
PF05185,PF17286,22,22,22,76215,0.006,1.0,3464.318,11.758,4.4380585951576675e-87,True,False,CL0063,CL0799,1.3601661362487265e-86,True,False,PRMT5,PRMT5_C
PF17285,PF17286,22,22,22,76215,0.006,1.0,3464.318,11.758,4.4380585951576675e-87,True,False,CL0036,CL0799,1.3601661362487265e-86,True,False,PRMT5_TIM,PRMT5_C
PF08367,PF22516,22,22,22,76215,0.006,1.0,3464.318,11.758,4.4380585951576675e-87,True,True,CL0094,CL0094,1.3601661362487265e-86,True,False,M16C_assoc,PreP_C
PF00370,PF02782,22,22,22,76215,0.006,1.0,3464.318,11.758,4.4380585951576675e-87,True,True,CL0108,CL0108,1.3601661362487265e-86,True,False,FGGY_N,FGGY_C
PF01466,PF03931,22,22,22,76215,0.006,1.0,3464.318,11.758,4.4380585951576675e-87,True,False,,CL0033,1.3601661362487265e-86,True,False,Skp1,Skp1_POZ
PF00530,PF01477,22,22,22,76215,0.006,1.0,3464.318,11.758,4.4380585951576675e-87,True,False,CL0550,CL0321,1.3601661362487265e-86,True,False,SRCR,PLAT
PF08324,PF09070,22,22,22,76215,0.006,1.0,3464.318,11.758,4.4380585951576675e-87,True,False,CL0020,,1.3601661362487265e-86,True,False,PUL,PFU
PF01536,PF02784,22,22,22,76215,0.006,1.0,3464.318,11.758,4.4380585951576675e-87,True,False,,CL0036,1.3601661362487265e-86,True,False,SAM_decarbox,Orn_Arg_deC_N
PF08068,PF16198,22,22,22,76215,0.006,1.0,3464.318,11.758,4.4380585951576675e-87,True,True,CL0649,CL0649,1.3601661362487265e-86,True,False,DKCLD,TruB_C_2
PF00310,PF01493,22,22,22,76215,0.006,1.0,3464.318,11.758,4.4380585951576675e-87,True,False,CL0052,,1.3601661362487265e-86,True,False,GATase_2,GXGXG
PF00310,PF01645,22,22,22,76215,0.006,1.0,3464.318,11.758,4.4380585951576675e-87,True,False,CL0052,CL0036,1.3601661362487265e-86,True,False,GATase_2,Glu_synthase
PF00310,PF04898,22,22,22,76215,0.006,1.0,3464.318,11.758,4.4380585951576675e-87,True,False,CL0052,CL0036,1.3601661362487265e-86,True,False,GATase_2,Glu_syn_central
PF00310,PF14691,22,22,22,76215,0.006,1.0,3464.318,11.758,4.4380585951576675e-87,True,False,CL0052,CL0344,1.3601661362487265e-86,True,False,GATase_2,Fer4_20
PF01493,PF01645,22,22,22,76215,0.006,1.0,3464.318,11.758,4.4380585951576675e-87,True,False,,CL0036,1.3601661362487265e-86,True,False,GXGXG,Glu_synthase
PF01493,PF04898,22,22,22,76215,0.006,1.0,3464.318,11.758,4.4380585951576675e-87,True,False,,CL0036,1.3601661362487265e-86,True,False,GXGXG,Glu_syn_central
PF01493,PF14691,22,22,22,76215,0.006,1.0,3464.318,11.758,4.4380585951576675e-87,True,False,,CL0344,1.3601661362487265e-86,True,False,GXGXG,Fer4_20
PF01645,PF04898,22,22,22,76215,0.006,1.0,3464.318,11.758,4.4380585951576675e-87,True,True,CL0036,CL0036,1.3601661362487265e-86,True,False,Glu_synthase,Glu_syn_central
PF01645,PF14691,22,22,22,76215,0.006,1.0,3464.318,11.758,4.4380585951576675e-87,True,False,CL0036,CL0344,1.3601661362487265e-86,True,False,Glu_synthase,Fer4_20
PF04898,PF14691,22,22,22,76215,0.006,1.0,3464.318,11.758,4.4380585951576675e-87,True,False,CL0036,CL0344,1.3601661362487265e-86,True,False,Glu_syn_central,Fer4_20
PF00900,PF16121,22,22,22,76215,0.006,1.0,3464.318,11.758,4.4380585951576675e-87,True,False,CL0021,,1.3601661362487265e-86,True,False,Ribosomal_S4e,40S_S4_C
PF14204,PF17144,22,22,22,76215,0.006,1.0,3464.318,11.758,4.4380585951576675e-87,True,False,,CL0267,1.3601661362487265e-86,True,False,Ribosomal_L18_c,Ribosomal_L5e
PF01853,PF11717,22,22,22,76215,0.006,1.0,3464.318,11.758,4.4380585951576675e-87,True,False,CL0257,CL0010,1.3601661362487265e-86,True,False,MOZ_SAS,Tudor-knot
PF01853,PF17772,22,22,22,76215,0.006,1.0,3464.318,11.758,4.4380585951576675e-87,True,False,CL0257,CL0361,1.3601661362487265e-86,True,False,MOZ_SAS,zf-MYST
PF11717,PF17772,22,22,22,76215,0.006,1.0,3464.318,11.758,4.4380585951576675e-87,True,False,CL0010,CL0361,1.3601661362487265e-86,True,False,Tudor-knot,zf-MYST
PF06741,PF14438,22,22,22,76215,0.006,1.0,3464.318,11.758,4.4380585951576675e-87,True,False,,CL0986,1.3601661362487265e-86,True,False,LsmAD,SM-ATX
PF00317,PF02867,22,22,22,76215,0.006,1.0,3464.318,11.758,4.4380585951576675e-87,True,False,,CL0339,1.3601661362487265e-86,True,False,Ribonuc_red_lgN,Ribonuc_red_lgC
PF00317,PF03477,22,22,22,76215,0.006,1.0,3464.318,11.758,4.4380585951576675e-87,True,False,,,1.3601661362487265e-86,True,False,Ribonuc_red_lgN,ATP-cone
PF02867,PF03477,22,22,22,76215,0.006,1.0,3464.318,11.758,4.4380585951576675e-87,True,False,CL0339,,1.3601661362487265e-86,True,False,Ribonuc_red_lgC,ATP-cone
PF13380,PF13549,22,22,22,76215,0.006,1.0,3464.318,11.758,4.4380585951576675e-87,True,False,CL0063,CL0179,1.3601661362487265e-86,True,False,CoA_binding_2,ATP-grasp_5
PF13380,PF13607,22,22,22,76215,0.006,1.0,3464.318,11.758,4.4380585951576675e-87,True,False,CL0063,CL0506,1.3601661362487265e-86,True,False,CoA_binding_2,Succ_CoA_lig
PF13380,PF19045,22,22,22,76215,0.006,1.0,3464.318,11.758,4.4380585951576675e-87,True,False,CL0063,CL0506,1.3601661362487265e-86,True,False,CoA_binding_2,Ligase_CoA_2
PF13549,PF13607,22,22,22,76215,0.006,1.0,3464.318,11.758,4.4380585951576675e-87,True,False,CL0179,CL0506,1.3601661362487265e-86,True,False,ATP-grasp_5,Succ_CoA_lig
PF13549,PF19045,22,22,22,76215,0.006,1.0,3464.318,11.758,4.4380585951576675e-87,True,False,CL0179,CL0506,1.3601661362487265e-86,True,False,ATP-grasp_5,Ligase_CoA_2
PF13607,PF19045,22,22,22,76215,0.006,1.0,3464.318,11.758,4.4380585951576675e-87,True,True,CL0506,CL0506,1.3601661362487265e-86,True,False,Succ_CoA_lig,Ligase_CoA_2
PF03531,PF21103,22,22,22,76215,0.006,1.0,3464.318,11.758,4.4380585951576675e-87,True,True,CL0266,CL0266,1.3601661362487265e-86,True,False,SSrecog,PH1_SSRP1-like
PF04037,PF04046,22,22,22,76215,0.006,1.0,3464.318,11.758,4.4380585951576675e-87,True,False,,,1.3601661362487265e-86,True,False,DUF382,PSP
PF01321,PF16188,22,22,22,76215,0.006,1.0,3464.318,11.758,4.4380585951576675e-87,True,False,CL0356,,1.3601661362487265e-86,True,False,Creatinase_N,Peptidase_M24_C
PF01321,PF16189,22,22,22,76215,0.006,1.0,3464.318,11.758,4.4380585951576675e-87,True,True,CL0356,CL0356,1.3601661362487265e-86,True,False,Creatinase_N,Creatinase_N_2
PF16188,PF16189,22,22,22,76215,0.006,1.0,3464.318,11.758,4.4380585951576675e-87,True,False,,CL0356,1.3601661362487265e-86,True,False,Peptidase_M24_C,Creatinase_N_2
PF25172,PF25173,22,22,22,76215,0.006,1.0,3464.318,11.758,4.4380585951576675e-87,True,True,CL0186,CL0186,1.3601661362487265e-86,True,False,Beta-prop_WDR3_2nd,Beta-prop_WDR3_1st
PF00565,PF00567,22,22,22,76215,0.006,1.0,3464.318,11.758,4.4380585951576675e-87,True,True,CL0010,CL0010,1.3601661362487265e-86,True,False,SNase,TUDOR
PF01262,PF02233,22,22,22,76215,0.006,1.0,3464.318,11.758,4.4380585951576675e-87,True,True,CL0063,CL0063,1.3601661362487265e-86,True,False,AlaDh_PNT_C,PNTB
PF01262,PF05222,22,22,22,76215,0.006,1.0,3464.318,11.758,4.4380585951576675e-87,True,True,CL0063,CL0063,1.3601661362487265e-86,True,False,AlaDh_PNT_C,AlaDh_PNT_N
PF01262,PF12769,22,22,22,76215,0.006,1.0,3464.318,11.758,4.4380585951576675e-87,True,False,CL0063,,1.3601661362487265e-86,True,False,AlaDh_PNT_C,PNTB_4TM
PF02233,PF05222,22,22,22,76215,0.006,1.0,3464.318,11.758,4.4380585951576675e-87,True,True,CL0063,CL0063,1.3601661362487265e-86,True,False,PNTB,AlaDh_PNT_N
PF02233,PF12769,22,22,22,76215,0.006,1.0,3464.318,11.758,4.4380585951576675e-87,True,False,CL0063,,1.3601661362487265e-86,True,False,PNTB,PNTB_4TM
PF05222,PF12769,22,22,22,76215,0.006,1.0,3464.318,11.758,4.4380585951576675e-87,True,False,CL0063,,1.3601661362487265e-86,True,False,AlaDh_PNT_N,PNTB_4TM
PF05764,PF08265,22,22,22,76215,0.006,1.0,3464.318,11.758,4.4380585951576675e-87,True,False,,,1.3601661362487265e-86,True,False,YL1,YL1_C
PF08159,PF25121,22,22,22,76215,0.006,1.0,3464.318,11.758,4.4380585951576675e-87,True,False,,CL0221,1.3601661362487265e-86,True,False,NUC153,RRM_ESF1
PF04212,PF09336,22,22,22,76215,0.006,1.0,3464.318,11.758,4.4380585951576675e-87,True,False,CL0745,CL0671,1.3601661362487265e-86,True,False,MIT,Vps4_C
PF01300,PF03481,22,22,22,76215,0.006,1.0,3464.318,11.758,4.4380585951576675e-87,True,False,,CL0113,1.3601661362487265e-86,True,False,Sua5_yciO_yrdC,Sua5_C
PF13085,PF13534,22,22,22,76215,0.006,1.0,3464.318,11.758,4.4380585951576675e-87,True,False,CL0486,CL0344,1.3601661362487265e-86,True,False,Fer2_3,Fer4_17
PF00289,PF02785,22,22,22,76215,0.006,1.0,3464.318,11.758,4.4380585951576675e-87,True,False,CL0063,CL0105,1.3601661362487265e-86,True,False,Biotin_carb_N,Biotin_carb_C
PF00185,PF02729,22,22,22,76215,0.006,1.0,3464.318,11.758,4.4380585951576675e-87,True,False,CL0063,,1.3601661362487265e-86,True,False,OTCace,OTCace_N
PF03367,PF22794,22,22,22,76215,0.006,1.0,3464.318,11.758,4.4380585951576675e-87,True,False,CL0167,,1.3601661362487265e-86,True,False,Zn_ribbon_ZPR1,jr-ZPR1
PF01331,PF03919,22,22,22,76215,0.006,1.0,3464.318,11.758,4.4380585951576675e-87,True,False,CL0179,CL0021,1.3601661362487265e-86,True,False,mRNA_cap_enzyme,mRNA_cap_C
PF02670,PF08436,22,22,22,76215,0.006,1.0,3464.318,11.758,4.4380585951576675e-87,True,False,CL0063,CL0139,1.3601661362487265e-86,True,False,DXP_reductoisom,DXP_redisom_C
PF02670,PF13288,22,22,22,76215,0.006,1.0,3464.318,11.758,4.4380585951576675e-87,True,True,CL0063,CL0063,1.3601661362487265e-86,True,False,DXP_reductoisom,DXPR_C
PF08436,PF13288,22,22,22,76215,0.006,1.0,3464.318,11.758,4.4380585951576675e-87,True,False,CL0139,CL0063,1.3601661362487265e-86,True,False,DXP_redisom_C,DXPR_C
PF27570,PF27589,21,22,21,76215,0.006,0.9545,3464.318,11.758,3.381534365994436e-82,False,False,,,9.109685106967216e-82,True,True,TOF-1-like_helical,PF3D7_0210200_C
PF27571,PF27589,21,22,21,76215,0.006,0.9545,3464.318,11.758,3.381534365994436e-82,False,False,,,9.109685106967216e-82,True,True,PF3D7_0210200_7th,PF3D7_0210200_C
PF27586,PF27589,21,22,21,76215,0.006,0.9545,3464.318,11.758,3.381534365994436e-82,False,False,,,9.109685106967216e-82,True,True,PF3D7_0210200_N,PF3D7_0210200_C
PF27587,PF27589,21,22,21,76215,0.006,0.9545,3464.318,11.758,3.381534365994436e-82,False,False,,,9.109685106967216e-82,True,True,PF3D7_0210200_HH,PF3D7_0210200_C
PF27588,PF27589,21,22,21,76215,0.006,0.9545,3464.318,11.758,3.381534365994436e-82,False,False,,,9.109685106967216e-82,True,True,PF3D7_0210200_6th,PF3D7_0210200_C
PF08767,PF18787,21,22,21,76215,0.006,0.9545,3464.318,11.758,3.381534365994436e-82,False,True,CL0020,CL0020,9.109685106967216e-82,True,False,CRM1_C,CRM1_repeat_3
PF18784,PF18787,21,22,21,76215,0.006,0.9545,3464.318,11.758,3.381534365994436e-82,False,False,,CL0020,9.109685106967216e-82,True,True,CRM1_repeat_2,CRM1_repeat_3
PF02775,PF02776,21,22,21,76215,0.006,0.9545,3464.318,11.758,3.381534365994436e-82,False,True,CL0254,CL0254,9.109685106967216e-82,True,False,TPP_enzyme_C,TPP_enzyme_N
PF12246,PF12247,21,22,21,76215,0.006,0.9545,3464.318,11.758,3.381534365994436e-82,False,False,,,9.109685106967216e-82,True,True,MKT1_C,MKT1_N
PF01280,PF25476,21,22,21,76215,0.006,0.9545,3464.318,11.758,3.381534365994436e-82,False,False,,,9.109685106967216e-82,True,True,Ribosomal_L19e,Ribosomal_L19e_C
PF04676,PF04677,21,21,22,76215,0.006,0.9545,3464.318,11.758,3.381534365994436e-82,False,False,,CL0265,9.109685106967216e-82,True,True,CwfJ_C_2,CwfJ_C_1
PF01545,PF16916,21,22,21,76215,0.006,0.9545,3464.318,11.758,3.381534365994436e-82,False,False,,CL0232,9.109685106967216e-82,True,True,Cation_efflux,ZT_dimer
PF00586,PF02769,21,22,21,76215,0.006,0.9545,3464.318,11.758,3.381534365994436e-82,False,False,CL0804,,9.109685106967216e-82,True,True,AIRS,AIRS_C
PF04104,PF26466,21,22,21,76215,0.006,0.9545,3464.318,11.758,3.381534365994436e-82,False,False,CL0242,,9.109685106967216e-82,True,True,DNA_primase_lrg,DNA_primase_lrg_N
PF00278,PF01536,21,21,22,76215,0.006,0.9545,3464.318,11.758,3.381534365994436e-82,False,False,CL0866,,9.109685106967216e-82,True,True,Orn_DAP_Arg_deC,SAM_decarbox
PF00278,PF02784,21,21,22,76215,0.006,0.9545,3464.318,11.758,3.381534365994436e-82,False,False,CL0866,CL0036,9.109685106967216e-82,True,True,Orn_DAP_Arg_deC,Orn_Arg_deC_N
PF01233,PF02799,21,22,21,76215,0.006,0.9545,3464.318,11.758,3.381534365994436e-82,False,True,CL0257,CL0257,9.109685106967216e-82,True,False,NMT,NMT_C
PF03531,PF17292,21,22,21,76215,0.006,0.9545,3464.318,11.758,3.381534365994436e-82,False,True,CL0266,CL0266,9.109685106967216e-82,True,False,SSrecog,POB3_N
PF17292,PF21103,21,21,22,76215,0.006,0.9545,3464.318,11.758,3.381534365994436e-82,False,True,CL0266,CL0266,9.109685106967216e-82,True,False,POB3_N,PH1_SSRP1-like
PF08752,PF16381,21,22,21,76215,0.006,0.9545,3464.318,11.758,3.381534365994436e-82,False,False,CL0159,CL0545,9.109685106967216e-82,True,True,COP-gamma_platf,Coatomer_g_Cpla
PF01134,PF13932,21,22,21,76215,0.006,0.9545,3464.318,11.758,3.381534365994436e-82,False,False,CL0063,CL0003,9.109685106967216e-82,True,True,GIDA,SAM_GIDA_C
PF12340,PF12359,21,21,22,76215,0.006,0.9545,3464.318,11.758,3.381534365994436e-82,False,False,,,9.109685106967216e-82,True,True,DUF3638,DUF3645
PF00393,PF03446,21,22,21,76215,0.006,0.9545,3464.318,11.758,3.381534365994436e-82,False,False,CL0106,CL0063,9.109685106967216e-82,True,True,6PGD,NAD_binding_2
PF00281,PF00673,20,20,22,76215,0.006,0.9091,3464.318,11.758,1.2882800550847296e-77,False,False,CL0652,,3.1357813559457885e-77,True,True,Ribosomal_L5,Ribosomal_L5_C
PF11835,PF13893,20,22,20,76215,0.006,0.9091,3464.318,11.758,1.2882800550847296e-77,False,True,CL0221,CL0221,3.1357813559457885e-77,True,False,RRM_8,RRM_5
PF00900,PF08071,20,22,20,76215,0.006,0.9091,3464.318,11.758,1.2882800550847296e-77,False,False,CL0021,,3.1357813559457885e-77,True,True,Ribosomal_S4e,RS4NT
PF08071,PF16121,20,20,22,76215,0.006,0.9091,3464.318,11.758,1.2882800550847296e-77,False,False,,,3.1357813559457885e-77,True,True,RS4NT,40S_S4_C
PF00809,PF01288,19,22,19,76215,0.005,0.8636,3464.318,11.758,3.2720595692412025e-73,False,False,CL0036,,7.076997411187401e-73,True,True,Pterin_bind,HPPK
PF10263,PF22934,19,22,19,76215,0.005,0.8636,3464.318,11.758,3.2720595692412025e-73,False,False,CL0126,,7.076997411187401e-73,True,True,SprT-like,SPRTN_ZBD
PF00763,PF02882,18,22,18,76215,0.005,0.8182,3464.318,11.758,6.233028074936798e-69,False,False,CL0603,CL0063,1.1945322158802927e-68,True,True,THF_DHG_CYH,THF_DHG_CYH_C
PF10396,PF12631,18,22,18,76215,0.005,0.8182,3464.318,11.758,6.233028074936798e-69,False,False,CL0289,,1.1945322158802927e-68,True,True,TrmE_N,MnmE_helical
PF13517,PF23122,18,18,22,76215,0.005,0.8182,3464.318,11.758,6.233028074936798e-69,False,False,CL0186,CL0154,1.1945322158802927e-68,True,True,FG-GAP_3,C2_ITFG1
PF05088,PF23147,18,18,22,76215,0.005,0.8182,3464.318,11.758,6.233028074936798e-69,False,False,CL0063,,1.1945322158802927e-68,True,True,Bac_GDH_CD,GDH2_N
PF05088,PF23152,18,18,22,76215,0.005,0.8182,3464.318,11.758,6.233028074936798e-69,False,False,CL0063,CL0070,1.1945322158802927e-68,True,True,Bac_GDH_CD,GDH_2nd
PF12002,PF14532,17,22,17,76215,0.005,0.7727,3464.318,11.758,9.498885465080681e-65,False,False,CL0604,CL0023,1.6645037724689992e-64,True,True,MgsA_C,Sigma54_activ_2
PF03439,PF23291,17,22,17,76215,0.005,0.7727,3464.318,11.758,9.498885465080681e-65,False,False,CL0439,CL0010,1.6645037724689992e-64,True,True,Spt5-NGN,KOW4_SPT5
PF23042,PF23291,17,22,17,76215,0.005,0.7727,3464.318,11.758,9.498885465080681e-65,False,True,CL0010,CL0010,1.6645037724689992e-64,True,False,KOW1_SPT5,KOW4_SPT5
PF05020,PF05021,16,16,22,76215,0.005,0.7273,3464.318,11.758,1.2063426225894718e-60,False,False,,CL0366,1.9327013022227094e-60,True,True,zf-NPL4,NPL4
PF05020,PF11543,16,16,22,76215,0.005,0.7273,3464.318,11.758,1.2063426225894718e-60,False,False,,CL0072,1.9327013022227094e-60,True,True,zf-NPL4,UN_NPL4
PF04652,PF18097,16,22,16,76215,0.005,0.7273,3464.318,11.758,1.2063426225894718e-60,False,False,,,1.9327013022227094e-60,True,True,Vta1,Vta1_C
PF06732,PF16589,15,22,15,76215,0.004,0.6818,3464.318,11.758,1.313190112018825e-56,False,False,,CL0459,1.9842014267430152e-56,True,True,Pescadillo_N,BRCT_2
PF01485,PF22191,13,22,13,76215,0.004,0.5909,3464.318,11.758,1.059063859988413e-48,False,True,CL0229,CL0229,1.4643129534451665e-48,True,False,IBR,IBR_1
PF00919,PF01938,13,22,13,76215,0.004,0.5909,3464.318,11.758,1.059063859988413e-48,False,False,CL0304,CL0021,1.4643129534451665e-48,True,True,UPF0004,TRAM
PF17404,PF17406,13,22,13,76215,0.004,0.5909,3464.318,11.758,1.059063859988413e-48,False,False,,,1.4643129534451665e-48,True,True,Nrap_D3,Nrap_D5
PF02516,PF21436,12,22,12,76215,0.003,0.5455,3464.318,11.758,8.070384332269704e-45,False,False,CL0111,CL0801,1.06992660937446e-44,True,True,STT3,STT3-PglB_core
PF08514,PF21581,12,22,12,76215,0.003,0.5455,3464.318,11.758,8.070384332269704e-45,False,True,CL0020,CL0020,1.06992660937446e-44,True,False,STAG,SCD
PF01137,PF05189,12,22,12,76215,0.003,0.5455,3464.318,11.758,8.070384332269704e-45,False,False,CL0290,,1.06992660937446e-44,True,True,RTC,RTC_insert
PF03439,PF23284,11,22,11,76215,0.003,0.5,3464.318,11.758,5.590868796875279e-41,False,False,CL0439,CL0010,7.203893922101423e-41,True,True,Spt5-NGN,KOW2_Spt5
PF23042,PF23284,11,22,11,76215,0.003,0.5,3464.318,11.758,5.590868796875279e-41,False,True,CL0010,CL0010,7.203893922101423e-41,True,False,KOW1_SPT5,KOW2_Spt5
PF04106,PF20638,10,22,10,76215,0.003,0.4545,3464.318,11.758,3.5504346388823367e-37,False,True,CL0072,CL0072,4.37732739679793e-37,True,False,ATG5_UblB,ATG5_UblA
PF01276,PF03711,8,22,8,76215,0.002,0.3636,3464.318,11.758,1.1329067535309611e-29,False,False,CL0061,,1.320416339373268e-29,True,True,OKR_DC_1,OKR_DC_1_C
PF17814,PF23410,8,22,8,76215,0.002,0.3636,3464.318,11.758,1.1329067535309611e-29,False,False,CL0561,CL0186,1.320416339373268e-29,True,True,LisH_TPL,Beta-prop_VPS8
PF04990,PF05001,7,22,7,76215,0.002,0.3182,3464.318,11.758,5.755770524872498e-26,False,False,,,6.517753608569156e-26,True,True,RNA_pol_Rpb1_7,RNA_pol_Rpb1_R
PF04992,PF05001,7,22,7,76215,0.002,0.3182,3464.318,11.758,5.755770524872498e-26,False,False,,,6.517753608569156e-26,True,True,RNA_pol_Rpb1_6,RNA_pol_Rpb1_R
PF14633,PF14635,7,7,22,76215,0.002,0.3182,3464.318,11.758,5.755770524872498e-26,False,False,CL0541,CL0198,6.517753608569156e-26,True,True,SH2_2,HHH_7
PF00569,PF12936,7,7,22,76215,0.002,0.3182,3464.318,11.758,5.755770524872498e-26,False,False,CL0229,,6.517753608569156e-26,True,True,ZZ,Kri1_C
PF01485,PF22605,6,22,6,76215,0.002,0.2727,3464.318,11.758,2.7415094745625515e-22,False,True,CL0229,CL0229,3.0164573724474585e-22,True,False,IBR,IBR_2
PF00205,PF02775,6,6,22,76215,0.002,0.2727,3464.318,11.758,2.7415094745625515e-22,False,False,CL0063,CL0254,3.0164573724474585e-22,True,True,TPP_enzyme_M,TPP_enzyme_C
PF03962,PF18517,6,22,6,76215,0.002,0.2727,3464.318,11.758,2.7415094745625515e-22,False,False,CL0123,,3.0164573724474585e-22,True,True,Mnd1,LZ3wCH
PF02637,PF02934,5,5,22,76215,0.001,0.2273,3464.318,11.758,1.229002570920071e-18,False,False,CL0279,CL0286,1.3140606584554995e-18,True,True,GatB_Yqey,GatB_N
PF11919,PF16507,5,22,5,76215,0.001,0.2273,3464.318,11.758,1.229002570920071e-18,False,False,,CL0020,1.3140606584554995e-18,True,True,PSME4_C,HEAT_PSME4_mid
PF06278,PF16858,5,5,22,76215,0.001,0.2273,3464.318,11.758,1.229002570920071e-18,False,False,,CL0123,1.3140606584554995e-18,True,True,CNDH2_N,CNDH2_C
PF21038,PF21039,20,21,21,76215,0.006,0.9091,3456.463,11.755,2.4594130003038847e-77,False,False,CL0202,CL0361,5.967229619327054e-77,True,True,CEP104_N,CEP104_ZnF
PF05131,PF26148,20,21,21,76215,0.006,0.9091,3456.463,11.755,2.4594130003038847e-77,False,False,CL0186,CL0229,5.967229619327054e-77,True,True,Pep3_Vps18,VPS18_RING_C
PF02714,PF14703,19,21,20,76215,0.006,0.8636,3447.821,11.751,8.92357630410286e-73,False,False,CL0416,CL0221,1.9028583837199622e-72,True,True,RSN1_7TM,PHM7_cyt
PF06978,PF22770,18,20,20,76215,0.005,0.8182,3429.675,11.744,3.0758868507348196e-68,False,False,,CL0740,5.865104146111482e-68,True,True,POP1_N,POP1_C
PF01648,PF02130,17,18,21,76215,0.005,0.7727,3427.659,11.743,3.885715033028873e-64,False,False,CL0670,CL0126,6.692801547219241e-64,True,True,ACPS,YbeY
PF01367,PF02739,23,23,23,76215,0.007,1.0,3313.696,11.694,1.3396945610308871e-90,True,False,CL0464,CL0280,6.299060762114171e-90,True,False,5_3_exonuc,5_3_exonuc_N
PF00733,PF13537,23,23,23,76215,0.007,1.0,3313.696,11.694,1.3396945610308871e-90,True,False,CL0039,CL0052,6.299060762114171e-90,True,False,Asn_synthase,GATase_7
PF03199,PF03917,23,23,23,76215,0.007,1.0,3313.696,11.694,1.3396945610308871e-90,True,True,CL0063,CL0063,6.299060762114171e-90,True,False,GSH_synthase,GSH_synth_ATP
PF02787,PF25596,23,23,23,76215,0.007,1.0,3313.696,11.694,1.3396945610308871e-90,True,False,CL0123,CL0063,6.299060762114171e-90,True,False,CPSase_L_D3,CPSase_L_D1
PF22365,PF22366,23,23,23,76215,0.007,1.0,3313.696,11.694,1.3396945610308871e-90,True,False,,,6.299060762114171e-90,True,False,PfNDH2_hel_ins,NDH2_C
PF00113,PF03952,23,23,23,76215,0.007,1.0,3313.696,11.694,1.3396945610308871e-90,True,False,CL0036,CL0227,6.299060762114171e-90,True,False,Enolase_C,Enolase_N
PF01379,PF03900,23,23,23,76215,0.007,1.0,3313.696,11.694,1.3396945610308871e-90,True,False,CL0177,,6.299060762114171e-90,True,False,Porphobil_deam,Porphobil_deamC
PF10357,PF25095,23,23,23,76215,0.007,1.0,3313.696,11.694,1.3396945610308871e-90,True,False,CL0123,CL0361,6.299060762114171e-90,True,False,WH_KIN17,C2H2-zf_KIN17
PF15901,PF15902,23,23,23,76215,0.007,1.0,3313.696,11.694,1.3396945610308871e-90,True,False,,CL0186,6.299060762114171e-90,True,False,Sortilin_C,Sortilin-Vps10
PF00479,PF01182,23,23,23,76215,0.007,1.0,3313.696,11.694,1.3396945610308871e-90,True,True,CL0063,CL0063,6.299060762114171e-90,True,False,G6PD_N,Glucosamine_iso
PF00479,PF02781,23,23,23,76215,0.007,1.0,3313.696,11.694,1.3396945610308871e-90,True,False,CL0063,CL0139,6.299060762114171e-90,True,False,G6PD_N,G6PD_C
PF01182,PF02781,23,23,23,76215,0.007,1.0,3313.696,11.694,1.3396945610308871e-90,True,False,CL0063,CL0139,6.299060762114171e-90,True,False,Glucosamine_iso,G6PD_C
PF18004,PF21505,23,23,23,76215,0.007,1.0,3313.696,11.694,1.3396945610308871e-90,True,False,,CL0020,6.299060762114171e-90,True,False,RPN2_C,RPN2_N
PF00206,PF08328,23,23,23,76215,0.007,1.0,3313.696,11.694,1.3396945610308871e-90,True,False,,,6.299060762114171e-90,True,False,Lyase_1,ASL_C
PF04571,PF08235,22,23,22,76215,0.007,0.9565,3313.696,11.694,1.0207534768862636e-85,False,False,,CL0137,3.000817017486996e-85,True,True,Lipin_N,LNS2
PF04571,PF16876,22,23,22,76215,0.007,0.9565,3313.696,11.694,1.0207534768862636e-85,False,False,,,3.000817017486996e-85,True,True,Lipin_N,Lipin_mid
PF13193,PF16177,22,23,22,76215,0.007,0.9565,3313.696,11.694,1.0207534768862636e-85,False,False,CL0531,CL0378,3.000817017486996e-85,True,True,AMP-binding_C,ACAS_N
PF25304,PF26292,22,23,22,76215,0.007,0.9565,3313.696,11.694,1.0207534768862636e-85,False,False,CL0123,CL0178,3.000817017486996e-85,True,True,WHD_eIF2D,PUA_elF2D
PF20724,PF20725,22,22,23,76215,0.007,0.9565,3313.696,11.694,1.0207534768862636e-85,False,False,,,3.000817017486996e-85,True,True,DUF6831,DUF6832
PF03483,PF03484,22,22,23,76215,0.007,0.9565,3313.696,11.694,1.0207534768862636e-85,False,False,CL0383,CL0123,3.000817017486996e-85,True,True,B3_4,B5
PF03484,PF18262,22,23,22,76215,0.007,0.9565,3313.696,11.694,1.0207534768862636e-85,False,True,CL0123,CL0123,3.000817017486996e-85,True,False,B5,PhetRS_B1
PF01564,PF17284,22,22,23,76215,0.007,0.9565,3313.696,11.694,1.0207534768862636e-85,False,False,CL0063,,3.000817017486996e-85,True,True,Spermine_synth,Spermine_synt_N
PF00988,PF02787,22,22,23,76215,0.007,0.9565,3313.696,11.694,1.0207534768862636e-85,False,False,CL0364,CL0123,3.000817017486996e-85,True,True,CPSase_sm_chain,CPSase_L_D3
PF00988,PF25596,22,22,23,76215,0.007,0.9565,3313.696,11.694,1.0207534768862636e-85,False,False,CL0364,CL0063,3.000817017486996e-85,True,True,CPSase_sm_chain,CPSase_L_D1
PF02138,PF25400,22,23,22,76215,0.007,0.9565,3313.696,11.694,1.0207534768862636e-85,False,False,,CL0266,3.000817017486996e-85,True,True,Beach,PH_FAN
PF00289,PF01039,22,22,23,76215,0.007,0.9565,3313.696,11.694,1.0207534768862636e-85,False,False,CL0063,CL0127,3.000817017486996e-85,True,True,Biotin_carb_N,Carboxyl_trans
PF01039,PF02785,22,23,22,76215,0.007,0.9565,3313.696,11.694,1.0207534768862636e-85,False,False,CL0127,CL0105,3.000817017486996e-85,True,True,Carboxyl_trans,Biotin_carb_C
PF03224,PF11698,22,22,23,76215,0.007,0.9565,3313.696,11.694,1.0207534768862636e-85,False,True,CL0020,CL0020,3.000817017486996e-85,True,False,V-ATPase_H_N,V-ATPase_H_C
PF06862,PF22916,21,21,23,76215,0.006,0.913,3313.696,11.694,3.8887645208936e-81,False,False,,CL0023,1.0311014859252034e-80,True,True,Utp25_C,UTP25_NTPase-like
PF02142,PF02787,21,21,23,76215,0.006,0.913,3313.696,11.694,3.8887645208936e-81,False,False,,CL0123,1.0311014859252034e-80,True,True,MGS,CPSase_L_D3
PF02142,PF25596,21,21,23,76215,0.006,0.913,3313.696,11.694,3.8887645208936e-81,False,False,,CL0063,1.0311014859252034e-80,True,True,MGS,CPSase_L_D1
PF04056,PF07975,20,23,20,76215,0.006,0.8696,3313.696,11.694,9.876813755649597e-77,False,False,CL0128,CL0229,2.3811299404543774e-76,True,True,Ssl1,C1_4
PF09793,PF21166,16,23,16,76215,0.005,0.6957,3313.696,11.694,3.9636971885082643e-60,False,False,,CL0986,6.283808945970169e-60,True,True,AD,LSM12_LSM
PF00637,PF01394,14,23,14,76215,0.004,0.6087,3313.696,11.694,3.1965655468010685e-52,False,False,CL0020,CL0186,4.617939158260322e-52,True,True,Clathrin,Clathrin_propel
PF16078,PF16870,13,13,23,76215,0.004,0.5652,3313.696,11.694,2.43584687797335e-48,False,False,,CL0591,3.346526473005129e-48,True,True,2-oxogl_dehyd_N,OxoGdeHyase_C
PF25304,PF26291,12,23,12,76215,0.004,0.5217,3313.696,11.694,1.6874439967473016e-44,False,False,CL0123,CL0906,2.2293108299087388e-44,True,True,WHD_eIF2D,SWIB_eIF2D
PF04192,PF25168,7,23,7,76215,0.002,0.3043,3313.696,11.694,8.273920129504217e-26,False,False,,CL0186,9.341323695801182e-26,True,True,Utp21,Beta-prop_WDR36-Utp21_2nd
PF00648,PF01067,7,23,7,76215,0.002,0.3043,3313.696,11.694,8.273920129504217e-26,False,False,CL0125,CL0202,9.341323695801182e-26,True,True,Peptidase_C2,Calpain_III
PF02190,PF22667,6,23,6,76215,0.002,0.2609,3313.696,11.694,3.7091010538199235e-22,False,False,CL0178,CL0671,4.0722110192047603e-22,True,True,LON_substr_bdg,Lon_lid
PF10357,PF18131,5,23,5,76215,0.002,0.2174,3313.696,11.694,1.5703921739534234e-18,False,False,CL0123,CL0010,1.6767092745877877e-18,True,True,WH_KIN17,KN17_SH3
PF18131,PF25095,5,5,23,76215,0.002,0.2174,3313.696,11.694,1.5703921739534234e-18,False,False,CL0010,CL0361,1.6767092745877877e-18,True,True,KN17_SH3,C2H2-zf_KIN17
PF27570,PF27586,21,22,22,76215,0.006,0.913,3306.849,11.691,7.439282405957257e-81,False,False,,,1.9253117201058608e-80,True,True,TOF-1-like_helical,PF3D7_0210200_N
PF27571,PF27586,21,22,22,76215,0.006,0.913,3306.849,11.691,7.439282405957257e-81,False,False,,,1.9253117201058608e-80,True,True,PF3D7_0210200_7th,PF3D7_0210200_N
PF27586,PF27587,21,22,22,76215,0.006,0.913,3306.849,11.691,7.439282405957257e-81,False,False,,,1.9253117201058608e-80,True,True,PF3D7_0210200_N,PF3D7_0210200_HH
PF27586,PF27588,21,22,22,76215,0.006,0.913,3306.849,11.691,7.439282405957257e-81,False,False,,,1.9253117201058608e-80,True,True,PF3D7_0210200_N,PF3D7_0210200_6th
PF08767,PF18784,21,22,22,76215,0.006,0.913,3306.849,11.691,7.439282405957257e-81,False,False,CL0020,,1.9253117201058608e-80,True,True,CRM1_C,CRM1_repeat_2
PF18149,PF21188,21,22,22,76215,0.006,0.913,3306.849,11.691,7.439282405957257e-81,False,False,,,1.9253117201058608e-80,True,True,Helicase_PWI,BRR2_plug
PF00580,PF13361,21,22,22,76215,0.006,0.913,3306.849,11.691,7.439282405957257e-81,False,True,CL0023,CL0023,1.9253117201058608e-80,True,False,UvrD-helicase,UvrD_C
PF22634,PF22912,21,22,22,76215,0.006,0.913,3306.849,11.691,7.439282405957257e-81,False,False,CL0194,,1.9253117201058608e-80,True,True,POL2_thumb,zf-DPOE
PF22634,PF23250,21,22,22,76215,0.006,0.913,3306.849,11.691,7.439282405957257e-81,False,False,CL0194,,1.9253117201058608e-80,True,True,POL2_thumb,zf_DPOE_2
PF03483,PF18262,21,22,22,76215,0.006,0.913,3306.849,11.691,7.439282405957257e-81,False,False,CL0383,CL0123,1.9253117201058608e-80,True,True,B3_4,PhetRS_B1
PF09734,PF17682,21,22,22,76215,0.006,0.913,3306.849,11.691,7.439282405957257e-81,False,False,CL0123,,1.9253117201058608e-80,True,True,Tau95,Tau95_N
PF05282,PF20981,21,22,22,76215,0.006,0.913,3306.849,11.691,7.439282405957257e-81,False,False,CL0020,,1.9253117201058608e-80,True,True,AAR2,AAR2_1st
PF01172,PF09377,21,22,22,76215,0.006,0.913,3306.849,11.691,7.439282405957257e-81,False,False,,CL0437,1.9253117201058608e-80,True,True,SBDS_N,SBDS_domain_II
PF00328,PF18086,21,22,22,76215,0.006,0.913,3306.849,11.691,7.439282405957257e-81,False,False,CL0071,CL0063,1.9253117201058608e-80,True,True,His_Phos_2,PPIP5K2_N
PF24631,PF24635,20,22,21,76215,0.006,0.8696,3299.351,11.688,2.705320484990614e-76,False,False,CL0159,,6.429913994153515e-76,True,True,DUF7628,DUF7632
PF24632,PF24635,20,22,21,76215,0.006,0.8696,3299.351,11.688,2.705320484990614e-76,False,False,CL0159,,6.429913994153515e-76,True,True,DUF7629,DUF7632
PF24635,PF24639,20,21,22,76215,0.006,0.8696,3299.351,11.688,2.705320484990614e-76,False,False,,CL0159,6.429913994153515e-76,True,True,DUF7632,DUF7634
PF24635,PF24640,20,21,22,76215,0.006,0.8696,3299.351,11.688,2.705320484990614e-76,False,False,,CL0186,6.429913994153515e-76,True,True,DUF7632,DUF7635
PF00988,PF02142,20,22,21,76215,0.006,0.8696,3299.351,11.688,2.705320484990614e-76,False,False,CL0364,,6.429913994153515e-76,True,True,CPSase_sm_chain,MGS
PF01132,PF08207,10,21,11,76215,0.003,0.4545,3299.351,11.688,2.1299812398895587e-36,False,False,CL0021,CL0010,2.6132833040460227e-36,True,True,EFP,EFP_N
PF03343,PF19252,19,22,20,76215,0.006,0.8261,3291.102,11.684,6.543874365271938e-72,False,False,,,1.3684289763842146e-71,True,True,SART-1,HIND
PF08644,PF21091,19,22,20,76215,0.006,0.8261,3291.102,11.684,6.543874365271938e-72,False,False,CL0266,,1.3684289763842146e-71,True,True,SPT16,SPT16_C
PF14826,PF21091,19,22,20,76215,0.006,0.8261,3291.102,11.684,6.543874365271938e-72,False,False,CL0356,,1.3684289763842146e-71,True,True,FACT-Spt16_Nlob,SPT16_C
PF21091,PF24824,19,20,22,76215,0.006,0.8261,3291.102,11.684,6.543874365271938e-72,False,False,,CL0266,1.3684289763842146e-71,True,True,SPT16_C,PH_SPT16
PF06978,PF08170,17,20,20,76215,0.005,0.7391,3239.137,11.661,4.687238744324e-63,False,False,,,7.902538372947144e-63,True,True,POP1_N,POPLD
PF14632,PF14635,12,13,22,76215,0.004,0.5217,3197.832,11.643,1.0490228755318629e-43,False,False,,CL0198,1.3786637444055907e-43,True,True,SPT6_acidic,HHH_7
PF13625,PF16203,23,23,24,76215,0.007,0.9583,3175.625,11.633,3.21526694647413e-89,False,False,,CL0023,1.4841201698054367e-88,True,True,Helicase_C_3,ERCC3_RAD25_C
PF03807,PF14748,23,23,24,76215,0.007,0.9583,3175.625,11.633,3.21526694647413e-89,False,False,CL0063,CL0106,1.4841201698054367e-88,True,True,F420_oxidored,P5CR_dimer
PF00108,PF02803,23,24,23,76215,0.007,0.9583,3175.625,11.633,3.21526694647413e-89,False,True,CL0046,CL0046,1.4841201698054367e-88,True,False,Thiolase_N,Thiolase_C
PF02879,PF02880,22,22,24,76215,0.007,0.9167,3175.625,11.633,1.224904172263517e-84,False,True,CL0754,CL0754,3.5801253220211677e-84,True,False,PGM_PMM_II,PGM_PMM_III
PF08953,PF16300,20,20,24,76215,0.006,0.8333,3175.625,11.633,5.92608825338976e-76,False,True,CL0186,CL0186,1.4040841339017367e-75,True,False,DUF1899,WD40_4
PF10602,PF21154,19,24,19,76215,0.006,0.7917,3175.625,11.633,9.030884411105718e-72,False,False,CL0020,,1.8807096283925803e-71,True,True,RPN7,RPN7_PSMD6_C
PF08164,PF13339,14,16,21,76215,0.004,0.6087,3175.625,11.633,5.457231345917053e-51,False,False,,,7.787227387105013e-51,True,True,TRAUB,AATF-Che1
PF26291,PF26292,11,12,22,76215,0.003,0.4783,3175.625,11.633,6.708154813973785e-40,False,False,CL0906,CL0178,8.570587669498995e-40,True,True,SWIB_eIF2D,PUA_elF2D
PF03054,PF20258,5,20,6,76215,0.002,0.2381,3175.625,11.633,4.3406995987112734e-18,False,False,CL0039,CL0740,4.621532484141257e-18,True,True,tRNA_Me_trans,tRNA_Me_trans_C
PF17781,PF18051,22,23,23,76215,0.007,0.9167,3169.622,11.63,2.3477035235580656e-84,False,False,CL0020,,6.822309279591001e-84,True,True,RPN1_RPN2_N,RPN1_C
PF03484,PF17759,22,23,23,76215,0.007,0.9167,3169.622,11.63,2.3477035235580656e-84,False,False,CL0123,CL0040,6.822309279591001e-84,True,True,B5,tRNA_synthFbeta
PF07718,PF14806,22,23,23,76215,0.007,0.9167,3169.622,11.63,2.3477035235580656e-84,False,False,CL0159,CL0545,6.822309279591001e-84,True,True,Coatamer_beta_C,Coatomer_b_Cpla
PF11362,PF16740,21,23,22,76215,0.007,0.875,3163.073,11.627,8.555067587735773e-80,False,False,CL0123,,2.184211185131865e-79,True,True,DUF3161,SKA2
PF03483,PF17759,21,22,23,76215,0.007,0.875,3163.073,11.627,8.555067587735773e-80,False,False,CL0383,CL0040,2.184211185131865e-79,True,True,B3_4,tRNA_synthFbeta
PF17759,PF18262,21,23,22,76215,0.007,0.875,3163.073,11.627,8.555067587735773e-80,False,False,CL0040,CL0123,2.184211185131865e-79,True,True,tRNA_synthFbeta,PhetRS_B1
PF11916,PF12755,21,22,23,76215,0.007,0.875,3163.073,11.627,8.555067587735773e-80,False,False,,CL0020,2.184211185131865e-79,True,True,Vac14_Fig4_bd,Vac14_Fab1_bd
PF23025,PF23128,20,21,23,76215,0.006,0.8333,3155.901,11.624,2.0740531133959966e-75,False,True,CL0522,CL0522,4.868397540591533e-75,True,False,YbjQ_2,C2CD5_C
PF02190,PF05362,20,23,21,76215,0.006,0.8333,3155.901,11.624,2.0740531133959966e-75,False,False,CL0178,CL0329,4.868397540591533e-75,True,True,LON_substr_bdg,Lon_C
PF09732,PF10312,20,22,22,76215,0.006,0.8333,3149.38,11.621,2.975778140665613e-75,False,False,,,6.931274007642674e-75,True,True,CactinC_cactus,Cactin_mid
PF02207,PF18995,19,21,22,76215,0.006,0.7917,3134.383,11.614,6.870811078089464e-71,False,False,CL0782,,1.4000549087789298e-70,True,True,zf-UBR,PRT6_C
PF13374,PF13424,13,17,19,76215,0.004,0.5652,3067.477,11.583,1.3744553992776672e-46,False,True,CL0020,CL0020,1.8579691736664178e-46,True,False,TPR_10,TPR_12
PF00387,PF00388,25,25,25,76215,0.008,1.0,3048.6,11.574,1.3846627121897378e-97,True,True,CL0036,CL0036,7.082362656267781e-97,True,False,PI-PLC-Y,PI-PLC-X
PF01381,PF08523,22,25,22,76215,0.007,0.88,3048.6,11.574,1.0207534768862638e-83,False,False,CL0123,,2.9549154187491462e-83,True,True,HTH_3,MBF1
PF00483,PF25087,21,25,21,76215,0.007,0.84,3048.6,11.574,1.9443822604468e-79,False,False,CL0110,CL0536,4.9392529233497575e-79,True,True,NTP_transferase,GMPPB_C
PF03378,PF08506,11,23,12,76215,0.004,0.4583,3037.554,11.569,1.2857142044416711e-39,False,True,CL0020,CL0020,1.6371499625943568e-39,True,False,CAS_CSE1,Cse1
PF01170,PF25904,21,24,22,76215,0.007,0.84,3031.278,11.566,6.843968326896561e-79,False,False,CL0063,,1.7298444151788637e-78,True,True,UPF0020,Tmrp11_N
PF05362,PF22667,5,21,6,76215,0.002,0.2273,3024.405,11.562,5.697105916275031e-18,False,False,CL0329,CL0671,6.0571758126688185e-18,True,True,Lon_C,Lon_lid
PF00205,PF02776,5,6,21,76215,0.002,0.2273,3024.405,11.562,5.697105916275031e-18,False,False,CL0063,CL0254,6.0571758126688185e-18,True,True,TPP_enzyme_M,TPP_enzyme_N
PF00620,PF13716,22,22,26,76215,0.008,0.8462,2931.346,11.517,6.634897599760718e-83,False,False,CL0409,CL0512,1.8741110011264414e-82,True,True,RhoGAP,CRAL_TRIO_2
PF00940,PF14700,22,22,26,76215,0.008,0.8462,2931.346,11.517,6.634897599760718e-83,False,False,,,1.8741110011264414e-82,True,True,RNA_pol,RPOL_N
PF01406,PF09190,12,26,12,76215,0.004,0.4615,2931.346,11.517,1.2053171405337868e-43,False,False,CL0039,CL0258,1.5799568404919075e-43,True,True,tRNA-synt_1e,DALR_2
PF03849,PF18307,22,25,23,76215,0.008,0.8462,2916.052,11.51,2.347644576997378e-82,False,False,,,6.606568567981469e-82,True,True,Tfb2,Tfb2_C
PF01191,PF03871,21,23,24,76215,0.007,0.8077,2899.484,11.502,7.870267769000711e-78,False,False,,CL0236,1.928088252794025e-77,True,True,RNA_pol_Rpb5_C,RNA_pol_Rpb5_N
PF11262,PF16134,5,22,6,76215,0.002,0.2174,2886.932,11.495,7.372644670783147e-18,False,False,,,7.833111601098727e-18,True,True,Tho2,THOC2_N
PF00387,PF12814,14,25,15,76215,0.005,0.5385,2845.36,11.474,2.6150194383389975e-50,False,False,CL0036,CL0266,3.696675471190702e-50,True,True,PI-PLC-Y,Mcp5_PH
PF00388,PF12814,14,25,15,76215,0.005,0.5385,2845.36,11.474,2.6150194383389975e-50,False,False,CL0036,CL0266,3.696675471190702e-50,True,True,PI-PLC-X,Mcp5_PH
PF01588,PF21972,22,22,27,76215,0.008,0.8148,2822.778,11.463,3.58284470387079e-82,False,False,CL0021,CL0497,9.634861246288413e-82,True,True,tRNA_bind,Arc1p_N_like
PF05879,PF20428,8,24,9,76215,0.003,0.32,2822.778,11.463,2.3446793195570925e-28,False,False,CL0023,,2.7015559283176853e-28,True,True,RHD3_GTPase,Sey1_3HB
PF00043,PF00647,11,14,22,76215,0.004,0.44,2721.964,11.41,2.0342684944448645e-38,False,False,CL0497,,2.555919087626162e-38,True,True,GST_C,EF1G
PF02985,PF18808,20,27,22,76215,0.008,0.6897,2566.162,11.325,1.1438311512433308e-71,False,True,CL0020,CL0020,2.3722744698389078e-71,True,False,HEAT,Importin_rep_4
PF02985,PF18829,20,27,22,76215,0.008,0.6897,2566.162,11.325,1.1438311512433308e-71,False,True,CL0020,CL0020,2.3722744698389078e-71,True,False,HEAT,Importin_rep_6
PF02985,PF25780,20,27,22,76215,0.008,0.6897,2566.162,11.325,1.1438311512433308e-71,False,True,CL0020,CL0020,2.3722744698389078e-71,True,False,HEAT,TPR_IPO5
PF00189,PF07650,20,31,20,76215,0.008,0.6452,2458.548,11.264,4.722149551184053e-72,False,False,,CL0007,9.957290279237682e-72,True,True,Ribosomal_S3_C,KH_2
PF00514,PF01749,22,32,22,76215,0.009,0.6875,2381.719,11.218,2.8630910122487436e-79,False,True,CL0020,CL0020,7.248695305258525e-79,True,False,Arm,IBB
PF00514,PF16186,22,32,22,76215,0.009,0.6875,2381.719,11.218,2.8630910122487436e-79,False,True,CL0020,CL0020,7.248695305258525e-79,True,False,Arm,Arm_3
PF00515,PF13432,6,32,6,76215,0.003,0.1875,2381.719,11.218,3.3296261425928297e-21,False,True,CL0020,CL0020,3.626657539486003e-21,True,False,TPR_1,TPR_16
PF03485,PF05746,20,21,31,76215,0.009,0.625,2341.475,11.193,9.915150617757838e-71,False,False,,CL0258,2.0122705141133198e-70,True,True,Arg_tRNA_synt_N,DALR_1
PF00037,PF04068,22,22,33,76215,0.01,0.6667,2309.545,11.173,8.589273036746234e-79,False,True,CL0344,CL0344,2.1673598962722994e-78,True,False,Fer4,Fer4_RLI
PF13180,PF13365,11,11,33,76215,0.005,0.3333,2309.545,11.173,1.5338663526712524e-38,False,False,CL0466,CL0124,1.9287987192228208e-38,True,True,PDZ_2,Trypsin_2
PF00533,PF08519,24,34,24,76215,0.011,0.7059,2241.618,11.13,5.533546491687213e-86,False,False,CL0459,,1.6755578776828882e-85,True,True,BRCT,RFC1
PF16415,PF16417,18,28,22,76215,0.008,0.5625,2227.062,11.121,8.175604028822511e-62,False,True,CL0020,CL0020,1.3468840587200525e-61,True,False,CNOT1_CAF1_bind,CNOT1_TTP_bind
PF02656,PF03105,8,20,14,76215,0.004,0.3077,2177.571,11.089,1.3391035069258396e-26,False,False,,,1.5289613193708304e-26,True,True,DUF202,SPX
PF13405,PF21550,10,16,22,76215,0.005,0.3571,2165.199,11.08,2.8407467750415062e-33,False,True,CL0220,CL0220,3.399913531551653e-33,True,False,EF-hand_6,MTIP_N
PF13365,PF17815,13,33,14,76215,0.006,0.3824,2144.578,11.066,1.7080549497509072e-44,False,False,CL0124,CL0466,2.2545729676746937e-44,True,True,Trypsin_2,PDZ_3
PF05843,PF23240,20,21,35,76215,0.01,0.5556,2073.878,11.018,3.8031599007572646e-69,False,True,CL0020,CL0020,7.353747241055554e-69,True,False,Suf,HAT_PRP39_N
PF04419,PF12907,36,36,38,76215,0.018,0.9474,2005.658,10.97,4.6518382552043725e-132,False,False,,CL0361,3.1868249404431765e-131,True,True,SERF-like_N,zf-met2
PF14260,PF24055,22,22,38,76215,0.011,0.5789,2005.658,10.97,9.870230967514831e-77,False,False,,,2.3811299404543774e-76,True,True,zf-C4pol,POL3_N
PF01846,PF25432,22,38,22,76215,0.011,0.5789,2005.658,10.97,9.870230967514831e-77,False,True,CL0584,CL0584,2.3811299404543774e-76,True,False,FF,FF_PRPF40A
PF00651,PF01344,16,17,36,76215,0.008,0.4324,1992.549,10.96,2.0081157051217727e-54,False,False,CL0033,CL0186,2.98946625128256e-54,True,True,BTB,Kelch_1
PF07462,PF12946,22,22,39,76215,0.011,0.5641,1954.231,10.932,2.264347104312226e-76,False,False,,CL0001,5.4329976480645176e-76,True,True,MSP1_C,EGF_MSP1_1
PF13899,PF14555,10,12,33,76215,0.005,0.2857,1924.621,10.91,3.352345185126648e-33,False,False,CL0172,CL0214,4.009044715862358e-33,True,True,Thioredoxin_7,UBA_4
PF04851,PF13625,23,40,23,76215,0.012,0.575,1905.375,10.896,1.1887428526569247e-79,False,False,CL0023,,3.02480114104636e-79,True,True,ResIII,Helicase_C_3
PF11831,PF13921,22,22,40,76215,0.012,0.55,1905.375,10.896,5.031882454027169e-76,False,False,,CL0123,1.194086212444692e-75,True,True,Myb_Cef,Myb_DNA-bind_6
PF01883,PF06155,20,40,20,76215,0.01,0.5,1905.375,10.896,7.68765946932764e-69,False,False,CL0232,,1.4714432916007645e-68,True,True,FeS_assembly_P,GBBH-like_N
PF03464,PF03465,41,41,41,76215,0.022,1.0,1858.902,10.86,2.3197636053103033e-151,True,False,CL0267,CL0101,1.9955239195680676e-150,True,False,eRF1_2,eRF1_3
PF03463,PF03464,22,22,41,76215,0.012,0.5366,1858.902,10.86,1.0858272663953363e-75,False,True,CL0267,CL0267,2.5566757096773545e-75,True,False,eRF1_1,eRF1_2
PF03463,PF03465,22,22,41,76215,0.012,0.5366,1858.902,10.86,1.0858272663953363e-75,False,False,CL0267,CL0101,2.5566757096773545e-75,True,True,eRF1_1,eRF1_3
PF00366,PF16205,22,41,22,76215,0.012,0.5366,1858.902,10.86,1.0858272663953363e-75,False,False,CL0021,,2.5566757096773545e-75,True,True,Ribosomal_S17,Ribosomal_S17_N
PF13432,PF17830,6,6,41,76215,0.003,0.1463,1858.902,10.86,1.65211026273027e-20,False,False,CL0020,,1.7930429661459706e-20,True,True,TPR_16,STI1-HOP_DP
PF00651,PF24981,14,17,34,76215,0.008,0.3784,1846.038,10.85,3.69983122604013e-46,False,False,CL0033,CL0186,4.974728664498008e-46,True,True,BTB,Beta-prop_ATRN-LZTR1
PF01535,PF13812,16,37,18,76215,0.009,0.4103,1830.991,10.838,3.1834324690308116e-53,False,True,CL0020,CL0020,4.6793366583617955e-53,True,False,PPR,PPR_3
PF04851,PF16203,23,40,24,76215,0.013,0.561,1825.984,10.834,2.852372810604635e-78,False,True,CL0023,CL0023,7.138004025215566e-78,True,False,ResIII,ERCC3_RAD25_C
PF00382,PF07741,22,40,23,76215,0.012,0.5366,1822.533,10.832,1.1570714409986645e-74,False,False,CL0065,,2.587601420490366e-74,True,True,TFIIB,BRF1
PF01433,PF11940,22,42,22,76215,0.012,0.5238,1814.643,10.825,2.280237259430206e-75,False,False,CL0126,CL0159,5.327591374656376e-75,True,True,Peptidase_M1,DUF3458
PF01433,PF17432,22,42,22,76215,0.012,0.5238,1814.643,10.825,2.280237259430206e-75,False,False,CL0126,CL0020,5.327591374656376e-75,True,True,Peptidase_M1,DUF3458_C
PF01433,PF17900,22,42,22,76215,0.012,0.5238,1814.643,10.825,2.280237259430206e-75,False,False,CL0126,CL0672,5.327591374656376e-75,True,True,Peptidase_M1,Peptidase_M1_N
PF13414,PF13432,6,42,6,76215,0.003,0.1429,1814.643,10.825,1.9274619731853142e-20,False,True,CL0020,CL0020,2.0903849766494023e-20,True,False,TPR_11,TPR_16
PF06762,PF25179,39,40,41,76215,0.022,0.9286,1812.43,10.824,2.692112693268194e-140,False,False,CL0131,,2.0379293088040226e-139,True,True,LMF1,LMF1_C
PF24652,PF24656,38,39,41,76215,0.021,0.9048,1811.238,10.823,6.664919592636841e-136,False,False,CL0659,CL0125,4.715274889370176e-135,True,True,CEP76_C,CEPT76_peptidase
PF03950,PF20974,43,43,43,76215,0.024,1.0,1772.442,10.792,7.220273599698218e-158,True,True,CL0733,CL0733,6.832183893714439e-157,True,False,tRNA-synt_1c_C,tRNA-synt_1c_C2
PF00609,PF00781,42,43,42,76215,0.024,0.9767,1772.442,10.792,5.499899009098128e-153,False,False,CL0701,CL0240,4.813206416054663e-152,True,True,DAGK_acc,DAGK_cat
PF04406,PF21180,40,40,43,76215,0.023,0.9302,1772.442,10.792,5.318910578298821e-144,False,False,,CL0413,4.238331902918114e-143,True,True,TP6A_N,TOP6A-Spo11_Toprim
PF23220,PF23231,24,24,43,76215,0.014,0.5581,1772.442,10.792,3.3779564149662317e-82,False,True,CL0020,CL0020,9.109685106967216e-82,True,False,HAT_Syf1_M,HAT_Syf1_CNRKL1_C
PF17832,PF26292,22,43,22,76215,0.012,0.5116,1772.442,10.792,4.669057245499948e-75,False,False,CL0668,CL0178,1.075944089754478e-74,True,True,Pre-PUA,PUA_elF2D
PF01119,PF16413,22,43,22,76215,0.012,0.5116,1772.442,10.792,4.669057245499948e-75,False,False,CL0329,,1.075944089754478e-74,True,True,DNA_mis_repair,Mlh1_C
PF21884,PF23082,22,43,22,76215,0.012,0.5116,1772.442,10.792,4.669057245499948e-75,False,False,,CL0123,1.075944089754478e-74,True,True,ZUO1-like_ZHD,Myb_DNA-binding_2
PF06544,PF08572,22,43,22,76215,0.012,0.5116,1772.442,10.792,4.669057245499948e-75,False,False,CL0622,,1.075944089754478e-74,True,True,Prp3_C,PRP3
PF02881,PF02978,22,43,22,76215,0.012,0.5116,1772.442,10.792,4.669057245499948e-75,False,False,,CL0123,1.075944089754478e-74,True,True,SRP54_N,SRP_SPB
PF04000,PF09368,22,43,22,76215,0.012,0.5116,1772.442,10.792,4.669057245499948e-75,False,False,,,1.075944089754478e-74,True,True,Sas10_Utp3,Sas10
PF00542,PF16320,21,43,21,76215,0.012,0.4884,1772.442,10.792,1.6170643080164679e-71,False,False,,,3.3400209581677113e-71,True,True,Ribosomal_L12,Ribosomal_L12_N
PF02840,PF08799,21,21,43,76215,0.012,0.4884,1772.442,10.792,1.6170643080164679e-71,False,False,,CL0306,3.3400209581677113e-71,True,True,Prp18,PRP4
PF10557,PF26557,18,18,43,76215,0.01,0.4186,1772.442,10.792,5.183758068502838e-61,False,False,CL0123,,8.438935178186341e-61,True,True,Cullin_Nedd8,Cullin_AB
PF01778,PF04874,6,43,6,76215,0.003,0.1395,1772.442,10.792,2.2400233742423923e-20,False,False,,,2.427627336151025e-20,True,True,Ribosomal_L28e,Mak16
PF03464,PF26356,19,41,20,76215,0.011,0.4524,1765.957,10.786,1.0393912286805705e-63,False,False,CL0267,,1.768132944070094e-63,True,True,eRF1_2,Pelota_N
PF03465,PF26356,19,41,20,76215,0.011,0.4524,1765.957,10.786,1.0393912286805705e-63,False,False,CL0101,,1.768132944070094e-63,True,True,eRF1_3,Pelota_N
PF04561,PF04566,44,44,44,76215,0.025,1.0,1732.159,10.758,4.170719403281018e-161,True,False,,,4.2096461177116406e-160,True,False,RNA_pol_Rpb2_2,RNA_pol_Rpb2_4
PF13793,PF14572,44,44,44,76215,0.025,1.0,1732.159,10.758,4.170719403281018e-161,True,True,CL0533,CL0533,4.2096461177116406e-160,True,False,Pribosyltran_N,Pribosyl_synth
PF00298,PF03946,43,44,43,76215,0.025,0.9773,1732.159,10.758,3.1769203838672154e-156,False,False,,,2.9508327982668496e-155,True,True,Ribosomal_L11,Ribosomal_L11_N
PF01571,PF08669,43,44,43,76215,0.025,0.9773,1732.159,10.758,3.1769203838672154e-156,False,False,CL0289,CL0740,2.9508327982668496e-155,True,True,GCV_T,GCV_T_C
PF00448,PF02881,43,44,43,76215,0.025,0.9773,1732.159,10.758,3.1769203838672154e-156,False,False,CL0023,,2.9508327982668496e-155,True,True,SRP54,SRP54_N
PF02798,PF14497,33,44,33,76215,0.019,0.75,1732.159,10.758,5.237424416314302e-115,False,False,CL0172,CL0497,2.9368372467777233e-114,True,True,GST_N,GST_C_3
PF04053,PF23953,28,28,44,76215,0.016,0.6364,1732.159,10.758,2.5644914284461123e-96,False,False,CL0186,CL0020,1.302899336465575e-95,True,True,B-prop_COPA_B_2nd,TPR_COPA_B
PF04561,PF04567,22,44,22,76215,0.013,0.5,1732.159,10.758,9.338114490999895e-75,False,False,,,2.0914061152919884e-74,True,True,RNA_pol_Rpb2_2,RNA_pol_Rpb2_5
PF04566,PF04567,22,44,22,76215,0.013,0.5,1732.159,10.758,9.338114490999895e-75,False,False,,,2.0914061152919884e-74,True,True,RNA_pol_Rpb2_4,RNA_pol_Rpb2_5
PF15985,PF21266,22,44,22,76215,0.013,0.5,1732.159,10.758,9.338114490999895e-75,False,False,CL0007,CL0021,2.0914061152919884e-74,True,True,KH_6,S1_RRP4
PF06858,PF17835,22,22,44,76215,0.013,0.5,1732.159,10.758,9.338114490999895e-75,False,False,CL0023,CL0669,2.0914061152919884e-74,True,True,NOG1,NOG1_N
PF08155,PF17835,22,22,44,76215,0.013,0.5,1732.159,10.758,9.338114490999895e-75,False,False,,CL0669,2.0914061152919884e-74,True,True,NOGCT,NOG1_N
PF06957,PF23953,22,22,44,76215,0.013,0.5,1732.159,10.758,9.338114490999895e-75,False,True,CL0020,CL0020,2.0914061152919884e-74,True,False,COPI_C,TPR_COPA_B
PF04564,PF10408,22,44,22,76215,0.013,0.5,1732.159,10.758,9.338114490999895e-75,False,False,CL0229,CL0020,2.0914061152919884e-74,True,True,U-box,Ufd2P_core
PF00549,PF02629,22,44,22,76215,0.013,0.5,1732.159,10.758,9.338114490999895e-75,False,False,CL0506,CL0063,2.0914061152919884e-74,True,True,Ligase_CoA,CoA_binding
PF18590,PF18591,22,44,22,76215,0.013,0.5,1732.159,10.758,9.338114490999895e-75,False,False,,,2.0914061152919884e-74,True,True,IMP2_N,IMP2_C
PF01472,PF08068,22,44,22,76215,0.013,0.5,1732.159,10.758,9.338114490999895e-75,False,False,CL0178,CL0649,2.0914061152919884e-74,True,True,PUA,DKCLD
PF01472,PF16198,22,44,22,76215,0.013,0.5,1732.159,10.758,9.338114490999895e-75,False,False,CL0178,CL0649,2.0914061152919884e-74,True,True,PUA,TruB_C_2
PF01509,PF08068,22,44,22,76215,0.013,0.5,1732.159,10.758,9.338114490999895e-75,False,True,CL0649,CL0649,2.0914061152919884e-74,True,False,TruB_N,DKCLD
PF01509,PF16198,22,44,22,76215,0.013,0.5,1732.159,10.758,9.338114490999895e-75,False,True,CL0649,CL0649,2.0914061152919884e-74,True,False,TruB_N,TruB_C_2
PF00476,PF13481,22,44,22,76215,0.013,0.5,1732.159,10.758,9.338114490999895e-75,False,False,,CL0023,2.0914061152919884e-74,True,True,DNA_pol_A,AAA_25
PF00448,PF02978,22,44,22,76215,0.013,0.5,1732.159,10.758,9.338114490999895e-75,False,False,CL0023,CL0123,2.0914061152919884e-74,True,True,SRP54,SRP_SPB
PF00549,PF08442,22,44,22,76215,0.013,0.5,1732.159,10.758,9.338114490999895e-75,False,False,CL0506,CL0179,2.0914061152919884e-74,True,True,Ligase_CoA,ATP-grasp_2
PF03493,PF07885,22,22,44,76215,0.013,0.5,1732.159,10.758,9.338114490999895e-75,False,False,CL0582,CL0030,2.0914061152919884e-74,True,True,BK_channel_a,Ion_trans_2
PF15985,PF21262,22,44,22,76215,0.013,0.5,1732.159,10.758,9.338114490999895e-75,False,False,CL0007,CL0021,2.0914061152919884e-74,True,True,KH_6,RRP40_S1
PF00647,PF02798,22,22,44,76215,0.013,0.5,1732.159,10.758,9.338114490999895e-75,False,False,,CL0172,2.0914061152919884e-74,True,True,EF1G,GST_N
PF00448,PF04086,21,44,21,76215,0.012,0.4773,1732.159,10.758,3.093514328379331e-71,False,False,CL0023,CL0431,6.363560724410743e-71,True,True,SRP54,SRP-alpha_N
PF06155,PF10609,20,20,44,76215,0.012,0.4545,1732.159,10.758,9.821263510452629e-68,False,False,,CL0023,1.8540390217986634e-67,True,True,GBBH-like_N,ParA
PF01873,PF02020,17,44,17,76215,0.01,0.3864,1732.159,10.758,2.4757333164339452e-57,False,False,CL0123,CL0020,3.7784881462510006e-57,True,True,eIF-5_eIF-2B,W2
PF00276,PF03939,16,44,16,76215,0.009,0.3636,1732.159,10.758,6.737442963533934e-54,False,False,,,9.951696240771099e-54,True,True,Ribosomal_L23,Ribosomal_L23eN
PF02204,PF18151,10,44,10,76215,0.006,0.2273,1732.159,10.758,1.3623435407584335e-33,False,False,CL0785,,1.6330863980271327e-33,True,True,VPS9,DUF5601
PF08606,PF23381,6,22,12,76215,0.003,0.2143,1732.159,10.758,2.5304207897425673e-19,False,False,,CL0186,2.7209212185158003e-19,True,True,Prp19,Beta-prop_IFT122_1st
PF01171,PF16503,6,44,6,76215,0.003,0.1364,1732.159,10.758,2.5937112754385595e-20,False,False,CL0039,,2.808926231054349e-20,True,True,ATP_bind_3,zn-ribbon_14
PF01302,PF14560,24,43,25,76215,0.014,0.5455,1701.544,10.733,8.44286934440036e-81,False,False,CL0010,CL0072,2.1813147077512195e-80,True,True,CAP_GLY,Ubiquitin_2
PF17832,PF25304,22,43,23,76215,0.013,0.5,1695.379,10.727,1.0736000558843019e-73,False,False,CL0668,CL0123,2.3387488987177457e-73,True,True,Pre-PUA,WHD_eIF2D
PF04950,PF08142,45,45,45,76215,0.027,1.0,1693.667,10.726,2.4639609975928627e-164,True,True,CL0866,CL0866,2.5727151381762716e-163,True,False,RIBIOP_C,AARP2CN
PF07521,PF10996,45,45,45,76215,0.027,1.0,1693.667,10.726,2.4639609975928627e-164,True,False,CL0398,CL0023,2.5727151381762716e-163,True,False,RMMBL,Beta-Casp
PF08646,PF16900,44,45,44,76215,0.026,0.9778,1693.667,10.726,1.8768237314764588e-159,False,True,CL0021,CL0021,1.8214814932406144e-158,True,False,Rep_fac-A_C,REPA_OB_2
PF00224,PF02887,44,45,44,76215,0.026,0.9778,1693.667,10.726,1.8768237314764588e-159,False,False,CL0036,CL0947,1.8214814932406144e-158,True,True,PK,PK_C
PF01031,PF02212,44,45,44,76215,0.026,0.9778,1693.667,10.726,1.8768237314764588e-159,False,False,,,1.8214814932406144e-158,True,True,Dynamin_M,GED
PF00705,PF02747,44,45,44,76215,0.026,0.9778,1693.667,10.726,1.8768237314764588e-159,False,True,CL0060,CL0060,1.8214814932406144e-158,True,False,PCNA_N,PCNA_C
PF00888,PF26557,43,45,43,76215,0.025,0.9556,1693.667,10.726,7.1480708637012415e-155,False,False,CL0020,,6.480346878828551e-154,True,True,Cullin,Cullin_AB
PF05670,PF05833,32,45,32,76215,0.019,0.7111,1693.667,10.726,1.1509693393502093e-110,False,False,CL0684,CL0303,6.290857688722804e-110,True,True,NFACT-R_1,NFACT_N
PF00750,PF05746,31,45,31,76215,0.018,0.6889,1693.667,10.726,6.263246296361169e-107,False,False,CL0039,CL0258,3.398765194512835e-106,True,True,tRNA-synt_1d,DALR_1
PF23220,PF23233,24,24,45,76215,0.014,0.5333,1693.667,10.726,1.5924651670555097e-81,False,True,CL0020,CL0020,4.259703644738589e-81,True,False,HAT_Syf1_M,HAT_Syf1_CNRKL1_N
PF02878,PF02880,24,45,24,76215,0.014,0.5333,1693.667,10.726,1.5924651670555097e-81,False,True,CL0754,CL0754,4.259703644738589e-81,True,False,PGM_PMM_I,PGM_PMM_III
PF02786,PF02787,23,45,23,76215,0.014,0.5111,1693.667,10.726,5.515141182195151e-78,False,False,CL0179,CL0123,1.3533101701529106e-77,True,True,CPSase_L_D2,CPSase_L_D3
PF02786,PF25596,23,45,23,76215,0.014,0.5111,1693.667,10.726,5.515141182195151e-78,False,False,CL0179,CL0063,1.3533101701529106e-77,True,True,CPSase_L_D2,CPSase_L_D1
PF07521,PF11718,23,45,23,76215,0.014,0.5111,1693.667,10.726,5.515141182195151e-78,False,False,CL0398,,1.3533101701529106e-77,True,True,RMMBL,CPSF73-100_C
PF10996,PF11718,23,45,23,76215,0.014,0.5111,1693.667,10.726,5.515141182195151e-78,False,False,CL0023,,1.3533101701529106e-77,True,True,Beta-Casp,CPSF73-100_C
PF00204,PF16898,23,45,23,76215,0.014,0.5111,1693.667,10.726,5.515141182195151e-78,False,False,CL0329,,1.3533101701529106e-77,True,True,DNA_gyraseB,TOPRIM_C
PF00521,PF16898,23,45,23,76215,0.014,0.5111,1693.667,10.726,5.515141182195151e-78,False,False,,,1.3533101701529106e-77,True,True,DNA_topoisoIV,TOPRIM_C
PF01851,PF18004,23,45,23,76215,0.014,0.5111,1693.667,10.726,5.515141182195151e-78,False,False,CL0020,,1.3533101701529106e-77,True,True,PC_rep,RPN2_C
PF01851,PF21505,23,45,23,76215,0.014,0.5111,1693.667,10.726,5.515141182195151e-78,False,True,CL0020,CL0020,1.3533101701529106e-77,True,False,PC_rep,RPN2_N
PF13646,PF18004,23,45,23,76215,0.014,0.5111,1693.667,10.726,5.515141182195151e-78,False,False,CL0020,,1.3533101701529106e-77,True,True,HEAT_2,RPN2_C
PF13646,PF21505,23,45,23,76215,0.014,0.5111,1693.667,10.726,5.515141182195151e-78,False,True,CL0020,CL0020,1.3533101701529106e-77,True,False,HEAT_2,RPN2_N
PF08389,PF18784,22,45,22,76215,0.013,0.4889,1693.667,10.726,1.8270224004130217e-74,False,False,CL0020,,4.008857846703355e-74,True,True,Xpo1,CRM1_repeat_2
PF16573,PF16575,22,22,45,76215,0.013,0.4889,1693.667,10.726,1.8270224004130217e-74,False,False,,CL0023,4.008857846703355e-74,True,True,CLP1_N,CLP1_P
PF08512,PF08644,22,45,22,76215,0.013,0.4889,1693.667,10.726,1.8270224004130217e-74,False,True,CL0266,CL0266,4.008857846703355e-74,True,False,Rttp106-like_middle,SPT16
PF08512,PF14826,22,45,22,76215,0.013,0.4889,1693.667,10.726,1.8270224004130217e-74,False,False,CL0266,CL0356,4.008857846703355e-74,True,True,Rttp106-like_middle,FACT-Spt16_Nlob
PF08512,PF24824,22,45,22,76215,0.013,0.4889,1693.667,10.726,1.8270224004130217e-74,False,True,CL0266,CL0266,4.008857846703355e-74,True,False,Rttp106-like_middle,PH_SPT16
PF00204,PF00986,22,45,22,76215,0.013,0.4889,1693.667,10.726,1.8270224004130217e-74,False,False,CL0329,,4.008857846703355e-74,True,True,DNA_gyraseB,DNA_gyraseB_C
PF00988,PF02786,22,22,45,76215,0.013,0.4889,1693.667,10.726,1.8270224004130217e-74,False,False,CL0364,CL0179,4.008857846703355e-74,True,True,CPSase_sm_chain,CPSase_L_D2
PF01411,PF07973,22,22,45,76215,0.013,0.4889,1693.667,10.726,1.8270224004130217e-74,False,False,CL0040,CL0094,4.008857846703355e-74,True,True,tRNA-synt_2c,tRNA_SAD
PF02878,PF02879,22,45,22,76215,0.013,0.4889,1693.667,10.726,1.8270224004130217e-74,False,True,CL0754,CL0754,4.008857846703355e-74,True,False,PGM_PMM_I,PGM_PMM_II
PF03531,PF08512,22,22,45,76215,0.013,0.4889,1693.667,10.726,1.8270224004130217e-74,False,True,CL0266,CL0266,4.008857846703355e-74,True,False,SSrecog,Rttp106-like_middle
PF08512,PF21103,22,45,22,76215,0.013,0.4889,1693.667,10.726,1.8270224004130217e-74,False,True,CL0266,CL0266,4.008857846703355e-74,True,False,Rttp106-like_middle,PH1_SSRP1-like
PF00289,PF02786,22,22,45,76215,0.013,0.4889,1693.667,10.726,1.8270224004130217e-74,False,False,CL0063,CL0179,4.008857846703355e-74,True,True,Biotin_carb_N,CPSase_L_D2
PF02785,PF02786,22,22,45,76215,0.013,0.4889,1693.667,10.726,1.8270224004130217e-74,False,False,CL0105,CL0179,4.008857846703355e-74,True,True,Biotin_carb_C,CPSase_L_D2
PF08389,PF18787,21,45,21,76215,0.012,0.4667,1693.667,10.726,5.800339365711244e-71,False,True,CL0020,CL0020,1.1835193800117011e-70,True,False,Xpo1,CRM1_repeat_3
PF08148,PF13234,21,45,21,76215,0.012,0.4667,1693.667,10.726,5.800339365711244e-71,False,False,,CL0010,1.1835193800117011e-70,True,True,DSHCT,MTR4_beta-barrel
PF02142,PF02786,21,21,45,76215,0.012,0.4667,1693.667,10.726,5.800339365711244e-71,False,False,,CL0179,1.1835193800117011e-70,True,True,MGS,CPSase_L_D2
PF08512,PF17292,21,45,21,76215,0.012,0.4667,1693.667,10.726,5.800339365711244e-71,False,True,CL0266,CL0266,1.1835193800117011e-70,True,False,Rttp106-like_middle,POB3_N
PF00750,PF03485,21,45,21,76215,0.012,0.4667,1693.667,10.726,5.800339365711244e-71,False,False,CL0039,,1.1835193800117011e-70,True,True,tRNA-synt_1d,Arg_tRNA_synt_N
PF04950,PF22298,20,45,20,76215,0.012,0.4444,1693.667,10.726,1.767827431881473e-67,False,False,CL0866,CL0023,3.2961708520548646e-67,True,True,RIBIOP_C,Tsr1_G-like
PF08142,PF22298,20,45,20,76215,0.012,0.4444,1693.667,10.726,1.767827431881473e-67,False,False,CL0866,CL0023,3.2961708520548646e-67,True,True,AARP2CN,Tsr1_G-like
PF00888,PF10557,18,45,18,76215,0.011,0.4,1693.667,10.726,1.4620856090649038e-60,False,False,CL0020,CL0123,2.3374842789062983e-60,True,True,Cullin,Cullin_Nedd8
PF14327,PF15861,16,16,45,76215,0.009,0.3556,1693.667,10.726,1.0454652874449211e-53,False,False,,,1.5412214656198741e-53,True,True,CSTF2_hinge,partial_CstF
PF00652,PF00754,9,9,45,76215,0.005,0.2,1693.667,10.726,3.7078125666799e-30,False,False,CL0066,CL0202,4.344913487580006e-30,True,True,Ricin_B_lectin,F5_F8_type_C
PF03130,PF13646,5,5,45,76215,0.003,0.1111,1693.667,10.726,5.70192508561075e-17,False,True,CL0020,CL0020,6.041087879366463e-17,True,False,HEAT_PBS,HEAT_2
PF01210,PF07479,43,44,44,76215,0.025,0.9556,1692.792,10.725,1.397827034808141e-154,False,False,CL0063,CL0106,1.25970841113067e-153,True,True,NAD_Gly3P_dh_N,NAD_Gly3P_dh_C
PF01119,PF08676,20,43,21,76215,0.012,0.4545,1688.04,10.721,1.1246576801538794e-66,False,False,CL0329,,2.0589259102212494e-66,True,True,DNA_mis_repair,MutL_C
PF02881,PF04086,20,43,21,76215,0.012,0.4545,1688.04,10.721,1.1246576801538794e-66,False,False,,CL0431,2.0589259102212494e-66,True,True,SRP54_N,SRP-alpha_N
PF12842,PF16415,27,44,28,76215,0.016,0.6,1670.296,10.706,3.2173883182629475e-91,False,False,,CL0020,1.5815343876136696e-90,True,True,DUF3819,CNOT1_CAF1_bind
PF00307,PF03271,17,37,21,76215,0.01,0.4146,1667.51,10.703,3.43030725631207e-55,False,False,CL0188,,5.1319023577633135e-55,True,True,CH,EB1
PF00689,PF00690,43,46,43,76215,0.026,0.9348,1656.848,10.694,1.0960375324341901e-153,False,False,,,9.647679209914906e-153,True,True,Cation_ATPase_C,Cation_ATPase_N
PF12763,PF18150,22,46,22,76215,0.013,0.4783,1656.848,10.694,3.5017929341249603e-74,False,False,CL0220,,7.650381677150346e-74,True,True,EH,DUF5600
PF18149,PF23445,22,22,46,76215,0.013,0.4783,1656.848,10.694,3.5017929341249603e-74,False,False,,CL0123,7.650381677150346e-74,True,True,Helicase_PWI,WHD_SNRNP200
PF01805,PF12230,22,46,22,76215,0.013,0.4783,1656.848,10.694,3.5017929341249603e-74,False,False,,,7.650381677150346e-74,True,True,Surp,PRP21_like_P
PF00081,PF02777,42,43,45,76215,0.025,0.913,1654.279,10.692,7.804056474933962e-149,False,False,,,6.63783230508428e-148,True,True,Sod_Fe_N,Sod_Fe_C
PF00382,PF08271,26,40,30,76215,0.016,0.5909,1651.325,10.689,3.0030284346123614e-86,False,False,CL0065,CL0167,9.148058450710494e-86,True,True,TFIIB,Zn_Ribbon_TF
PF01504,PF13833,11,32,16,76215,0.007,0.2973,1637.432,10.677,4.460979957478086e-35,False,False,CL0016,CL0220,5.416137654869143e-35,True,True,PIP5K,EF-hand_8
PF12430,PF12537,18,42,20,76215,0.011,0.4091,1633.179,10.673,5.72282749684337e-59,False,False,,,8.895647669631277e-59,True,True,ABA_GPCR,GPHR_N
PF01590,PF10507,26,27,45,76215,0.016,0.5652,1630.938,10.671,3.1101192640956407e-87,False,False,CL0161,,1.3601661362487265e-86,True,True,GAF,TMEM65
PF17832,PF26291,11,43,12,76215,0.007,0.25,1624.738,10.666,5.468363680373055e-36,False,False,CL0668,CL0906,6.671315561712171e-36,True,True,Pre-PUA,SWIB_eIF2D
PF02824,PF16897,45,46,46,76215,0.028,0.9574,1620.829,10.663,5.2136745101704405e-161,False,False,CL0072,,5.2274855684755277e-160,True,True,TGS,MMR_HSR1_Xtn
PF01851,PF17781,22,45,23,76215,0.014,0.4783,1620.029,10.662,4.200938189889869e-73,False,True,CL0020,CL0020,9.0601430477112e-73,True,False,PC_rep,RPN1_RPN2_N
PF01039,PF02786,22,23,45,76215,0.014,0.4783,1620.029,10.662,4.200938189889869e-73,False,False,CL0127,CL0179,9.0601430477112e-73,True,True,Carboxyl_trans,CPSase_L_D2
PF08389,PF08767,21,45,22,76215,0.013,0.4565,1616.682,10.659,1.2756909857523868e-69,False,True,CL0020,CL0020,2.5181175390210087e-69,True,False,Xpo1,CRM1_C
PF01428,PF01754,21,45,22,76215,0.013,0.4565,1616.682,10.659,1.2756909857523868e-69,False,False,CL0229,CL0839,2.5181175390210087e-69,True,True,zf-AN1,zf-A20
PF00521,PF03989,21,45,22,76215,0.013,0.4565,1616.682,10.659,1.2756909857523868e-69,False,False,,,2.5181175390210087e-69,True,True,DNA_topoisoIV,DNA_gyraseA_C
PF00408,PF02878,20,21,45,76215,0.012,0.4348,1613.016,10.656,3.711277539077951e-66,False,False,CL0407,CL0754,6.649555259365701e-66,True,True,PGM_PMM_IV,PGM_PMM_I
PF02878,PF21404,20,45,21,76215,0.012,0.4348,1613.016,10.656,3.711277539077951e-66,False,True,CL0754,CL0754,6.649555259365701e-66,True,False,PGM_PMM_I,AMG1_III
PF02878,PF21405,20,45,21,76215,0.012,0.4348,1613.016,10.656,3.711277539077951e-66,False,True,CL0754,CL0754,6.649555259365701e-66,True,False,PGM_PMM_I,AMG1_II
PF08512,PF21091,19,45,20,76215,0.012,0.413,1608.983,10.652,1.0358285666313325e-62,False,False,CL0266,,1.7347836834953955e-62,True,True,Rttp106-like_middle,SPT16_C
PF05670,PF11923,19,45,20,76215,0.012,0.413,1608.983,10.652,1.0358285666313325e-62,False,False,CL0684,,1.7347836834953955e-62,True,True,NFACT-R_1,NFACT-C
PF01163,PF09202,22,48,22,76215,0.014,0.4583,1587.812,10.633,1.2153915168286012e-73,False,False,CL0016,CL0123,2.643825799538078e-73,True,True,RIO1,Rio2_N
PF09358,PF10585,21,21,48,76215,0.013,0.4375,1587.812,10.633,3.429834860490314e-70,False,False,,,6.905279227104169e-70,True,True,E1_UFD,UBA_E1_SCCH
PF10585,PF16190,20,48,20,76215,0.013,0.4167,1587.812,10.633,9.333438114109265e-67,False,False,,CL0866,1.7129711407937454e-66,True,True,UBA_E1_SCCH,E1_FCCH
PF10585,PF16191,20,48,20,76215,0.013,0.4167,1587.812,10.633,9.333438114109265e-67,False,False,,,1.7129711407937454e-66,True,True,UBA_E1_SCCH,E1_4HB
PF14551,PF24901,10,32,15,76215,0.006,0.2703,1587.812,10.633,1.0622882838358915e-31,False,False,CL0903,CL0123,1.255506995884106e-31,True,True,MCM_N,WHD_MCM7
PF01849,PF19026,22,46,23,76215,0.014,0.4681,1584.811,10.63,8.051697086367237e-73,False,False,,CL0214,1.7217894616892653e-72,True,True,NAC,UBA_HYPK
PF21188,PF23445,21,22,46,76215,0.013,0.4468,1581.537,10.627,2.3472419987237446e-69,False,False,,CL0123,4.5795417346233886e-69,True,True,BRR2_plug,WHD_SNRNP200
PF04054,PF12842,41,45,44,76215,0.026,0.8542,1578.189,10.624,4.576861888480502e-142,False,False,CL0020,,3.571839638742e-141,True,True,Not1,DUF3819
PF12842,PF16417,20,44,22,76215,0.013,0.4348,1574.69,10.621,2.267350920710475e-65,False,False,,CL0020,4.019636175592107e-65,True,True,DUF3819,CNOT1_TTP_bind
PF13831,PF13832,8,8,49,76215,0.005,0.1633,1555.408,10.603,1.5977611929378352e-26,False,True,CL0229,CL0229,1.8229166888529634e-26,True,False,PHD_2,zf-HC5HC2H_2
PF00144,PF03109,7,7,49,76215,0.005,0.1429,1555.408,10.603,2.899099642652537e-23,False,False,CL0013,CL0016,3.2273800433646626e-23,True,True,Beta-lactamase,ABC1
PF00626,PF04810,42,47,44,76215,0.027,0.8571,1547.887,10.596,1.855794121462768e-145,False,False,CL0092,CL0167,1.510576505319694e-144,True,True,Gelsolin,zf-Sec23_Sec24
PF01851,PF18051,21,45,23,76215,0.014,0.4468,1546.391,10.595,1.4666035351053063e-68,False,False,CL0020,,2.800047606745818e-68,True,True,PC_rep,RPN1_C
PF00595,PF13365,8,12,33,76215,0.005,0.2162,1539.697,10.588,2.4320611219471427e-25,False,False,CL0466,CL0124,2.7417278768637186e-25,True,True,PDZ,Trypsin_2
PF00285,PF22717,21,50,21,76215,0.014,0.42,1524.3,10.574,1.0348639665272492e-69,False,False,,CL0806,2.0534522219164552e-69,True,True,Citrate_synt,SNaCT10
PF17830,PF18253,18,41,22,76215,0.012,0.4,1520.92,10.571,1.2583333644393807e-57,False,False,,,1.9243603169305275e-57,True,True,STI1-HOP_DP,HipN
PF04054,PF16415,25,45,28,76215,0.017,0.5208,1512.202,10.562,1.436814014087493e-81,False,True,CL0020,CL0020,3.856979463348341e-81,True,False,Not1,CNOT1_CAF1_bind
PF23231,PF23233,38,43,45,76215,0.025,0.76,1496.729,10.548,7.000049982919488e-128,False,True,CL0020,CL0020,4.5098194358043e-127,True,False,HAT_Syf1_CNRKL1_C,HAT_Syf1_CNRKL1_N
PF24631,PF24633,22,22,51,76215,0.015,0.4314,1494.412,10.545,6.926800311427375e-73,False,False,CL0159,CL0607,1.4854356475213945e-72,True,True,DUF7628,DUF7630
PF24632,PF24633,22,22,51,76215,0.015,0.4314,1494.412,10.545,6.926800311427375e-73,False,False,CL0159,CL0607,1.4854356475213945e-72,True,True,DUF7629,DUF7630
PF24633,PF24639,22,51,22,76215,0.015,0.4314,1494.412,10.545,6.926800311427375e-73,False,False,CL0607,CL0159,1.4854356475213945e-72,True,True,DUF7630,DUF7634
PF24633,PF24640,22,51,22,76215,0.015,0.4314,1494.412,10.545,6.926800311427375e-73,False,False,CL0607,CL0186,1.4854356475213945e-72,True,True,DUF7630,DUF7635
PF24633,PF24635,21,51,21,76215,0.014,0.4118,1494.412,10.545,1.7592687430963253e-69,False,False,CL0607,,3.4681417669893705e-69,True,True,DUF7630,DUF7632
PF00051,PF24633,13,13,51,76215,0.009,0.2549,1494.412,10.545,1.0140121701604653e-42,False,False,CL0602,CL0607,1.3223207800369892e-42,True,True,Kringle,DUF7630
PF00478,PF00571,6,22,14,76215,0.004,0.2,1484.708,10.536,8.220907811563485e-19,False,False,CL0036,,8.80853108754927e-19,True,True,IMPDH,CBS
PF00571,PF01595,6,14,22,76215,0.004,0.2,1484.708,10.536,8.220907811563485e-19,False,False,,,8.80853108754927e-19,True,True,CBS,CNNM
PF14555,PF21021,14,33,22,76215,0.01,0.3415,1469.711,10.521,1.0222858056824676e-43,False,False,CL0214,CL0172,1.3446921892295883e-43,True,True,UBA_4,FAF1
PF01624,PF05190,22,44,26,76215,0.015,0.4583,1465.673,10.517,1.3945064487653321e-70,False,False,,,2.826349080897875e-70,True,True,MutS_I,MutS_IV
PF00789,PF21021,22,52,22,76215,0.015,0.4231,1465.673,10.517,1.2006453873140776e-72,False,False,CL0072,CL0172,2.54947702158978e-72,True,True,UBX,FAF1
PF08423,PF14520,22,52,22,76215,0.015,0.4231,1465.673,10.517,1.2006453873140776e-72,False,False,CL0023,CL0198,2.54947702158978e-72,True,True,Rad51,HHH_5
PF04054,PF16417,19,45,22,76215,0.013,0.3958,1462.712,10.514,7.970709724294437e-61,False,True,CL0020,CL0020,1.2948127170152124e-60,True,False,Not1,CNOT1_TTP_bind
PF00958,PF02540,16,22,38,76215,0.011,0.3636,1458.66,10.51,2.678531532904654e-50,False,False,,CL0039,3.782926064195565e-50,True,True,GMP_synt_C,NAD_synthase
PF10433,PF23726,31,45,36,76215,0.021,0.62,1458.435,10.51,2.359092709885402e-101,False,True,CL0186,CL0186,1.2444830532287452e-100,True,False,Beta-prop_RSE1_1st,Beta-prop_RSE1_2nd
PF02475,PF25133,23,53,23,76215,0.016,0.434,1438.019,10.49,8.351712825016232e-76,False,False,CL0063,,1.9757020651679024e-75,True,True,TRM5-TYW2_MTfase,TYW2_N_2
PF12874,PF16835,22,53,22,76215,0.015,0.4151,1438.019,10.49,2.052716307343424e-72,False,False,CL0361,,4.3526785564677084e-72,True,True,zf-met,SF3A2
PF00333,PF03719,22,54,22,76215,0.016,0.4074,1411.389,10.463,3.4639587686420286e-72,False,False,CL0196,CL0329,7.31441223950353e-72,True,True,Ribosomal_S5,Ribosomal_S5_C
PF04851,PF06777,17,40,23,76215,0.012,0.3696,1408.321,10.46,3.2254357278705636e-53,False,False,CL0023,CL0823,4.736478847716812e-53,True,True,ResIII,HBB
PF18808,PF25574,15,22,37,76215,0.011,0.3409,1404.453,10.456,1.2273693760630508e-46,False,True,CL0020,CL0020,1.660623087899427e-46,True,False,Importin_rep_4,TPR_IMB1
PF18829,PF25574,15,22,37,76215,0.011,0.3409,1404.453,10.456,1.2273693760630508e-46,False,True,CL0020,CL0020,1.660623087899427e-46,True,False,Importin_rep_6,TPR_IMB1
PF25574,PF25780,15,37,22,76215,0.011,0.3409,1404.453,10.456,1.2273693760630508e-46,False,True,CL0020,CL0020,1.660623087899427e-46,True,False,TPR_IMB1,TPR_IPO5
PF00789,PF08059,20,52,21,76215,0.014,0.3774,1395.879,10.447,1.4750131224741414e-64,False,False,CL0072,,2.575743791725317e-64,True,True,UBX,SEP
PF00633,PF00730,23,23,55,76215,0.017,0.4182,1385.727,10.436,2.500462408296188e-75,False,True,CL0198,CL0198,5.833128021818842e-75,True,False,HHH,HhH-GPD
PF00573,PF14374,22,55,22,76215,0.016,0.4,1385.727,10.436,5.773264614403378e-72,False,False,,,1.2139892536398215e-71,True,True,Ribosomal_L4,Ribos_L4_asso_C
PF03876,PF08292,21,55,21,76215,0.015,0.3818,1385.727,10.436,1.2937886000877971e-68,False,False,CL0319,CL0021,2.473227197642582e-68,True,True,SHS2_Rpb7-N,RNA_pol_Rbc25
PF02475,PF02676,19,53,20,76215,0.014,0.3519,1366.118,10.416,5.056050157282579e-61,False,False,CL0063,,8.239892290770532e-61,True,True,TRM5-TYW2_MTfase,TYW3
PF00043,PF02798,11,14,44,76215,0.008,0.234,1360.982,10.41,2.2098671652412147e-34,False,False,CL0497,CL0172,2.672315405890734e-34,True,True,GST_C,GST_N
PF05186,PF13207,7,22,18,76215,0.005,0.2121,1347.235,10.396,1.8282490825209322e-21,False,False,CL0068,CL0023,1.9985336541059145e-21,True,True,Dpy-30,AAA_17
PF00181,PF03947,44,44,57,76215,0.033,0.7719,1337.105,10.385,1.021115579775287e-148,False,False,CL0021,CL0010,8.636698255752987e-148,True,True,Ribosomal_L2_N,Ribosomal_L2_C
PF03104,PF14260,22,57,22,76215,0.016,0.386,1337.105,10.385,1.548593331863495e-71,False,False,CL0219,,3.2073465177035996e-71,True,True,DNA_pol_B_exo1,zf-C4pol
PF13638,PF17849,9,9,57,76215,0.007,0.1579,1337.105,10.385,3.76422752233641e-29,False,False,CL0280,CL0021,4.3670808190171073e-29,True,True,PIN_4,OB_Dis3
PF00515,PF17830,23,32,41,76215,0.017,0.46,1336.086,10.384,7.579289356265493e-72,False,False,CL0020,,1.5827647014325457e-71,True,True,TPR_1,STI1-HOP_DP
PF05833,PF11923,11,32,20,76215,0.008,0.2683,1309.945,10.355,1.7136202766587613e-33,False,False,CL0303,,2.0525483377067755e-33,True,True,NFACT_N,NFACT-C
PF00515,PF13414,23,32,42,76215,0.018,0.451,1304.275,10.349,1.6752321561531928e-71,False,True,CL0020,CL0020,3.4554516136456863e-71,True,False,TPR_1,TPR_11
PF07885,PF22614,21,44,28,76215,0.016,0.4118,1299.119,10.343,3.655462937351906e-65,False,False,CL0030,CL0063,6.465386550409796e-65,True,True,Ion_trans_2,Slo-like_RCK
PF09334,PF19303,22,61,22,76215,0.018,0.3607,1249.426,10.287,9.825305141574259e-71,False,False,CL0039,CL0258,1.9967130180326746e-70,True,True,tRNA-synt_1g,Anticodon_3
PF00986,PF01751,22,22,61,76215,0.018,0.3607,1249.426,10.287,9.825305141574259e-71,False,False,,CL0413,1.9967130180326746e-70,True,True,DNA_gyraseB_C,Toprim
PF10672,PF17785,14,14,61,76215,0.011,0.2295,1249.426,10.287,8.806216378069542e-45,False,False,CL0063,CL0178,1.1664577074713285e-44,True,True,Methyltrans_SAM,PUA_3
PF00533,PF00817,10,34,18,76215,0.008,0.2381,1245.343,10.282,3.14320984338742e-30,False,False,CL0459,,3.6890075216190335e-30,True,True,BRCT,IMS
PF08519,PF25361,24,24,62,76215,0.02,0.3871,1229.274,10.264,4.092398305056961e-77,False,False,,CL0671,9.913425654169983e-77,True,True,RFC1,AAA_lid_RFC1
PF00293,PF05026,22,62,22,76215,0.018,0.3548,1229.274,10.264,1.5229222969440105e-70,False,False,CL0261,,3.074272476764309e-70,True,True,NUDIX,DCP2
PF00530,PF13385,22,22,62,76215,0.018,0.3548,1229.274,10.264,1.5229222969440105e-70,False,False,CL0550,CL0004,3.074272476764309e-70,True,True,SRCR,Laminin_G_3
PF01477,PF13385,22,22,62,76215,0.018,0.3548,1229.274,10.264,1.5229222969440105e-70,False,False,CL0321,CL0004,3.074272476764309e-70,True,True,PLAT,Laminin_G_3
PF07728,PF17867,21,62,21,76215,0.017,0.3387,1229.274,10.264,2.8301839388622422e-67,False,False,CL0023,CL0671,5.270477839406439e-67,True,True,AAA_5,AAA_lid_7
PF07728,PF17865,20,62,20,76215,0.016,0.3226,1229.274,10.264,5.134425362419249e-64,False,False,CL0023,CL0671,8.763833143971525e-64,True,True,AAA_5,AAA_lid_5
PF10258,PF13637,18,22,51,76215,0.015,0.3273,1222.701,10.256,1.7362190325257352e-55,False,False,,CL0465,2.605188915008883e-55,True,True,PHAX_RNA-bd,Ank_4
PF01535,PF13041,7,37,12,76215,0.006,0.1667,1201.588,10.231,2.7472005401017883e-21,False,True,CL0020,CL0020,2.996586179909299e-21,True,False,PPR,PPR_2
PF01131,PF01751,21,22,61,76215,0.018,0.3387,1192.634,10.22,4.1153978356843673e-66,False,False,,CL0413,7.364908183482426e-66,True,True,Topoisom_bac,Toprim
PF00749,PF03950,43,65,43,76215,0.037,0.6615,1172.538,10.195,8.769415453920609e-141,False,False,CL0039,CL0733,6.705502523856465e-140,True,True,tRNA-synt_1c,tRNA-synt_1c_C
PF00749,PF20974,43,65,43,76215,0.037,0.6615,1172.538,10.195,8.769415453920609e-141,False,False,CL0039,CL0733,6.705502523856465e-140,True,True,tRNA-synt_1c,tRNA-synt_1c_C2
PF00258,PF00667,39,65,39,76215,0.033,0.6,1172.538,10.195,8.229181855540454e-127,False,False,CL0042,CL0866,5.1697017963851645e-126,True,True,Flavodoxin_1,FAD_binding_1
PF01253,PF25304,23,65,23,76215,0.02,0.3538,1172.538,10.195,3.042029382038047e-73,False,False,,CL0123,6.598327341555305e-73,True,True,SUI1,WHD_eIF2D
PF01253,PF26292,22,65,22,76215,0.019,0.3385,1172.538,10.195,5.390263830363369e-70,False,False,,CL0178,1.082342100685695e-69,True,True,SUI1,PUA_elF2D
PF00258,PF08608,22,65,22,76215,0.019,0.3385,1172.538,10.195,5.390263830363369e-70,False,False,CL0042,,1.082342100685695e-69,True,True,Flavodoxin_1,Wyosine_form
PF01253,PF21023,21,65,21,76215,0.018,0.3231,1172.538,10.195,9.334221870243329e-67,False,False,,,1.7129711407937454e-66,True,True,SUI1,DENR_N
PF01253,PF26291,12,65,12,76215,0.01,0.1846,1172.538,10.195,5.026858378545169e-38,False,False,,CL0906,6.289804615799492e-38,True,True,SUI1,SWIB_eIF2D
PF13649,PF22528,20,32,41,76215,0.017,0.3774,1161.814,10.182,3.378318955825999e-60,False,False,CL0063,CL0799,5.361399265325536e-60,True,True,Methyltransf_25,PRMT_C
PF06068,PF17856,65,66,65,76215,0.056,0.9848,1154.773,10.173,2.6007610419742366e-225,False,False,CL0023,CL0671,4.0593321830402e-224,True,True,TIP49,TIP49_C
PF04561,PF04563,44,44,66,76215,0.038,0.6667,1154.773,10.173,7.598348736527331e-144,False,False,,,5.991614576615822e-143,True,True,RNA_pol_Rpb2_2,RNA_pol_Rpb2_1
PF04563,PF04566,44,66,44,76215,0.038,0.6667,1154.773,10.173,7.598348736527331e-144,False,False,,,5.991614576615822e-143,True,True,RNA_pol_Rpb2_1,RNA_pol_Rpb2_4
PF00466,PF17777,43,66,43,76215,0.037,0.6515,1154.773,10.173,2.5164409563424344e-140,False,False,,,1.9145183959308775e-139,True,True,Ribosomal_L10,RL10P_insert
PF05190,PF05192,26,26,66,76215,0.023,0.3939,1154.773,10.173,7.816808384851715e-83,False,False,,,2.203845045561545e-82,True,True,MutS_IV,MutS_III
PF00175,PF00970,24,66,24,76215,0.021,0.3636,1154.773,10.173,2.6351052500854563e-76,False,False,CL0091,CL0866,6.312578083274336e-76,True,True,NAD_binding_1,FAD_binding_6
PF04563,PF04567,22,66,22,76215,0.019,0.3333,1154.773,10.173,8.085395745545051e-70,False,False,,,1.6064683935374286e-69,True,True,RNA_pol_Rpb2_1,RNA_pol_Rpb2_5
PF01409,PF03147,22,66,22,76215,0.019,0.3333,1154.773,10.173,8.085395745545051e-70,False,False,CL0040,,1.6064683935374286e-69,True,True,tRNA-synt_2d,FDX-ACB
PF00013,PF24641,22,66,22,76215,0.019,0.3333,1154.773,10.173,8.085395745545051e-70,False,True,CL0007,CL0007,1.6064683935374286e-69,True,False,KH_1,KH_DEAH11_2nd
PF16275,PF22675,22,22,66,76215,0.019,0.3333,1154.773,10.173,8.085395745545051e-70,False,False,,CL0007,1.6064683935374286e-69,True,True,SF1-HH,KH-I_KHDC4-BBP
PF16886,PF22919,22,22,66,76215,0.019,0.3333,1154.773,10.173,8.085395745545051e-70,False,False,CL0105,,1.6064683935374286e-69,True,True,ATP-synt_ab_Xtn,ATP-synt_VA_C
PF00312,PF08069,22,66,22,76215,0.019,0.3333,1154.773,10.173,8.085395745545051e-70,False,False,CL0600,,1.6064683935374286e-69,True,True,Ribosomal_S15,Ribosomal_S13_N
PF10437,PF21948,22,22,66,76215,0.019,0.3333,1154.773,10.173,8.085395745545051e-70,False,False,CL0233,CL0040,1.6064683935374286e-69,True,True,Lip_prot_lig_C,LplA-B_cat
PF01018,PF09269,22,66,22,76215,0.019,0.3333,1154.773,10.173,8.085395745545051e-70,False,False,CL0762,,1.6064683935374286e-69,True,True,GTP1_OBG,DUF1967
PF01145,PF16200,21,66,21,76215,0.018,0.3182,1154.773,10.173,1.3690192076356887e-66,False,False,CL0433,,2.461633112067022e-66,True,True,Band_7,Band_7_C
PF23097,PF23098,21,21,66,76215,0.018,0.3182,1154.773,10.173,1.3690192076356887e-66,False,False,,CL0186,2.461633112067022e-66,True,True,NOL10_2nd,Beta-prop_NOL10_N
PF01728,PF07780,21,66,21,76215,0.018,0.3182,1154.773,10.173,1.3690192076356887e-66,False,False,CL0063,,2.461633112067022e-66,True,True,FtsJ,Spb1_C
PF01728,PF11861,21,66,21,76215,0.018,0.3182,1154.773,10.173,1.3690192076356887e-66,False,False,CL0063,,2.461633112067022e-66,True,True,FtsJ,DUF3381
PF10585,PF14732,16,48,22,76215,0.014,0.2963,1154.773,10.173,2.7136757816726174e-48,False,False,,,3.7248459958770105e-48,True,True,UBA_E1_SCCH,UAE_UbL
PF00647,PF14497,11,22,33,76215,0.01,0.25,1154.773,10.173,1.078892548946695e-32,False,False,,CL0497,1.283144791127491e-32,True,True,EF1G,GST_C_3
PF04034,PF04068,11,22,33,76215,0.01,0.25,1154.773,10.173,1.078892548946695e-32,False,False,CL0098,CL0344,1.283144791127491e-32,True,True,Ribo_biogen_C,Fer4_RLI
PF13385,PF26058,40,62,43,76215,0.035,0.6154,1143.511,10.159,1.8236447452284934e-127,False,False,CL0004,CL0056,1.1649781199476536e-126,True,True,Laminin_G_3,DUF8019
PF04811,PF04815,67,67,67,76215,0.059,1.0,1137.537,10.152,3.0049769259569983e-233,True,False,CL0128,,4.788984279893574e-232,True,False,Sec23_trunk,Sec23_helical
PF04811,PF08033,67,67,67,76215,0.059,1.0,1137.537,10.152,3.0049769259569983e-233,True,False,CL0128,,4.788984279893574e-232,True,False,Sec23_trunk,Sec23_BS
PF04815,PF08033,67,67,67,76215,0.059,1.0,1137.537,10.152,3.0049769259569983e-233,True,False,,,4.788984279893574e-232,True,False,Sec23_helical,Sec23_BS
PF00626,PF04811,47,47,67,76215,0.041,0.7015,1137.537,10.152,5.322113520031479e-154,False,False,CL0092,CL0128,4.712093490834888e-153,True,True,Gelsolin,Sec23_trunk
PF00626,PF04815,47,47,67,76215,0.041,0.7015,1137.537,10.152,5.322113520031479e-154,False,False,CL0092,,4.712093490834888e-153,True,True,Gelsolin,Sec23_helical
PF00626,PF08033,47,47,67,76215,0.041,0.7015,1137.537,10.152,5.322113520031479e-154,False,False,CL0092,,4.712093490834888e-153,True,True,Gelsolin,Sec23_BS
PF03159,PF17846,45,67,45,76215,0.04,0.6716,1137.537,10.152,6.683506391505051e-147,False,False,CL0280,,5.590513081071075e-146,True,True,XRN_N,XRN_M
PF00676,PF16870,23,67,23,76215,0.02,0.3433,1137.537,10.152,7.109859369647066e-73,False,False,CL0254,CL0591,1.522535655678311e-72,True,True,E1_dh,OxoGdeHyase_C
PF00676,PF16078,13,67,13,76215,0.011,0.194,1137.537,10.152,5.401937551288866e-41,False,False,CL0254,,6.978270864036982e-41,True,True,E1_dh,2-oxogl_dehyd_N
PF00056,PF02866,65,66,66,76215,0.057,0.9701,1137.276,10.151,1.7164800881668535e-223,False,False,CL0063,CL0341,2.625000862105673e-222,True,True,Ldh_1_N,Ldh_1_C
PF04983,PF05000,68,68,68,76215,0.061,1.0,1120.809,10.13,2.6834379230587305e-236,True,False,,,4.4645329840779314e-235,True,False,RNA_pol_Rpb1_3,RNA_pol_Rpb1_4
PF02861,PF17871,49,49,68,76215,0.044,0.7206,1120.809,10.13,1.2476237677947245e-160,False,False,,CL0671,1.2426989371323769e-159,True,True,Clp_N,AAA_lid_9
PF00208,PF02812,46,68,46,76215,0.041,0.6765,1120.809,10.13,5.966632987033526e-150,False,False,CL0063,CL0603,5.103662340321332e-149,True,True,ELFV_dehydrog,ELFV_dehydrog_N
PF08542,PF21960,35,68,35,76215,0.031,0.5147,1120.809,10.13,3.870323955330319e-112,False,False,CL0604,CL0671,2.1463994389634077e-111,True,True,Rep_fac_C,RCF1-5-like_lid
PF01434,PF06480,23,68,23,76215,0.021,0.3382,1120.809,10.13,1.0743787491911118e-72,False,False,CL0126,,2.2877769708513973e-72,True,True,Peptidase_M41,FtsH_ext
PF04983,PF04990,22,68,22,76215,0.02,0.3235,1120.809,10.13,1.779568261676486e-69,False,False,,,3.480964274132041e-69,True,True,RNA_pol_Rpb1_3,RNA_pol_Rpb1_7
PF04983,PF04992,22,68,22,76215,0.02,0.3235,1120.809,10.13,1.779568261676486e-69,False,False,,,3.480964274132041e-69,True,True,RNA_pol_Rpb1_3,RNA_pol_Rpb1_6
PF04990,PF05000,22,22,68,76215,0.02,0.3235,1120.809,10.13,1.779568261676486e-69,False,False,,,3.480964274132041e-69,True,True,RNA_pol_Rpb1_7,RNA_pol_Rpb1_4
PF04992,PF05000,22,22,68,76215,0.02,0.3235,1120.809,10.13,1.779568261676486e-69,False,False,,,3.480964274132041e-69,True,True,RNA_pol_Rpb1_6,RNA_pol_Rpb1_4
PF00208,PF23147,22,68,22,76215,0.02,0.3235,1120.809,10.13,1.779568261676486e-69,False,False,CL0063,,3.480964274132041e-69,True,True,ELFV_dehydrog,GDH2_N
PF00208,PF23152,22,68,22,76215,0.02,0.3235,1120.809,10.13,1.779568261676486e-69,False,False,CL0063,CL0070,3.480964274132041e-69,True,True,ELFV_dehydrog,GDH_2nd
PF00628,PF14446,19,68,19,76215,0.017,0.2794,1120.809,10.13,7.121293680288502e-60,False,True,CL0229,CL0229,1.1254320075111473e-59,True,False,PHD,Prok-RING_1
PF00208,PF05088,18,68,18,76215,0.016,0.2647,1120.809,10.13,1.0852424291138855e-56,False,True,CL0063,CL0063,1.6414156220563662e-56,True,False,ELFV_dehydrog,Bac_GDH_CD
PF11556,PF12361,12,68,12,76215,0.011,0.1765,1120.809,10.13,9.088240782798335e-38,False,False,,,1.1306159856332522e-37,True,True,EBA-175_VI,DBP
PF11556,PF12377,12,68,12,76215,0.011,0.1765,1120.809,10.13,9.088240782798335e-38,False,False,,,1.1306159856332522e-37,True,True,EBA-175_VI,DuffyBP_N
PF00773,PF13638,9,68,9,76215,0.008,0.1324,1120.809,10.13,2.0619368773306034e-28,False,False,CL0021,CL0280,2.379399719724492e-28,True,True,RNB,PIN_4
PF04983,PF05001,7,68,7,76215,0.006,0.1029,1120.809,10.13,3.271822314570155e-22,False,False,,,3.594730757807848e-22,True,True,RNA_pol_Rpb1_3,RNA_pol_Rpb1_R
PF05000,PF05001,7,68,7,76215,0.006,0.1029,1120.809,10.13,3.271822314570155e-22,False,False,,,3.594730757807848e-22,True,True,RNA_pol_Rpb1_4,RNA_pol_Rpb1_R
PF00773,PF17215,5,68,5,76215,0.004,0.0735,1120.809,10.13,4.864919917824825e-16,False,True,CL0021,CL0021,5.104288811910454e-16,True,False,RNB,Rrp44_S1
PF02780,PF13292,21,65,22,76215,0.019,0.3182,1119.241,10.128,2.0523968560491563e-65,False,False,CL0591,CL0254,3.651385240961719e-65,True,True,Transketolase_C,DXP_synthase_N
PF02889,PF23445,45,67,46,76215,0.04,0.6618,1112.808,10.12,3.0735442685250943e-145,False,False,,CL0123,2.4884203329128302e-144,True,True,Sec63,WHD_SNRNP200
PF04810,PF04811,43,44,67,76215,0.039,0.6324,1111.684,10.119,3.0900765322706274e-138,False,False,CL0167,CL0128,2.2067810706876084e-137,True,True,zf-Sec23_Sec24,Sec23_trunk
PF04810,PF04815,43,44,67,76215,0.039,0.6324,1111.684,10.119,3.0900765322706274e-138,False,False,CL0167,,2.2067810706876084e-137,True,True,zf-Sec23_Sec24,Sec23_helical
PF04810,PF08033,43,44,67,76215,0.039,0.6324,1111.684,10.119,3.0900765322706274e-138,False,False,CL0167,,2.2067810706876084e-137,True,True,zf-Sec23_Sec24,Sec23_BS
PF00204,PF01751,40,45,61,76215,0.036,0.6061,1110.601,10.117,6.403087874770008e-126,False,False,CL0329,CL0413,3.92480770947441e-125,True,True,DNA_gyraseB,Toprim
PF01798,PF08156,45,69,45,76215,0.041,0.6522,1104.565,10.109,5.680980432779292e-146,False,False,,CL0759,4.6744588995803524e-145,True,True,Nop,NOP5NT
PF00136,PF24055,38,69,38,76215,0.034,0.5507,1104.565,10.109,6.379028241285179e-122,False,False,CL0194,,3.787391669531671e-121,True,True,DNA_pol_B,POL3_N
PF04042,PF18018,22,69,22,76215,0.02,0.3188,1104.565,10.109,2.6125576607590975e-69,False,False,CL0163,CL0021,5.064548397425447e-69,True,True,DNA_pol_E_B,DNA_pol_D_N
PF00082,PF18213,22,69,22,76215,0.02,0.3188,1104.565,10.109,2.6125576607590975e-69,False,False,,CL0570,5.064548397425447e-69,True,True,Peptidase_S8,SUB1_ProdP9
PF00082,PF18513,22,69,22,76215,0.02,0.3188,1104.565,10.109,2.6125576607590975e-69,False,False,,CL0570,5.064548397425447e-69,True,True,Peptidase_S8,Pro_sub2
PF00136,PF14260,22,69,22,76215,0.02,0.3188,1104.565,10.109,2.6125576607590975e-69,False,False,CL0194,,5.064548397425447e-69,True,True,DNA_pol_B,zf-C4pol
PF03152,PF24842,63,64,68,76215,0.057,0.913,1103.296,10.108,3.664474877350805e-212,False,False,CL0199,CL0402,4.998211679557764e-211,True,True,UFD1_N1,UFD1_N2
PF00773,PF17849,56,68,57,76215,0.051,0.8116,1101.146,10.105,1.2146205471337527e-184,False,True,CL0021,CL0021,1.4255314018298461e-183,True,False,RNB,OB_Dis3
PF00204,PF02518,45,45,70,76215,0.041,0.6429,1088.786,10.089,1.5906745211782039e-145,False,False,CL0329,CL0025,1.301773635169622e-144,True,True,DNA_gyraseB,HATPase_c
PF06777,PF13307,23,23,70,76215,0.021,0.3286,1088.786,10.089,2.4002078439375893e-72,False,False,CL0823,CL0023,5.07529982642669e-72,True,True,HBB,Helicase_C_2
PF02518,PF16898,23,70,23,76215,0.021,0.3286,1088.786,10.089,2.4002078439375893e-72,False,False,CL0025,,5.07529982642669e-72,True,True,HATPase_c,TOPRIM_C
PF00986,PF02518,22,22,70,76215,0.02,0.3143,1088.786,10.089,3.80997992194035e-69,False,False,,CL0025,7.357537757420522e-69,True,True,DNA_gyraseB_C,HATPase_c
PF02148,PF17807,21,70,21,76215,0.019,0.3,1088.786,10.089,5.924441023924958e-66,False,True,CL0229,CL0229,1.058985089754709e-65,True,False,zf-UBP,zf-UBP_var
PF02889,PF18149,21,67,22,76215,0.019,0.3088,1085.831,10.085,4.384285688122266e-65,False,False,,,7.727367324583365e-65,True,True,Sec63,Helicase_PWI
PF00249,PF22941,21,67,22,76215,0.019,0.3088,1085.831,10.085,4.384285688122266e-65,False,False,CL0123,,7.727367324583365e-65,True,True,Myb_DNA-binding,TADA2A-like_3rd
PF00249,PF25299,21,67,22,76215,0.019,0.3088,1085.831,10.085,4.384285688122266e-65,False,False,CL0123,CL0229,7.727367324583365e-65,True,True,Myb_DNA-binding,ZZ_ADA2
PF00753,PF16123,40,64,44,76215,0.037,0.5882,1082.599,10.08,1.464695907433026e-125,False,True,CL0381,CL0381,8.941732273603231e-125,True,False,Lactamase_B,HAGH_C
PF01798,PF09785,23,69,24,76215,0.022,0.3286,1058.542,10.048,3.86552567805849e-71,False,False,,,7.940849221954619e-71,True,True,Nop,Prp31_C
PF06733,PF13307,68,70,70,76215,0.064,0.9444,1057.678,10.047,1.5649603544936332e-229,False,True,CL0023,CL0023,2.468072892399334e-228,True,False,DEAD_2,Helicase_C_2
PF04042,PF22062,20,69,21,76215,0.019,0.2857,1051.967,10.039,1.3534089297105373e-61,False,False,CL0163,CL0021,2.2272403473714712e-61,True,True,DNA_pol_E_B,OB_DPOA2
PF03105,PF03124,5,14,26,76215,0.005,0.1429,1046.909,10.032,6.133328759537482e-15,False,False,,CL0182,6.399627665017055e-15,True,True,SPX,EXS
PF03178,PF10433,42,68,45,76215,0.04,0.5915,1046.088,10.031,7.935875956389917e-132,False,True,CL0186,CL0186,5.387854797297908e-131,True,False,CPSF_A,Beta-prop_RSE1_1st
PF00488,PF05192,66,73,66,76215,0.063,0.9041,1044.041,10.028,5.564735907924352e-221,False,False,CL0023,,8.023819204378542e-220,True,True,MutS_V,MutS_III
PF14418,PF24549,38,73,38,76215,0.036,0.5205,1044.041,10.028,1.3260362316008466e-120,False,False,,CL0123,7.78146842885148e-120,True,True,OHA,DUF7602
PF00488,PF05190,26,73,26,76215,0.025,0.3562,1044.041,10.028,2.0251236009063975e-81,False,False,CL0023,,5.397952696782193e-81,True,True,MutS_V,MutS_IV
PF06733,PF06777,22,70,23,76215,0.021,0.3099,1041.447,10.024,8.757673363206142e-68,False,False,CL0023,CL0823,1.6553205333201122e-67,True,True,DEAD_2,HBB
PF00753,PF11718,20,64,23,76215,0.019,0.2985,1035.53,10.016,1.9346083105369185e-60,False,False,CL0381,,3.07344908935246e-60,True,True,Lactamase_B,CPSF73-100_C
PF02889,PF21188,20,67,22,76215,0.019,0.2899,1034.125,10.014,7.458589222161835e-61,False,False,,,1.2129220281797012e-60,True,True,Sec63,BRR2_plug
PF03104,PF22634,17,57,22,76215,0.016,0.2742,1033.218,10.013,1.3232009044455633e-50,False,False,CL0219,CL0194,1.8792928417735297e-50,True,True,DNA_pol_B_exo1,POL2_thumb
PF13513,PF25574,22,44,37,76215,0.021,0.3729,1029.932,10.008,8.70823758864663e-65,False,True,CL0020,CL0020,1.53127429839849e-64,True,False,HEAT_EZ,TPR_IMB1
PF00627,PF09280,21,74,21,76215,0.02,0.2838,1029.932,10.008,2.327948733064008e-65,False,False,CL0214,,4.122239043109834e-65,True,True,UBA,XPC-binding
PF00632,PF06025,8,74,8,76215,0.008,0.1081,1029.932,10.008,5.339642689782547e-25,False,False,CL0552,,6.006106264733118e-25,True,True,HECT,DUF913
PF13414,PF17830,23,42,41,76215,0.023,0.3833,1017.97,9.991,1.204536165056422e-67,False,False,CL0020,,2.259811343117005e-67,True,True,TPR_11,STI1-HOP_DP
PF01398,PF23594,22,76,22,76215,0.022,0.2895,1002.829,9.97,3.225029816303425e-68,False,False,CL0366,,6.141754895450799e-68,True,True,JAB,RPN11_C
PF02985,PF25574,13,27,37,76215,0.013,0.2549,991.787,9.954,1.5151839555608797e-37,False,True,CL0020,CL0020,1.875706057824343e-37,True,False,HEAT,TPR_IMB1
PF04130,PF17681,66,71,72,76215,0.067,0.8571,983.996,9.943,6.944790246263702e-215,False,True,CL0540,CL0540,9.826553675554434e-214,True,False,GCP_C_terminal,GCP_N_terminal
PF01398,PF13012,42,76,43,76215,0.043,0.5455,979.507,9.936,2.4988939778634553e-131,False,False,CL0366,,1.681477992215676e-130,True,True,JAB,MitMem_reg
PF01751,PF16898,18,61,23,76215,0.018,0.2727,977.812,9.933,3.7524304201446117e-53,False,False,CL0413,,5.489062469660813e-53,True,True,Toprim,TOPRIM_C
PF04561,PF04565,44,44,78,76215,0.045,0.5641,977.115,9.932,6.0180759634357945e-139,False,False,,,4.510577727050392e-138,True,True,RNA_pol_Rpb2_2,RNA_pol_Rpb2_3
PF04565,PF04566,44,78,44,76215,0.045,0.5641,977.115,9.932,6.0180759634357945e-139,False,False,,,4.510577727050392e-138,True,True,RNA_pol_Rpb2_3,RNA_pol_Rpb2_4
PF04565,PF04567,22,78,22,76215,0.023,0.2821,977.115,9.932,6.288808141791677e-68,False,False,,,1.1961376289789697e-67,True,True,RNA_pol_Rpb2_3,RNA_pol_Rpb2_5
PF03104,PF22912,16,57,22,76215,0.016,0.254,972.44,9.925,6.963791855172802e-47,False,False,CL0219,,9.44729468524339e-47,True,True,DNA_pol_B_exo1,zf-DPOE
PF03104,PF23250,16,57,22,76215,0.016,0.254,972.44,9.925,6.963791855172802e-47,False,False,CL0219,,9.44729468524339e-47,True,True,DNA_pol_B_exo1,zf_DPOE_2
PF03178,PF23726,31,68,36,76215,0.032,0.4247,965.141,9.915,3.0933369369745262e-93,False,True,CL0186,CL0186,1.5405631982169188e-92,True,False,CPSF_A,Beta-prop_RSE1_2nd
PF04560,PF04561,44,79,44,76215,0.046,0.557,964.747,9.914,1.3583657174612225e-138,False,False,,,9.983328622506266e-138,True,True,RNA_pol_Rpb2_7,RNA_pol_Rpb2_2
PF04560,PF04566,44,79,44,76215,0.046,0.557,964.747,9.914,1.3583657174612225e-138,False,False,,,9.983328622506266e-138,True,True,RNA_pol_Rpb2_7,RNA_pol_Rpb2_4
PF04560,PF04567,22,79,22,76215,0.023,0.2785,964.747,9.914,8.716067424588461e-68,False,False,,,1.649515760103366e-67,True,True,RNA_pol_Rpb2_7,RNA_pol_Rpb2_5
PF04990,PF04997,22,22,79,76215,0.023,0.2785,964.747,9.914,8.716067424588461e-68,False,False,,,1.649515760103366e-67,True,True,RNA_pol_Rpb1_7,RNA_pol_Rpb1_1
PF04992,PF04997,22,22,79,76215,0.023,0.2785,964.747,9.914,8.716067424588461e-68,False,False,,,1.649515760103366e-67,True,True,RNA_pol_Rpb1_6,RNA_pol_Rpb1_1
PF04997,PF05001,7,79,7,76215,0.007,0.0886,964.747,9.914,9.783141706340683e-22,False,False,,,1.0725326968428524e-21,True,True,RNA_pol_Rpb1_1,RNA_pol_Rpb1_R
PF04563,PF04565,65,66,78,76215,0.068,0.8228,962.311,9.91,5.733601448881179e-211,False,False,,,7.75060053000545e-210,True,True,RNA_pol_Rpb2_1,RNA_pol_Rpb2_3
PF07521,PF16661,42,45,74,76215,0.044,0.5455,961.27,9.909,1.621938671955827e-129,False,False,CL0398,CL0381,1.0723210259131539e-128,True,True,RMMBL,Lactamase_B_6
PF10996,PF16661,42,45,74,76215,0.044,0.5455,961.27,9.909,1.621938671955827e-129,False,False,CL0023,CL0381,1.0723210259131539e-128,True,True,Beta-Casp,Lactamase_B_6
PF04983,PF04998,68,68,80,76215,0.071,0.85,952.688,9.896,1.6166812688599832e-222,False,False,,,2.399662197111779e-221,True,True,RNA_pol_Rpb1_3,RNA_pol_Rpb1_5
PF04998,PF05000,68,80,68,76215,0.071,0.85,952.688,9.896,1.6166812688599832e-222,False,False,,,2.399662197111779e-221,True,True,RNA_pol_Rpb1_5,RNA_pol_Rpb1_4
PF10431,PF17871,68,80,68,76215,0.071,0.85,952.688,9.896,1.6166812688599832e-222,False,True,CL0671,CL0671,2.399662197111779e-221,True,False,ClpB_D2-small,AAA_lid_9
PF02861,PF10431,49,49,80,76215,0.051,0.6125,952.688,9.896,5.326308408130765e-155,False,False,,CL0671,4.857849957777095e-154,True,True,Clp_N,ClpB_D2-small
PF00562,PF04560,79,80,79,76215,0.083,0.9875,952.687,9.896,1.5527240988213837e-267,False,False,CL0410,,3.311020120585317e-266,True,True,RNA_pol_Rpb2_6,RNA_pol_Rpb2_7
PF00562,PF04565,78,80,78,76215,0.082,0.975,952.687,9.896,5.910987735598185e-263,False,False,CL0410,,1.162238367752682e-261,True,True,RNA_pol_Rpb2_6,RNA_pol_Rpb2_3
PF00562,PF04561,44,80,44,76215,0.046,0.55,952.687,9.896,3.01859048324716e-138,False,False,CL0410,,2.186672723270909e-137,True,True,RNA_pol_Rpb2_6,RNA_pol_Rpb2_2
PF00562,PF04566,44,80,44,76215,0.046,0.55,952.687,9.896,3.01859048324716e-138,False,False,CL0410,,2.186672723270909e-137,True,True,RNA_pol_Rpb2_6,RNA_pol_Rpb2_4
PF00562,PF04567,22,80,22,76215,0.023,0.275,952.687,9.896,1.2022161964949602e-67,False,False,CL0410,,2.2582572226964885e-67,True,True,RNA_pol_Rpb2_6,RNA_pol_Rpb2_5
PF04990,PF04998,22,22,80,76215,0.023,0.275,952.687,9.896,1.2022161964949602e-67,False,False,,,2.2582572226964885e-67,True,True,RNA_pol_Rpb1_7,RNA_pol_Rpb1_5
PF04992,PF04998,22,22,80,76215,0.023,0.275,952.687,9.896,1.2022161964949602e-67,False,False,,,2.2582572226964885e-67,True,True,RNA_pol_Rpb1_6,RNA_pol_Rpb1_5
PF11987,PF14578,22,80,22,76215,0.023,0.275,952.687,9.896,1.2022161964949602e-67,False,False,,CL0866,2.2582572226964885e-67,True,True,IF-2,GTP_EFTU_D4
PF01883,PF10609,22,40,44,76215,0.023,0.3548,952.687,9.896,1.0535062037132922e-63,False,False,CL0232,CL0023,1.7901328758944157e-63,True,True,FeS_assembly_P,ParA
PF13920,PF26192,20,80,20,76215,0.021,0.25,952.687,9.896,1.971635183736378e-61,False,False,CL0229,CL0159,3.2411027884656636e-61,True,True,zf-C3HC4_3,RNF157-like_N
PF04998,PF05001,7,80,7,76215,0.007,0.0875,952.687,9.896,1.0721251185030887e-21,False,False,,,1.1745278071010683e-21,True,True,RNA_pol_Rpb1_5,RNA_pol_Rpb1_R
PF04560,PF04565,77,79,78,76215,0.081,0.9625,952.378,9.895,4.387881359562591e-258,False,False,,,8.409180225794637e-257,True,True,RNA_pol_Rpb2_7,RNA_pol_Rpb2_3
PF04560,PF04563,65,79,66,76215,0.068,0.8125,950.129,9.892,3.235347538661568e-210,False,False,,,4.3347930739235524e-209,True,True,RNA_pol_Rpb2_7,RNA_pol_Rpb2_1
PF00632,PF06012,11,74,12,76215,0.012,0.1467,944.105,9.883,3.972226108507642e-33,False,False,CL0552,,4.742863034921586e-33,True,True,HECT,DUF908
PF00623,PF04997,79,81,79,76215,0.084,0.9753,940.926,9.878,6.288532600226607e-266,False,False,,,1.3223386606587615e-264,True,True,RNA_pol_Rpb1_2,RNA_pol_Rpb1_1
PF00623,PF04983,68,81,68,76215,0.072,0.8395,940.926,9.878,1.0073167905973735e-221,False,False,,,1.4664207893888686e-220,True,True,RNA_pol_Rpb1_2,RNA_pol_Rpb1_3
PF00623,PF05000,68,81,68,76215,0.072,0.8395,940.926,9.878,1.0073167905973735e-221,False,False,,,1.4664207893888686e-220,True,True,RNA_pol_Rpb1_2,RNA_pol_Rpb1_4
PF00623,PF04990,22,81,22,76215,0.023,0.2716,940.926,9.878,1.650500201967657e-67,False,False,,,3.085009019480288e-67,True,True,RNA_pol_Rpb1_2,RNA_pol_Rpb1_7
PF00623,PF04992,22,81,22,76215,0.023,0.2716,940.926,9.878,1.650500201967657e-67,False,False,,,3.085009019480288e-67,True,True,RNA_pol_Rpb1_2,RNA_pol_Rpb1_6
PF00623,PF05001,7,81,7,76215,0.007,0.0864,940.926,9.878,1.1735423594425699e-21,False,False,,,1.2847021924772602e-21,True,True,RNA_pol_Rpb1_2,RNA_pol_Rpb1_R
PF13771,PF13832,29,48,49,76215,0.031,0.4265,939.726,9.876,7.608547534835857e-85,False,True,CL0229,CL0229,2.228112372870694e-84,True,False,zf-HC5HC2H,zf-HC5HC2H_2
PF00562,PF04563,65,80,66,76215,0.069,0.8025,938.253,9.874,1.7254963670995275e-209,False,False,CL0410,,2.2520702584385212e-208,True,True,RNA_pol_Rpb2_6,RNA_pol_Rpb2_1
PF04983,PF04997,66,68,79,76215,0.07,0.8148,936.372,9.871,2.052680747274954e-212,False,False,,,2.825235137612982e-211,True,True,RNA_pol_Rpb1_3,RNA_pol_Rpb1_1
PF04997,PF05000,66,79,68,76215,0.07,0.8148,936.372,9.871,2.052680747274954e-212,False,False,,,2.825235137612982e-211,True,True,RNA_pol_Rpb1_1,RNA_pol_Rpb1_4
PF00163,PF01479,43,43,82,76215,0.046,0.5244,929.451,9.86,2.7851494281532127e-134,False,True,CL0492,CL0492,1.9431872047115043e-133,True,False,Ribosomal_S4,S4
PF03607,PF05517,8,22,30,76215,0.009,0.1818,923.818,9.851,6.607035052035297e-23,False,False,CL0072,CL0220,7.33899564840898e-23,True,True,DCX,p25-alpha
PF04438,PF25790,6,55,9,76215,0.006,0.1034,923.818,9.851,8.932636135337366e-18,False,False,CL0175,CL0951,9.483878757994931e-18,True,True,zf-HIT,BCD1
PF00575,PF07541,22,83,22,76215,0.024,0.2651,918.253,9.843,3.0692088455169055e-67,False,False,CL0021,,5.7085776315879544e-67,True,True,S1,EIF_2_alpha
PF00117,PF00958,22,85,22,76215,0.025,0.2588,896.647,9.808,5.610381760622301e-67,False,False,CL0014,,1.035868047022215e-66,True,True,GATase,GMP_synt_C
PF00454,PF00613,22,85,22,76215,0.025,0.2588,896.647,9.808,5.610381760622301e-67,False,False,CL0016,CL0020,1.035868047022215e-66,True,True,PI3_PI4_kinase,PI3Ka
PF00117,PF00988,22,85,22,76215,0.025,0.2588,896.647,9.808,5.610381760622301e-67,False,False,CL0014,CL0364,1.035868047022215e-66,True,True,GATase,CPSase_sm_chain
PF00117,PF06418,22,85,22,76215,0.025,0.2588,896.647,9.808,5.610381760622301e-67,False,False,CL0014,CL0023,1.035868047022215e-66,True,True,GATase,CTP_synth_N
PF00406,PF05191,21,85,21,76215,0.023,0.2471,896.647,9.808,6.67933481045087e-64,False,False,CL0023,CL0167,1.1387964980881325e-63,True,True,ADK,ADK_lid
PF00117,PF00425,19,85,19,76215,0.021,0.2235,896.647,9.808,9.039295166099773e-58,False,False,CL0014,CL0969,1.3837707665798844e-57,True,True,GATase,Chorismate_bind
PF11718,PF16661,20,23,74,76215,0.022,0.2597,895.593,9.807,5.805571605073386e-59,False,False,,CL0381,9.015010677006262e-59,True,True,CPSF73-100_C,Lactamase_B_6
PF00289,PF00364,22,22,86,76215,0.025,0.2558,886.221,9.792,7.538950490836219e-67,False,False,CL0063,CL0105,1.3885609541515857e-66,True,True,Biotin_carb_N,Biotin_lipoyl
PF00364,PF02785,22,86,22,76215,0.025,0.2558,886.221,9.792,7.538950490836219e-67,False,True,CL0105,CL0105,1.3885609541515857e-66,True,False,Biotin_lipoyl,Biotin_carb_C
PF01734,PF11815,20,86,20,76215,0.023,0.2326,886.221,9.792,1.0202364747290939e-60,False,False,CL0323,,1.6520192756575916e-60,True,True,Patatin,DUF3336
PF07741,PF08271,8,23,30,76215,0.009,0.1778,883.652,9.787,1.0128187095207925e-22,False,False,,CL0167,1.1200931528228486e-22,True,True,BRF1,Zn_Ribbon_TF
PF00578,PF10417,56,87,56,76215,0.064,0.6437,876.034,9.775,1.055141960941572e-175,False,False,CL0172,,1.166047393332511e-174,True,True,AhpC-TSA,1-cysPrx_C
PF01138,PF03725,44,87,44,76215,0.05,0.5057,876.034,9.775,5.473757535125964e-136,False,False,CL0329,,3.8907365766106624e-135,True,True,RNase_PH,RNase_PH_C
PF08385,PF22597,22,52,37,76215,0.025,0.3284,871.481,9.767,1.1179729967921263e-62,False,False,,CL0671,1.8702885272301428e-62,True,True,DHC_N1,DYN_lid
PF00533,PF25361,24,34,62,76215,0.028,0.3333,867.723,9.761,5.340646103012247e-69,False,False,CL0459,CL0671,1.0300303439440181e-68,True,True,BRCT,AAA_lid_RFC1
PF00006,PF02874,88,88,88,76215,0.102,1.0,866.08,9.758,4.6834371525150795e-296,True,False,CL0023,CL0866,1.2662006873049697e-294,True,False,ATP-synt_ab,ATP-synt_ab_N
PF00006,PF22919,66,88,66,76215,0.076,0.75,866.08,9.758,1.0353639404239524e-209,False,False,CL0023,,1.3630791354798818e-208,True,True,ATP-synt_ab,ATP-synt_VA_C
PF02874,PF22919,66,88,66,76215,0.076,0.75,866.08,9.758,1.0353639404239524e-209,False,False,CL0866,,1.3630791354798818e-208,True,True,ATP-synt_ab_N,ATP-synt_VA_C
PF01000,PF01193,62,88,62,76215,0.072,0.7045,866.08,9.758,9.704081828178703e-196,False,False,,CL0509,1.1848370877308514e-194,True,True,RNA_pol_A_bac,RNA_pol_L
PF24633,PF24634,51,51,88,76215,0.059,0.5795,866.08,9.758,1.4215762587960104e-158,False,True,CL0607,CL0607,1.3621939593779491e-157,True,False,DUF7630,DUF7631
PF24631,PF24634,22,22,88,76215,0.025,0.25,866.08,9.758,1.345412702980001e-66,False,False,CL0159,CL0607,2.430733690109453e-66,True,True,DUF7628,DUF7631
PF24632,PF24634,22,22,88,76215,0.025,0.25,866.08,9.758,1.345412702980001e-66,False,False,CL0159,CL0607,2.430733690109453e-66,True,True,DUF7629,DUF7631
PF24634,PF24639,22,88,22,76215,0.025,0.25,866.08,9.758,1.345412702980001e-66,False,False,CL0607,CL0159,2.430733690109453e-66,True,True,DUF7631,DUF7634
PF24634,PF24640,22,88,22,76215,0.025,0.25,866.08,9.758,1.345412702980001e-66,False,False,CL0607,CL0186,2.430733690109453e-66,True,True,DUF7631,DUF7635
PF00006,PF00306,22,88,22,76215,0.025,0.25,866.08,9.758,1.345412702980001e-66,False,False,CL0023,,2.430733690109453e-66,True,True,ATP-synt_ab,ATP-synt_ab_C
PF00306,PF02874,22,22,88,76215,0.025,0.25,866.08,9.758,1.345412702980001e-66,False,False,,CL0866,2.430733690109453e-66,True,True,ATP-synt_ab_C,ATP-synt_ab_N
PF03129,PF04073,22,88,22,76215,0.025,0.25,866.08,9.758,1.345412702980001e-66,False,False,CL0458,,2.430733690109453e-66,True,True,HGTP_anticodon,tRNA_edit
PF03129,PF09180,22,88,22,76215,0.025,0.25,866.08,9.758,1.345412702980001e-66,False,False,CL0458,,2.430733690109453e-66,True,True,HGTP_anticodon,ProRS-C_1
PF00006,PF16886,22,88,22,76215,0.025,0.25,866.08,9.758,1.345412702980001e-66,False,False,CL0023,CL0105,2.430733690109453e-66,True,True,ATP-synt_ab,ATP-synt_ab_Xtn
PF02874,PF16886,22,88,22,76215,0.025,0.25,866.08,9.758,1.345412702980001e-66,False,False,CL0866,CL0105,2.430733690109453e-66,True,True,ATP-synt_ab_N,ATP-synt_ab_Xtn
PF01472,PF01509,22,44,44,76215,0.025,0.3333,866.08,9.758,1.9529262373898723e-62,False,False,CL0178,CL0649,3.2527286286119544e-62,True,True,PUA,TruB_N
PF00467,PF16906,21,88,21,76215,0.024,0.2386,866.08,9.758,1.5300354550874363e-63,False,True,CL0010,CL0010,2.594035474806695e-63,True,False,KOW,Ribosomal_L26
PF24634,PF24635,21,88,21,76215,0.024,0.2386,866.08,9.758,1.5300354550874363e-63,False,False,CL0607,,2.594035474806695e-63,True,True,DUF7631,DUF7632
PF00051,PF24634,13,13,88,76215,0.015,0.1477,866.08,9.758,2.5562901024493072e-39,False,False,CL0602,CL0607,3.2278759091811936e-39,True,True,Kringle,DUF7631
PF00204,PF00521,23,45,45,76215,0.027,0.3433,865.652,9.758,2.2566433244553176e-65,False,False,CL0329,,4.005343485610024e-65,True,True,DNA_gyraseB,DNA_topoisoIV
PF01851,PF13646,23,45,45,76215,0.027,0.3433,865.652,9.758,2.2566433244553176e-65,False,True,CL0020,CL0020,4.005343485610024e-65,True,False,PC_rep,HEAT_2
PF00198,PF00364,63,65,86,76215,0.073,0.7159,858.953,9.746,5.397531219303361e-197,False,False,CL0149,CL0105,6.643790460183161e-196,True,True,2-oxoacid_dh,Biotin_lipoyl
PF00117,PF02787,22,85,23,76215,0.026,0.2558,857.662,9.744,1.2893672401773076e-65,False,False,CL0014,CL0123,2.2992956438497572e-65,True,True,GATase,CPSase_L_D3
PF00117,PF25596,22,85,23,76215,0.026,0.2558,857.662,9.744,1.2893672401773076e-65,False,False,CL0014,CL0063,2.2992956438497572e-65,True,True,GATase,CPSase_L_D1
PF00117,PF02142,20,85,21,76215,0.023,0.2326,853.95,9.738,1.6429057074268914e-59,False,False,CL0014,,2.5829275607936796e-59,True,True,GATase,MGS
PF00364,PF01039,22,86,23,76215,0.026,0.2529,847.69,9.727,1.73256546098978e-65,False,False,CL0105,CL0127,3.0860048328688554e-65,True,True,Biotin_lipoyl,Carboxyl_trans
PF03764,PF16004,15,90,15,76215,0.018,0.1667,846.833,9.726,3.526270418388679e-45,False,False,CL0329,,4.720400896056994e-45,True,True,EFG_IV,EFTUD2
PF00106,PF08659,13,78,15,76215,0.015,0.1625,846.833,9.726,4.921528691276011e-38,False,True,CL0063,CL0063,6.163105408264583e-38,True,False,adh_short,KR
PF00579,PF22421,10,90,10,76215,0.012,0.1111,846.833,9.726,3.1409423201742772e-30,False,False,CL0039,CL0492,3.6890075216190335e-30,True,True,tRNA-synt_1b,SYY_C-terminal
PF03828,PF22600,5,5,90,76215,0.006,0.0556,846.833,9.726,2.0511036440364244e-15,False,False,,CL0260,2.1475594170616503e-15,True,True,PAP_assoc,MTPAP-like_central
PF00467,PF17136,42,88,43,76215,0.05,0.4719,845.938,9.724,1.3187237837230455e-127,False,True,CL0010,CL0010,8.459948341341911e-127,True,False,KOW,ribosomal_L24
PF01472,PF17832,21,44,43,76215,0.025,0.3182,845.938,9.724,3.2339591364621965e-59,False,False,CL0178,CL0668,5.05285256202659e-59,True,True,PUA,Pre-PUA
PF00752,PF00867,66,67,89,76215,0.078,0.7333,843.567,9.72,2.683494893564539e-207,False,False,CL0280,CL0464,3.4141271166863126e-206,True,True,XPG_N,XPG_I
PF09382,PF16124,7,22,29,76215,0.008,0.1591,836.215,9.708,8.94951162256711e-20,False,False,CL0123,,9.643815371221782e-20,True,True,RQC,RecQ_Zn_bind
PF00515,PF07719,8,32,23,76215,0.01,0.1702,828.424,9.694,1.8195009784085436e-22,False,True,CL0020,CL0020,2.009281167987261e-22,True,False,TPR_1,TPR_2
PF00588,PF08032,17,87,18,76215,0.021,0.1932,827.366,9.692,3.2092120086163865e-50,False,False,CL0098,CL0101,4.519764633530427e-50,True,True,SpoU_methylase,SpoU_sub_bind
PF01593,PF13450,39,68,53,76215,0.047,0.4756,824.746,9.688,2.699217789068567e-113,False,True,CL0063,CL0063,1.5079762851106312e-112,True,False,Amino_oxidase,NAD_binding_8
PF00454,PF21245,22,85,24,76215,0.027,0.2529,821.926,9.683,1.5460169655319473e-64,False,False,CL0016,CL0020,2.696624061999272e-64,True,True,PI3_PI4_kinase,PI4KB-PIK1_PIK
PF00623,PF04998,69,81,80,76215,0.085,0.75,811.549,9.665,1.7987857197879848e-212,False,False,,,2.521631092369453e-211,True,True,RNA_pol_Rpb1_2,RNA_pol_Rpb1_5
PF01344,PF24981,13,36,34,76215,0.016,0.2281,809.473,9.661,4.538819746488598e-36,False,True,CL0186,CL0186,5.546225259228198e-36,True,False,Kelch_1,Beta-prop_ATRN-LZTR1
PF04997,PF04998,67,79,80,76215,0.083,0.7283,807.975,9.658,4.839656840377178e-205,False,False,,,6.055570625066982e-204,True,True,RNA_pol_Rpb1_1,RNA_pol_Rpb1_5
PF00136,PF03104,41,69,57,76215,0.052,0.4824,794.512,9.634,2.2406910583705617e-118,False,False,CL0194,CL0219,1.2898883126893653e-117,True,True,DNA_pol_B,DNA_pol_B_exo1
PF17852,PF22597,37,98,37,76215,0.048,0.3776,777.704,9.603,4.336732553920841e-111,False,False,,CL0671,2.378917785013099e-110,True,True,Dynein_AAA_lid,DYN_lid
PF12780,PF12781,86,93,91,76215,0.111,0.8776,774.488,9.597,1.561243319291886e-272,False,True,CL0023,CL0023,3.751940294298278e-271,True,False,AAA_8,AAA_9
PF03104,PF24055,22,57,38,76215,0.028,0.3014,774.114,9.596,3.4199326272587444e-61,False,False,CL0219,,5.609726974723444e-61,True,True,DNA_pol_B_exo1,POL3_N
PF12780,PF17857,47,93,51,76215,0.062,0.4845,755.24,9.561,1.8607013936396466e-138,False,False,CL0023,CL0671,1.360918797087162e-137,True,True,AAA_8,AAA_lid_1
PF00808,PF09011,17,64,27,76215,0.023,0.2297,749.8,9.55,4.173083436497353e-47,False,False,CL0012,CL0114,5.6970679196185685e-47,True,True,CBFD_NFYB_HMF,HMG_box_2
PF07724,PF10431,80,102,80,76215,0.107,0.7843,747.206,9.545,2.4374466707515945e-250,False,False,CL0023,CL0671,4.3415226582563694e-249,True,True,AAA_2,ClpB_D2-small
PF07724,PF17871,68,102,68,76215,0.091,0.6667,747.206,9.545,3.523662011707097e-209,False,False,CL0023,CL0671,4.559678876687645e-208,True,True,AAA_2,AAA_lid_9
PF02861,PF07724,49,49,102,76215,0.066,0.4804,747.206,9.545,1.3763259374226492e-147,False,False,,CL0023,1.157643038476606e-146,True,True,Clp_N,AAA_2
PF03810,PF13513,44,102,44,76215,0.059,0.4314,747.206,9.545,6.417490552813902e-132,False,True,CL0020,CL0020,4.37661292655867e-131,True,False,IBN_N,HEAT_EZ
PF03810,PF18784,22,102,22,76215,0.029,0.2157,747.206,9.545,5.304249171254217e-65,False,False,CL0020,,9.337945634045215e-65,True,True,IBN_N,CRM1_repeat_2
PF03810,PF18787,21,102,21,76215,0.028,0.2059,747.206,9.545,4.989530387093132e-62,False,True,CL0020,CL0020,8.237894226890952e-62,True,False,IBN_N,CRM1_repeat_3
PF09011,PF15963,5,27,19,76215,0.007,0.122,742.836,9.537,4.366294888218072e-14,False,False,CL0114,CL0123,4.533998944281318e-14,True,True,HMG_box_2,Myb_DNA-bind_7
PF04053,PF06957,6,28,22,76215,0.008,0.1364,742.354,9.536,1.0287546283887569e-16,False,False,CL0186,CL0020,1.0869047504400405e-16,True,True,B-prop_COPA_B_2nd,COPI_C
PF12781,PF17857,44,91,51,76215,0.061,0.449,722.573,9.497,9.45587377824906e-127,False,False,CL0023,CL0671,5.915782190193834e-126,True,True,AAA_9,AAA_lid_1
PF01751,PF02518,40,61,70,76215,0.056,0.4396,713.958,9.48,2.8812611415716256e-112,False,False,CL0413,CL0025,1.6037607971836181e-111,True,True,Toprim,HATPase_c
PF03810,PF08767,21,102,22,76215,0.029,0.2039,713.242,9.478,1.0965827928345254e-60,False,True,CL0020,CL0020,1.7624483528147256e-60,True,False,IBN_N,CRM1_C
PF02463,PF06470,81,101,86,76215,0.114,0.7642,710.732,9.473,5.0435504619121954e-247,False,False,CL0023,,8.579702695882095e-246,True,True,SMC_N,SMC_hinge
PF08385,PF12781,44,52,91,76215,0.062,0.4444,708.677,9.469,6.14260942818806e-126,False,False,,CL0023,3.780451493608424e-125,True,True,DHC_N1,AAA_9
PF00472,PF03462,62,106,63,76215,0.088,0.5794,707.597,9.467,5.728689949951768e-186,False,False,CL0337,,6.775966081427326e-185,True,True,RF-1,PCRF
PF01805,PF04818,23,46,54,76215,0.033,0.2987,705.694,9.463,1.187113983522778e-62,False,False,,CL0020,1.983764427211353e-62,True,True,Surp,CID
PF05193,PF08367,22,108,22,76215,0.031,0.2037,705.694,9.463,2.158855388867583e-64,False,True,CL0094,CL0094,3.756904665224736e-64,True,False,Peptidase_M16_C,M16C_assoc
PF05193,PF22516,22,108,22,76215,0.031,0.2037,705.694,9.463,2.158855388867583e-64,False,True,CL0094,CL0094,3.756904665224736e-64,True,False,Peptidase_M16_C,PreP_C
PF00627,PF23195,26,74,38,76215,0.037,0.3023,704.691,9.461,8.391577425501295e-72,False,False,CL0214,,1.7499790939681766e-71,True,True,UBA,UBQLN1
PF01189,PF22458,22,109,22,76215,0.031,0.2018,699.22,9.45,2.7047728435237536e-64,False,False,CL0063,CL0795,4.6907515293183994e-64,True,True,Methyltr_RsmB-F,RsmF-B_ferredox
PF00530,PF03815,22,22,109,76215,0.031,0.2018,699.22,9.45,2.7047728435237536e-64,False,False,CL0550,CL0513,4.6907515293183994e-64,True,True,SRCR,LCCL
PF01477,PF03815,22,22,109,76215,0.031,0.2018,699.22,9.45,2.7047728435237536e-64,False,False,CL0321,CL0513,4.6907515293183994e-64,True,True,PLAT,LCCL
PF00652,PF03815,9,9,109,76215,0.013,0.0826,699.22,9.45,1.7838665627344146e-26,False,False,CL0066,CL0513,2.0337153433583612e-26,True,True,Ricin_B_lectin,LCCL
PF03815,PF06439,5,109,5,76215,0.007,0.0459,699.22,9.45,5.452352297985372e-15,False,False,CL0513,CL0004,5.693007847689554e-15,True,True,LCCL,3keto-disac_hyd
PF00498,PF12906,43,107,44,76215,0.062,0.3981,696.101,9.443,5.078795429006595e-126,False,False,CL0357,CL0229,3.138488277353464e-125,True,True,FHA,RINGv
PF08385,PF12780,44,52,93,76215,0.063,0.4356,693.437,9.438,2.2340716822918548e-125,False,False,,CL0023,1.358387360236895e-124,True,True,DHC_N1,AAA_8
PF07699,PF24631,22,110,22,76215,0.032,0.2,692.864,9.436,3.380966054404694e-64,False,False,CL0001,CL0159,5.8300485266158394e-64,True,True,Ephrin_rec_like,DUF7628
PF07699,PF24632,22,110,22,76215,0.032,0.2,692.864,9.436,3.380966054404694e-64,False,False,CL0001,CL0159,5.8300485266158394e-64,True,True,Ephrin_rec_like,DUF7629
PF07699,PF24639,22,110,22,76215,0.032,0.2,692.864,9.436,3.380966054404694e-64,False,False,CL0001,CL0159,5.8300485266158394e-64,True,True,Ephrin_rec_like,DUF7634
PF07699,PF24640,22,110,22,76215,0.032,0.2,692.864,9.436,3.380966054404694e-64,False,False,CL0001,CL0186,5.8300485266158394e-64,True,True,Ephrin_rec_like,DUF7635
PF00051,PF07699,13,13,110,76215,0.019,0.1182,692.864,9.436,5.645388693270438e-38,False,False,CL0602,CL0001,7.057901306037525e-38,True,True,Kringle,Ephrin_rec_like
PF00488,PF01624,29,73,44,76215,0.042,0.3295,688.118,9.427,1.0157403959515467e-79,False,False,CL0023,,2.5889410092098346e-79,True,True,MutS_V,MutS_I
PF02779,PF02780,65,111,65,76215,0.095,0.5856,686.622,9.423,1.5307250604910523e-195,False,False,CL0254,CL0591,1.8540141932667625e-194,True,True,Transket_pyr,Transketolase_C
PF02779,PF16870,23,111,23,76215,0.033,0.2072,686.622,9.423,4.9254817639274054e-67,False,False,CL0254,CL0591,9.138700233561387e-67,True,True,Transket_pyr,OxoGdeHyase_C
PF04055,PF16881,23,111,23,76215,0.033,0.2072,686.622,9.423,4.9254817639274054e-67,False,False,CL0036,,9.138700233561387e-67,True,True,Radical_SAM,LIAS_N
PF00456,PF02779,22,22,111,76215,0.032,0.1982,686.622,9.423,4.2167104723474236e-64,False,True,CL0254,CL0254,7.205530084801353e-64,True,False,Transketolase_N,Transket_pyr
PF02779,PF22613,22,111,22,76215,0.032,0.1982,686.622,9.423,4.2167104723474236e-64,False,False,CL0254,CL0591,7.205530084801353e-64,True,True,Transket_pyr,Transketolase_C_1
PF00919,PF04055,22,22,111,76215,0.032,0.1982,686.622,9.423,4.2167104723474236e-64,False,False,CL0304,CL0036,7.205530084801353e-64,True,True,UPF0004,Radical_SAM
PF04055,PF08608,22,111,22,76215,0.032,0.1982,686.622,9.423,4.2167104723474236e-64,False,False,CL0036,,7.205530084801353e-64,True,True,Radical_SAM,Wyosine_form
PF04055,PF16199,22,111,22,76215,0.032,0.1982,686.622,9.423,4.2167104723474236e-64,False,False,CL0036,,7.205530084801353e-64,True,True,Radical_SAM,Radical_SAM_C
PF00397,PF25432,22,111,22,76215,0.032,0.1982,686.622,9.423,4.2167104723474236e-64,False,False,CL0680,CL0584,7.205530084801353e-64,True,True,WW,FF_PRPF40A
PF02779,PF13292,22,111,22,76215,0.032,0.1982,686.622,9.423,4.2167104723474236e-64,False,True,CL0254,CL0254,7.205530084801353e-64,True,False,Transket_pyr,DXP_synthase_N
PF00169,PF05708,14,111,14,76215,0.02,0.1261,686.622,9.423,8.223381866001138e-41,False,False,CL0266,CL0125,1.057791006382814e-40,True,True,PH,Peptidase_C92
PF01938,PF04055,13,13,111,76215,0.019,0.1171,686.622,9.423,6.394266785234885e-38,False,False,CL0021,CL0036,7.98097272287355e-38,True,True,TRAM,Radical_SAM
PF02779,PF16078,13,111,13,76215,0.019,0.1171,686.622,9.423,6.394266785234885e-38,False,False,CL0254,,7.98097272287355e-38,True,True,Transket_pyr,2-oxogl_dehyd_N
PF07699,PF24634,87,110,88,76215,0.127,0.7838,684.99,9.42,1.0389197280710303e-267,False,False,CL0001,CL0607,2.2470349547136282e-266,True,True,Ephrin_rec_like,DUF7631
PF00754,PF03815,44,45,109,76215,0.064,0.4,683.682,9.417,1.2349697695432404e-128,False,False,CL0202,CL0513,8.09413087051284e-128,True,True,F5_F8_type_C,LCCL
PF00957,PF13774,62,105,66,76215,0.091,0.5688,681.866,9.413,2.715873578346351e-182,False,False,CL0445,CL0431,3.115024695163921e-181,True,True,Synaptobrevin,Longin
PF02656,PF09359,5,20,28,76215,0.007,0.1163,680.491,9.41,7.084451831826786e-14,False,False,,CL0273,7.34647950231901e-14,True,True,DUF202,VTC
PF07699,PF24633,50,110,51,76215,0.074,0.4505,679.278,9.408,7.815137735229866e-147,False,False,CL0001,CL0607,6.501164028097812e-146,True,True,Ephrin_rec_like,DUF7630
PF07500,PF08711,22,38,65,76215,0.032,0.2716,678.838,9.407,1.1884801182930024e-59,False,False,,,1.870435446045328e-59,True,True,TFIIS_M,Med26
PF04408,PF21010,108,108,113,76215,0.16,0.9558,674.469,9.398,0.0,False,False,CL0123,,0.0,True,True,WHD_HA2,HA2_C
PF16209,PF16212,83,85,111,76215,0.124,0.7345,670.466,9.389,1.3319652079834869e-251,False,False,,CL0137,2.4296329215506014e-250,True,True,PhoLip_ATPase_N,PhoLip_ATPase_C
PF12874,PF21884,20,53,43,76215,0.03,0.2632,668.846,9.386,1.073787606288722e-53,False,False,CL0361,,1.581434276187865e-53,True,True,zf-met,ZUO1-like_ZHD
PF00789,PF14555,15,52,33,76215,0.023,0.2143,666.215,9.38,3.5496736611894118e-40,False,False,CL0072,CL0214,4.542862149654073e-40,True,True,UBX,UBA_4
PF07699,PF24635,20,110,21,76215,0.03,0.1802,659.87,9.366,5.140270913550889e-57,False,False,CL0001,,7.821477550870397e-57,True,True,Ephrin_rec_like,DUF7632
PF12777,PF12780,93,116,93,76215,0.142,0.8017,657.026,9.36,1.296367806183911e-286,False,False,,CL0023,3.383966997521451e-285,True,True,MT,AAA_8
PF00096,PF12874,10,22,53,76215,0.015,0.1538,653.645,9.352,6.880530393039557e-27,False,True,CL0361,CL0361,7.861979634008972e-27,True,False,zf-C2H2,zf-met
PF06424,PF23240,6,20,35,76215,0.009,0.1224,653.271,9.352,2.3011069665838824e-16,False,False,,CL0020,2.4210395742932576e-16,True,True,PRP1_N,HAT_PRP39_N
PF00175,PF00667,22,66,39,76215,0.034,0.2651,651.41,9.347,4.086688863490898e-59,False,False,CL0091,CL0866,6.35893827268779e-59,True,True,NAD_binding_1,FAD_binding_1
PF12777,PF12781,90,116,91,76215,0.139,0.7692,649.806,9.344,3.334748667538657e-274,False,False,,CL0023,8.143241101054076e-273,True,True,MT,AAA_9
PF07719,PF17830,8,23,41,76215,0.012,0.1429,646.575,9.337,1.6502332937084943e-21,False,False,CL0020,,1.8052407562678184e-21,True,True,TPR_2,STI1-HOP_DP
PF00350,PF01031,45,118,45,76215,0.07,0.3814,645.89,9.335,2.1585835681713062e-131,False,False,CL0023,,1.4589712152729276e-130,True,True,Dynamin_N,Dynamin_M
PF00350,PF02212,44,118,44,76215,0.068,0.3729,645.89,9.335,2.221911742853737e-128,False,False,CL0023,,1.4499889563278264e-127,True,True,Dynamin_N,GED
PF00350,PF18150,22,118,22,76215,0.034,0.1864,645.89,9.335,1.8651829166210656e-63,False,False,CL0023,,3.155180933814853e-63,True,True,Dynamin_N,DUF5600
PF13516,PF13855,8,34,28,76215,0.012,0.1481,640.462,9.323,1.987203922764533e-21,False,True,CL0022,CL0022,2.1707263629621233e-21,True,False,LRR_6,LRR_8
PF04408,PF07717,108,108,120,76215,0.17,0.9,635.125,9.311,0.0,False,False,CL0123,CL0021,0.0,True,True,WHD_HA2,OB_NTP_bind
PF07719,PF13414,8,23,42,76215,0.013,0.1404,631.18,9.302,2.0381667029356763e-21,False,True,CL0020,CL0020,2.224790474581553e-21,True,False,TPR_2,TPR_11
PF08393,PF12780,90,117,93,76215,0.143,0.75,630.397,9.3,2.059180142894485e-270,False,False,,CL0023,4.796305748218847e-269,True,True,DHC_N2,AAA_8
PF07728,PF17857,26,62,51,76215,0.041,0.2989,626.689,9.292,2.4299642212182854e-69,False,False,CL0023,CL0671,4.73483375923357e-69,True,True,AAA_5,AAA_lid_1
PF00428,PF17777,22,63,43,76215,0.036,0.2619,618.948,9.274,2.4354240489056593e-58,False,False,,,3.747187002076391e-58,True,True,Ribosomal_60s,RL10P_insert
PF08393,PF12781,86,117,91,76215,0.14,0.7049,615.618,9.266,3.2789753576431424e-254,False,False,,CL0023,6.054108160331363e-253,True,True,DHC_N2,AAA_9
PF07717,PF21010,109,120,113,76215,0.178,0.879,612.643,9.259,0.0,False,False,CL0021,,0.0,True,True,OB_NTP_bind,HA2_C
PF08241,PF12589,13,81,20,76215,0.021,0.1477,611.602,9.256,6.159805717484601e-35,False,False,CL0063,,7.466730069072606e-35,True,True,Methyltransf_11,WBS_methylT
PF03028,PF12780,91,122,93,76215,0.149,0.7339,611.278,9.256,2.938126613117346e-272,False,True,CL0023,CL0023,6.950505769155722e-271,True,False,Dynein_heavy,AAA_8
PF01119,PF13589,43,43,125,76215,0.071,0.344,609.72,9.252,4.733215171704688e-124,False,False,CL0329,CL0025,2.8550150477931864e-123,True,True,DNA_mis_repair,HATPase_c_3
PF13589,PF16413,22,125,22,76215,0.036,0.176,609.72,9.252,7.506541194920911e-63,False,False,CL0025,,1.262767041012251e-62,True,True,HATPase_c_3,Mlh1_C
PF08676,PF13589,21,21,125,76215,0.034,0.168,609.72,9.252,5.499551921209653e-60,False,False,,CL0025,8.7095414317065e-60,True,True,MutL_C,HATPase_c_3
PF12777,PF17857,47,116,51,76215,0.078,0.3917,605.494,9.242,1.752972754984165e-132,False,False,,CL0671,1.2063639777481935e-131,True,True,MT,AAA_lid_1
PF01612,PF13481,22,126,22,76215,0.036,0.1746,604.881,9.241,9.094463370769566e-63,False,False,CL0219,CL0023,1.5264986189961333e-62,True,True,DNA_pol_A_exo1,AAA_25
PF01096,PF07500,22,73,38,76215,0.036,0.2472,604.445,9.239,2.5048613680554832e-58,False,False,CL0167,,3.850111788056854e-58,True,True,Zn_ribbon_TFIIS,TFIIS_M
PF12777,PF22597,34,116,37,76215,0.056,0.2857,603.753,9.238,5.707565470897898e-95,False,False,,CL0671,2.851899050475055e-94,True,True,MT,DYN_lid
PF00684,PF01556,43,43,127,76215,0.072,0.3386,600.118,9.229,1.0863584219394493e-123,False,False,CL0895,,6.52677242387431e-123,True,True,DnaJ_CXXCXGXG,DnaJ_C
PF01253,PF17832,22,65,43,76215,0.037,0.2558,599.903,9.229,5.606877161876437e-58,False,False,,CL0668,8.600620084175204e-58,True,True,SUI1,Pre-PUA
PF12774,PF22597,37,128,37,76215,0.062,0.2891,595.43,9.218,6.660115726350202e-106,False,False,CL0023,CL0671,3.601219717747931e-105,True,True,AAA_6,DYN_lid
PF00169,PF01237,19,111,22,76215,0.032,0.1667,592.991,9.212,3.799328630746261e-52,False,False,CL0266,,5.483492418445986e-52,True,True,PH,Oxysterol_BP
PF08264,PF19302,22,129,22,76215,0.037,0.1705,590.814,9.207,1.6014063158109905e-62,False,False,CL0258,,2.673130277991003e-62,True,True,Anticodon_1,DUF5915
PF06827,PF08264,12,12,129,76215,0.02,0.093,590.814,9.207,3.264801860352397e-34,False,False,CL0839,CL0258,3.941714526773149e-34,True,True,zf-FPG_IleRS,Anticodon_1
PF08264,PF13603,7,129,7,76215,0.012,0.0543,590.814,9.207,3.373240028002291e-20,False,False,CL0258,CL0039,3.6479181445681917e-20,True,True,Anticodon_1,tRNA-synt_1_2
PF03028,PF12781,86,122,91,76215,0.146,0.6772,590.388,9.206,1.8023500568587337e-251,False,True,CL0023,CL0023,3.248521412004908e-250,True,False,Dynein_heavy,AAA_9
PF03764,PF14492,68,90,98,76215,0.116,0.5667,587.599,9.199,2.032087640201504e-190,False,False,CL0329,CL0437,2.4417307041786324e-189,True,True,EFG_IV,EFG_III
PF08393,PF17857,46,117,51,76215,0.078,0.377,587.547,9.199,2.951687467814121e-128,False,False,,CL0671,1.9179634447513215e-127,True,True,DHC_N2,AAA_lid_1
PF00628,PF23264,11,68,21,76215,0.019,0.141,587.09,9.197,4.256268305323831e-29,False,False,CL0229,,4.930367417184606e-29,True,True,PHD,DUF7073
PF00806,PF22493,6,39,20,76215,0.01,0.1132,586.269,9.195,4.622412937062401e-16,False,True,CL0020,CL0020,4.853213028233339e-16,True,False,PUF,PUF_NOP9
PF12774,PF12777,114,128,116,76215,0.195,0.8769,585.164,9.193,0.0,False,False,CL0023,,0.0,True,True,AAA_6,MT
PF12774,PF17857,50,128,51,76215,0.086,0.3876,583.755,9.189,1.3939351738033128e-142,False,False,CL0023,CL0671,1.0934807529213551e-141,True,True,AAA_6,AAA_lid_1
PF12774,PF12780,91,128,93,76215,0.156,0.7,582.625,9.186,6.853441349937167e-269,False,True,CL0023,CL0023,1.5258985593830693e-267,True,False,AAA_6,AAA_8
PF00675,PF08367,22,131,22,76215,0.038,0.1679,581.794,9.184,2.3166793712420303e-62,False,True,CL0094,CL0094,3.8501125884307725e-62,True,False,Peptidase_M16,M16C_assoc
PF00675,PF22516,22,131,22,76215,0.038,0.1679,581.794,9.184,2.3166793712420303e-62,False,True,CL0094,CL0094,3.8501125884307725e-62,True,False,Peptidase_M16,PreP_C
PF12775,PF12777,116,132,116,76215,0.201,0.8788,577.386,9.173,0.0,False,False,CL0023,,0.0,True,True,AAA_7,MT
PF12775,PF12780,93,132,93,76215,0.161,0.7045,577.386,9.173,5.414747396990911e-277,False,True,CL0023,CL0023,1.3439225506629901e-275,True,False,AAA_7,AAA_8
PF12775,PF17857,51,132,51,76215,0.088,0.3864,577.386,9.173,2.034835954379311e-146,False,False,CL0023,CL0671,1.68346537427884e-145,True,True,AAA_7,AAA_lid_1
PF12775,PF22597,37,132,37,76215,0.064,0.2803,577.386,9.173,2.527771600420547e-105,False,False,CL0023,CL0671,1.3619381505468712e-104,True,True,AAA_7,DYN_lid
PF01624,PF05192,22,44,66,76215,0.038,0.25,577.386,9.173,1.6806903653414572e-57,False,False,,,2.5676742816619235e-57,True,True,MutS_I,MutS_III
PF00587,PF02403,22,132,22,76215,0.038,0.1667,577.386,9.173,2.7800152454904355e-62,False,False,CL0040,CL0298,4.599937794177617e-62,True,True,tRNA-synt_2b,Seryl_tRNA_N
PF00587,PF04073,22,132,22,76215,0.038,0.1667,577.386,9.173,2.7800152454904355e-62,False,False,CL0040,,4.599937794177617e-62,True,True,tRNA-synt_2b,tRNA_edit
PF00587,PF09180,22,132,22,76215,0.038,0.1667,577.386,9.173,2.7800152454904355e-62,False,False,CL0040,,4.599937794177617e-62,True,True,tRNA-synt_2b,ProRS-C_1
PF12774,PF17852,95,128,98,76215,0.165,0.7252,577.202,9.173,1.1498556979254163e-280,False,False,CL0023,,2.9014692110984673e-279,True,True,AAA_6,Dynein_AAA_lid
PF00091,PF03953,109,131,110,76215,0.189,0.8258,576.505,9.171,0.0,False,False,CL0063,CL0442,0.0,True,True,Tubulin,Tubulin_C
PF08385,PF08393,46,52,117,76215,0.08,0.374,576.248,9.171,2.555795199509239e-127,False,False,,,1.6258293832172218e-126,True,True,DHC_N1,DHC_N2
PF12774,PF12781,88,128,91,76215,0.153,0.6718,575.8,9.169,1.4475115222112572e-257,False,True,CL0023,CL0023,2.739415555784804e-256,True,False,AAA_6,AAA_9
PF12774,PF12775,127,128,132,76215,0.222,0.9549,572.876,9.162,0.0,False,True,CL0023,CL0023,0.0,True,False,AAA_6,AAA_7
PF08393,PF12777,102,117,116,76215,0.178,0.7786,572.792,9.162,1.4112371277037564e-300,False,False,,,3.956690761747198e-299,True,True,DHC_N2,MT
PF12775,PF12781,90,132,91,76215,0.158,0.6767,571.041,9.157,3.153945717386831e-265,False,True,CL0023,CL0023,6.452802454221166e-264,True,False,AAA_7,AAA_9
PF00675,PF05193,106,131,108,76215,0.186,0.797,571.02,9.157,1.082059e-317,False,True,CL0094,CL0094,3.5613858e-316,True,False,Peptidase_M16,Peptidase_M16_C
PF07647,PF07714,27,31,117,76215,0.048,0.2231,567.357,9.148,1.2870744530879065e-73,False,False,CL0003,CL0016,2.7957399167504883e-73,True,True,SAM_2,PK_Tyr_Ser-Thr
PF00805,PF23264,5,32,21,76215,0.009,0.1042,567.076,9.147,1.9034211039834854e-13,False,False,CL0505,,1.9711214442072481e-13,True,True,Pentapeptide,DUF7073
PF00730,PF07934,9,55,22,76215,0.016,0.1324,566.888,9.147,1.3140357853122899e-23,False,False,CL0198,CL0407,1.4671461496775862e-23,True,True,HhH-GPD,OGG_N
PF12775,PF17852,96,132,98,76215,0.17,0.7164,565.603,9.144,3.1965082662962075e-283,False,False,CL0023,,8.20256527995332e-282,True,True,AAA_7,Dynein_AAA_lid
PF00133,PF19302,22,135,22,76215,0.039,0.163,564.556,9.141,4.761216614982051e-62,False,False,CL0039,,7.869521785024919e-62,True,True,tRNA-synt_1,DUF5915
PF00133,PF06827,12,135,12,76215,0.021,0.0889,564.556,9.141,5.77131912200585e-34,False,False,CL0039,CL0839,6.945768800251873e-34,True,True,tRNA-synt_1,zf-FPG_IleRS
PF00133,PF13603,7,135,7,76215,0.012,0.0519,564.556,9.141,4.672023158434385e-20,False,True,CL0039,CL0039,5.041655781803036e-20,True,False,tRNA-synt_1,tRNA-synt_1_2
PF05773,PF06544,21,66,43,76215,0.037,0.2386,563.959,9.139,1.4225160834438117e-54,False,False,CL0208,CL0622,2.1218614289004244e-54,True,True,RWD,Prp3_C
PF03028,PF17857,46,122,51,76215,0.082,0.3622,563.467,9.138,3.3107333963584917e-127,False,False,CL0023,CL0671,2.088520984202815e-126,True,True,Dynein_heavy,AAA_lid_1
PF00690,PF13246,43,43,136,76215,0.077,0.3162,560.404,9.13,3.780302250553002e-122,False,False,,CL0137,2.262204587880334e-121,True,True,Cation_ATPase_N,Cation_ATPase
PF00521,PF02518,23,45,70,76215,0.041,0.25,556.49,9.12,9.753244421197088e-60,False,False,,CL0025,1.538167922259624e-59,True,True,DNA_topoisoIV,HATPase_c
PF12777,PF17852,83,116,98,76215,0.149,0.6336,556.461,9.12,4.5806368179630524e-235,False,False,,,7.538134937387023e-234,True,True,MT,Dynein_AAA_lid
PF08385,PF12777,44,52,116,76215,0.079,0.3548,555.945,9.119,6.494254240627328e-120,False,False,,,3.796255181586785e-119,True,True,DHC_N1,MT
PF00133,PF08264,127,135,129,76215,0.228,0.927,555.803,9.118,0.0,False,False,CL0039,CL0258,0.0,True,True,tRNA-synt_1,Anticodon_1
PF03028,PF12777,103,122,116,76215,0.186,0.763,554.702,9.116,6.735705424440394e-301,False,False,CL0023,,1.924124153321275e-299,True,True,Dynein_heavy,MT
PF00097,PF06391,14,92,21,76215,0.025,0.1414,552.283,9.109,5.692535811594001e-37,False,False,CL0229,,7.012611243900176e-37,True,True,zf-C3HC4,MAT1
PF03028,PF08393,103,122,117,76215,0.187,0.7574,549.961,9.103,5.627733313666805e-300,False,False,CL0023,,1.5491614976166442e-298,True,True,Dynein_heavy,DHC_N2
PF17852,PF17857,36,98,51,76215,0.066,0.3186,548.968,9.101,1.6790182272565246e-95,False,False,,CL0671,8.417329788299266e-95,True,True,Dynein_AAA_lid,AAA_lid_1
PF17857,PF18199,51,51,139,76215,0.093,0.3669,548.309,9.099,5.46867910419248e-145,False,False,CL0671,,4.4040320019933056e-144,True,True,AAA_lid_1,Dynein_C
PF17857,PF18198,51,51,140,76215,0.094,0.3643,544.393,9.089,8.602416568392666e-145,False,True,CL0671,CL0671,6.891036341029892e-144,True,False,AAA_lid_1,AAA_lid_11
PF12781,PF22597,24,91,37,76215,0.044,0.2308,543.261,9.086,8.884081989900927e-63,False,False,CL0023,CL0671,1.4928413021875696e-62,True,True,AAA_9,DYN_lid
PF07728,PF12780,41,62,93,76215,0.076,0.3596,541.938,9.082,1.80574944162951e-108,False,True,CL0023,CL0023,9.834189405133375e-108,True,False,AAA_5,AAA_8
PF00168,PF24652,21,76,39,76215,0.039,0.2234,539.985,9.077,2.751713644209023e-54,False,False,CL0154,CL0659,4.0884145803066347e-54,True,True,C2,CEP76_C
PF08393,PF12774,106,117,128,76215,0.196,0.7626,539.449,9.075,1.018121616286331e-308,False,False,,CL0023,3.145788014403072e-307,True,True,DHC_N2,AAA_6
PF00168,PF24656,22,76,41,76215,0.041,0.2316,538.103,9.072,7.789420001990578e-57,False,False,CL0154,CL0125,1.1840544059250737e-56,True,True,C2,CEPT76_peptidase
PF00689,PF13246,44,46,136,76215,0.082,0.3188,536.039,9.066,4.765715095189847e-122,False,False,,CL0137,2.84066639925883e-121,True,True,Cation_ATPase_C,Cation_ATPase
PF12777,PF18198,114,116,140,76215,0.213,0.8028,535.007,9.063,0.0,False,False,,CL0671,0.0,True,True,MT,AAA_lid_11
PF12777,PF18199,113,116,139,76215,0.212,0.7958,534.129,9.061,0.0,False,False,,,0.0,True,True,MT,Dynein_C
PF12780,PF18198,91,93,140,76215,0.171,0.6408,532.685,9.057,5.411966382386641e-263,False,False,CL0023,CL0671,1.078120671438602e-261,True,True,AAA_8,AAA_lid_11
PF12781,PF18198,89,91,140,76215,0.167,0.6268,532.428,9.056,1.1772424681172107e-256,False,False,CL0023,CL0671,2.2004260453450083e-255,True,True,AAA_9,AAA_lid_11
PF03028,PF12774,109,122,128,76215,0.205,0.773,531.982,9.055,2.7011503e-317,False,True,CL0023,CL0023,8.70115214e-316,True,False,Dynein_heavy,AAA_6
PF12774,PF18199,124,128,139,76215,0.233,0.8671,531.175,9.053,0.0,False,False,CL0023,,0.0,True,True,AAA_6,Dynein_C
PF12780,PF18199,90,93,139,76215,0.17,0.6338,530.622,9.052,8.92068086239109e-259,False,False,CL0023,,1.7315270289307835e-257,True,True,AAA_8,Dynein_C
PF00753,PF07521,20,64,45,76215,0.038,0.2247,529.271,9.048,3.4210479081593616e-51,False,False,CL0381,CL0398,4.904797853175448e-51,True,True,Lactamase_B,RMMBL
PF00753,PF10996,20,64,45,76215,0.038,0.2247,529.271,9.048,3.4210479081593616e-51,False,False,CL0381,CL0023,4.904797853175448e-51,True,True,Lactamase_B,Beta-Casp
PF12775,PF18199,127,132,139,76215,0.241,0.8819,527.54,9.043,0.0,False,False,CL0023,,0.0,True,True,AAA_7,Dynein_C
PF12774,PF18198,124,128,140,76215,0.235,0.8611,527.381,9.043,0.0,False,False,CL0023,CL0671,0.0,True,True,AAA_6,AAA_lid_11
PF17852,PF18199,94,98,139,76215,0.179,0.6573,525.929,9.039,3.7588045085778986e-270,False,False,,,8.622469736343847e-269,True,True,Dynein_AAA_lid,Dynein_C
PF12781,PF18199,87,91,139,76215,0.166,0.6084,524.208,9.034,6.1081713405978784e-248,False,False,CL0023,,1.0629622309959987e-246,True,True,AAA_9,Dynein_C
PF03028,PF18198,117,122,140,76215,0.224,0.8069,522.082,9.028,0.0,False,False,CL0023,CL0671,0.0,True,True,Dynein_heavy,AAA_lid_11
PF12781,PF17852,61,91,98,76215,0.117,0.4766,521.318,9.026,1.0893720485983072e-163,False,False,CL0023,,1.1296638914916692e-162,True,True,AAA_9,Dynein_AAA_lid
PF03028,PF12775,110,122,132,76215,0.211,0.7639,520.594,9.024,1.3161e-318,False,True,CL0023,CL0023,4.4279517e-317,True,False,Dynein_heavy,AAA_7
PF12775,PF18198,126,132,140,76215,0.242,0.863,519.648,9.021,0.0,False,False,CL0023,CL0671,0.0,True,True,AAA_7,AAA_lid_11
PF00467,PF08071,12,88,20,76215,0.023,0.125,519.648,9.021,3.205056149232811e-31,False,False,CL0010,,3.77917056848791e-31,True,True,KOW,RS4NT
PF18199,PF22597,35,139,37,76215,0.067,0.2482,518.671,9.019,8.403919757191327e-96,False,False,,CL0671,4.2411781707958894e-95,True,True,Dynein_C,DYN_lid
PF08393,PF12775,105,117,132,76215,0.203,0.7292,518.167,9.017,2.046748933397903e-301,False,False,,CL0023,5.959188240700818e-300,True,True,DHC_N2,AAA_7
PF17852,PF18198,93,98,140,76215,0.18,0.6414,516.618,9.013,3.4808048888811405e-265,False,False,,CL0671,7.02658480235473e-264,True,True,Dynein_AAA_lid,AAA_lid_11
PF03028,PF08385,43,122,52,76215,0.083,0.3282,516.59,9.013,4.809314152723381e-115,False,False,CL0023,,2.716903592247462e-114,True,True,Dynein_heavy,DHC_N1
PF08393,PF18199,110,117,139,76215,0.213,0.7534,515.505,9.01,5.5012e-319,False,False,,,1.892921e-317,True,True,DHC_N2,Dynein_C
PF08385,PF12774,45,52,128,76215,0.087,0.3333,515.276,9.009,2.6732580206060995e-121,False,False,,CL0023,1.580981501249076e-120,True,True,DHC_N1,AAA_6
PF18198,PF22597,35,140,37,76215,0.068,0.2465,514.966,9.008,1.1204939957065864e-95,False,True,CL0671,CL0671,5.6359731212617004e-95,True,False,AAA_lid_11,DYN_lid
PF00467,PF00900,13,88,22,76215,0.025,0.134,511.774,8.999,1.2611287599642747e-33,False,False,CL0010,CL0021,1.5153563036396126e-33,True,True,KOW,Ribosomal_S4e
PF00467,PF16121,13,88,22,76215,0.025,0.134,511.774,8.999,1.2611287599642747e-33,False,False,CL0010,,1.5153563036396126e-33,True,True,KOW,40S_S4_C
PF09416,PF13086,22,22,149,76215,0.043,0.1477,511.51,8.999,4.992044722330418e-61,False,False,CL0229,CL0023,8.144348825008894e-61,True,True,UPF1_Zn_bind,AAA_11
PF13086,PF18141,22,149,22,76215,0.043,0.1477,511.51,8.999,4.992044722330418e-61,False,False,CL0023,CL0866,8.144348825008894e-61,True,True,AAA_11,UPF1_1B_dom
PF13086,PF16399,22,149,22,76215,0.043,0.1477,511.51,8.999,4.992044722330418e-61,False,False,CL0023,CL0020,8.144348825008894e-61,True,True,AAA_11,Aquarius_N_1st
PF13086,PF21143,22,149,22,76215,0.043,0.1477,511.51,8.999,4.992044722330418e-61,False,False,CL0023,CL0866,8.144348825008894e-61,True,True,AAA_11,Aquarius_N_2nd
PF12780,PF17852,60,93,98,76215,0.12,0.458,501.745,8.971,3.4742378718017485e-159,False,False,CL0023,,3.350316011406272e-158,True,True,AAA_8,Dynein_AAA_lid
PF16830,PF18515,8,16,76,76215,0.016,0.0952,501.414,8.97,8.543288008745274e-21,False,False,,,9.285382659899746e-21,True,True,NBD94,Rh5
PF00521,PF01751,18,45,61,76215,0.036,0.2045,499.77,8.965,1.8911162831412518e-45,False,False,,CL0413,2.538253592797744e-45,True,True,DNA_topoisoIV,Toprim
PF00501,PF13193,23,153,23,76215,0.046,0.1503,498.137,8.96,1.6077687629659338e-63,False,False,CL0378,CL0531,2.7227761824725094e-63,True,True,AMP-binding,AMP-binding_C
PF00501,PF02775,22,153,22,76215,0.044,0.1438,498.137,8.96,9.351200408905607e-61,False,False,CL0378,CL0254,1.5158155694949776e-60,True,True,AMP-binding,TPP_enzyme_C
PF00501,PF16177,22,153,22,76215,0.044,0.1438,498.137,8.96,9.351200408905607e-61,False,True,CL0378,CL0378,1.5158155694949776e-60,True,False,AMP-binding,ACAS_N
PF00501,PF02776,21,153,21,76215,0.042,0.1373,498.137,8.96,5.397767908758737e-58,False,False,CL0378,CL0254,8.28825620067011e-58,True,True,AMP-binding,TPP_enzyme_N
PF00406,PF13207,10,85,18,76215,0.02,0.1075,498.137,8.96,7.464324804634527e-26,False,True,CL0023,CL0023,8.446179188502747e-26,True,False,ADK,AAA_17
PF00205,PF00501,6,6,153,76215,0.012,0.0392,498.137,8.96,5.927805718760429e-17,False,False,CL0063,CL0378,6.276012488254048e-17,True,True,TPP_enzyme_M,AMP-binding
PF12872,PF14418,19,40,73,76215,0.038,0.2021,495.92,8.954,4.3779429026487487e-48,False,False,CL0123,,5.992952581021886e-48,True,True,OST-HTH,OHA
PF00557,PF08644,22,154,22,76215,0.044,0.1429,494.903,8.951,1.0909733810389867e-60,False,False,,CL0266,1.7552961731062974e-60,True,True,Peptidase_M24,SPT16
PF00557,PF14826,22,154,22,76215,0.044,0.1429,494.903,8.951,1.0909733810389867e-60,False,False,,CL0356,1.7552961731062974e-60,True,True,Peptidase_M24,FACT-Spt16_Nlob
PF00557,PF24824,22,154,22,76215,0.044,0.1429,494.903,8.951,1.0909733810389867e-60,False,False,,CL0266,1.7552961731062974e-60,True,True,Peptidase_M24,PH_SPT16
PF00557,PF01321,22,154,22,76215,0.044,0.1429,494.903,8.951,1.0909733810389867e-60,False,False,,CL0356,1.7552961731062974e-60,True,True,Peptidase_M24,Creatinase_N
PF00557,PF16188,22,154,22,76215,0.044,0.1429,494.903,8.951,1.0909733810389867e-60,False,False,,,1.7552961731062974e-60,True,True,Peptidase_M24,Peptidase_M24_C
PF00557,PF16189,22,154,22,76215,0.044,0.1429,494.903,8.951,1.0909733810389867e-60,False,False,,CL0356,1.7552961731062974e-60,True,True,Peptidase_M24,Creatinase_N_2
PF08393,PF17852,74,117,98,76215,0.15,0.5248,491.881,8.942,1.6532608028587229e-199,False,False,,,2.0516695537115627e-198,True,True,DHC_N2,Dynein_AAA_lid
PF03028,PF17852,77,122,98,76215,0.157,0.5385,490.846,8.939,1.3033949590049188e-208,False,False,CL0023,,1.67232200672326e-207,True,True,Dynein_heavy,Dynein_AAA_lid
PF11987,PF22042,36,80,70,76215,0.073,0.3158,489.954,8.937,5.124666515719697e-92,False,False,,CL0866,2.5355376159475886e-91,True,True,IF-2,EF-G_D2
PF18198,PF18199,125,140,139,76215,0.255,0.8117,489.562,8.935,0.0,False,False,CL0671,,0.0,True,True,AAA_lid_11,Dynein_C
PF02852,PF07992,87,87,156,76215,0.178,0.5577,488.558,8.932,8.392304669893958e-248,False,False,CL0608,CL0063,1.443857871615847e-246,True,True,Pyr_redox_dim,Pyr_redox_2
PF08385,PF12775,44,52,132,76215,0.09,0.3143,488.558,8.932,7.054206344356085e-117,False,False,,CL0023,4.015063310283877e-116,True,True,DHC_N1,AAA_7
PF07992,PF22365,23,156,23,76215,0.047,0.1474,488.558,8.932,2.60317722569414e-63,False,False,CL0063,,4.39376847235332e-63,True,True,Pyr_redox_2,PfNDH2_hel_ins
PF07992,PF22366,23,156,23,76215,0.047,0.1474,488.558,8.932,2.60317722569414e-63,False,False,CL0063,,4.39376847235332e-63,True,True,Pyr_redox_2,NDH2_C
PF00310,PF07992,22,22,156,76215,0.045,0.141,488.558,8.932,1.480178226547116e-60,False,False,CL0052,CL0063,2.3539809191095945e-60,True,True,GATase_2,Pyr_redox_2
PF01493,PF07992,22,22,156,76215,0.045,0.141,488.558,8.932,1.480178226547116e-60,False,False,,CL0063,2.3539809191095945e-60,True,True,GXGXG,Pyr_redox_2
PF01645,PF07992,22,22,156,76215,0.045,0.141,488.558,8.932,1.480178226547116e-60,False,False,CL0036,CL0063,2.3539809191095945e-60,True,True,Glu_synthase,Pyr_redox_2
PF04898,PF07992,22,22,156,76215,0.045,0.141,488.558,8.932,1.480178226547116e-60,False,False,CL0036,CL0063,2.3539809191095945e-60,True,True,Glu_syn_central,Pyr_redox_2
PF07992,PF14691,22,156,22,76215,0.045,0.141,488.558,8.932,1.480178226547116e-60,False,False,CL0063,CL0344,2.3539809191095945e-60,True,True,Pyr_redox_2,Fer4_20
PF02430,PF11556,17,39,68,76215,0.035,0.1889,488.558,8.932,8.158455149791069e-43,False,False,CL0168,,1.0648190600675584e-42,True,True,AMA-1,EBA-175_VI
PF12780,PF22597,22,93,37,76215,0.045,0.2037,487.28,8.929,4.96217596186011e-56,False,False,CL0023,CL0671,7.4753576181653805e-56,True,True,AAA_8,DYN_lid
PF05739,PF14523,13,55,37,76215,0.027,0.1646,486.877,8.927,1.0872652659062366e-32,False,True,CL0445,CL0445,1.2920876079921838e-32,True,False,SNARE,Syntaxin_2
PF12589,PF13847,6,20,47,76215,0.012,0.0984,486.479,8.926,1.5193600087274211e-15,False,False,,CL0063,1.5919107634694226e-15,True,True,WBS_methylT,Methyltransf_31
PF07728,PF12781,36,62,91,76215,0.074,0.3077,486.306,8.926,3.901546061980669e-92,False,True,CL0023,CL0023,1.9367018812586008e-91,True,False,AAA_5,AAA_9
PF03028,PF18199,108,122,139,76215,0.223,0.7059,485.389,8.923,5.889914674209428e-305,False,False,CL0023,,1.748496238579034e-303,True,True,Dynein_heavy,Dynein_C
PF08393,PF18198,104,117,140,76215,0.215,0.6797,483.905,8.919,4.4255083445460365e-292,False,False,,CL0671,1.1754771287092455e-290,True,True,DHC_N2,AAA_lid_11
PF00122,PF00690,43,158,43,76215,0.089,0.2722,482.373,8.914,7.571925565701412e-119,False,False,,,4.392297052288099e-118,True,True,E1-E2_ATPase,Cation_ATPase_N
PF00122,PF12409,6,158,6,76215,0.012,0.038,482.373,8.914,7.212202963809855e-17,False,False,,,7.630520815659064e-17,True,True,E1-E2_ATPase,P5-ATPase
PF00642,PF21369,18,132,22,76215,0.038,0.1324,472.407,8.884,4.255890913406221e-47,False,False,CL0537,CL0229,5.804881840447764e-47,True,True,zf-CCCH,STL11_N
PF00557,PF21091,19,154,20,76215,0.04,0.1226,470.157,8.877,4.0049929833387364e-51,False,False,,,5.736574623249618e-51,True,True,Peptidase_M24,SPT16_C
PF00628,PF15863,18,68,43,76215,0.038,0.1935,469.176,8.874,6.50031209966007e-45,False,False,CL0229,,8.640449972682481e-45,True,True,PHD,EELM2
PF12799,PF13855,26,151,28,76215,0.055,0.1699,468.683,8.872,2.0230810220848766e-69,False,True,CL0022,CL0022,3.952186667660004e-69,True,False,LRR_4,LRR_8
PF04851,PF13307,17,40,70,76215,0.037,0.1828,462.734,8.854,2.483622171023778e-42,False,True,CL0023,CL0023,3.235975875154905e-42,True,False,ResIII,Helicase_C_2
PF03143,PF03144,37,37,165,76215,0.08,0.2242,461.909,8.851,3.284364117586895e-101,False,False,CL0740,CL0866,1.726571970148111e-100,True,True,GTP_EFTU_D3,GTP_EFTU_D2
PF03144,PF09173,22,165,22,76215,0.048,0.1333,461.909,8.851,5.556297411832785e-60,False,False,CL0866,CL0740,8.790213460308084e-60,True,True,GTP_EFTU_D2,eIF2_C
PF03144,PF16004,15,165,15,76215,0.032,0.0909,461.909,8.851,5.58998528881138e-41,False,False,CL0866,,7.203893922101423e-41,True,True,GTP_EFTU_D2,EFTUD2
PF00122,PF00689,44,158,46,76215,0.095,0.275,461.401,8.85,1.1797151542340924e-118,False,False,,,6.817132608818381e-118,True,True,E1-E2_ATPase,Cation_ATPase_C
PF00560,PF12799,20,22,151,76215,0.044,0.1307,458.85,8.842,5.374872552138467e-53,False,True,CL0022,CL0022,7.8472102641635865e-53,True,False,LRR_1,LRR_4
PF00090,PF00092,55,107,86,76215,0.121,0.3986,455.534,8.831,1.0835059919624131e-141,False,False,CL0692,CL0128,8.412451650415864e-141,True,True,TSP_1,VWA
PF08385,PF18199,43,52,139,76215,0.095,0.2905,453.41,8.825,4.216378940815076e-112,False,False,,,2.3297801884649728e-111,True,True,DHC_N1,Dynein_C
PF05756,PF07133,9,19,80,76215,0.02,0.1,451.273,8.818,8.888546277298377e-23,False,False,,,9.837177678238117e-23,True,True,S-antigen,Merozoite_SPAM
PF00561,PF04083,13,100,22,76215,0.029,0.1193,450.361,8.815,7.458969129742324e-33,False,True,CL0028,CL0028,8.892030915299116e-33,True,False,Abhydrolase_1,Abhydro_lipase
PF08385,PF18198,43,52,140,76215,0.096,0.2886,450.171,8.814,6.0847918334946595e-112,False,False,,CL0671,3.3499544857857874e-111,True,True,DHC_N1,AAA_lid_11
PF14551,PF17207,32,32,170,76215,0.071,0.1882,448.324,8.808,6.285604513063739e-87,False,False,CL0903,CL0021,1.9225061076320205e-86,True,True,MCM_N,MCM_OB
PF17207,PF18263,22,170,22,76215,0.049,0.1294,448.324,8.808,1.120966285451125e-59,False,False,CL0021,CL0123,1.766017644300732e-59,True,True,MCM_OB,WHD_MCM6
PF17207,PF24901,15,170,15,76215,0.033,0.0882,448.324,8.808,8.923099726784652e-41,False,False,CL0021,CL0123,1.1468228341555146e-40,True,True,MCM_OB,WHD_MCM7
PF00125,PF16211,43,171,43,76215,0.096,0.2515,445.702,8.8,3.846139176155145e-117,False,False,CL0012,,2.1973791368675052e-116,True,True,Histone,Histone_H2A_C
PF03810,PF25574,22,102,37,76215,0.05,0.188,444.285,8.795,4.892696602589577e-55,False,True,CL0020,CL0020,7.30526889183493e-55,True,False,IBN_N,TPR_IMB1
PF13181,PF13432,6,172,6,76215,0.014,0.0349,443.11,8.792,1.209842087899961e-16,False,True,CL0020,CL0020,1.2755577444850563e-16,True,False,TPR_8,TPR_16
PF03129,PF07973,23,88,45,76215,0.052,0.2091,442.663,8.79,4.7121568392723537e-57,False,False,CL0458,CL0094,7.17726906907278e-57,True,True,HGTP_anticodon,tRNA_SAD
PF00899,PF10585,48,173,48,76215,0.109,0.2775,440.549,8.783,9.142479679019412e-131,False,False,CL0063,,6.097671468738058e-130,True,True,ThiF,UBA_E1_SCCH
PF00899,PF14732,22,173,22,76215,0.05,0.1272,440.549,8.783,1.6900857362757186e-59,False,False,CL0063,,2.654346270457923e-59,True,True,ThiF,UAE_UbL
PF00899,PF09358,21,173,21,76215,0.048,0.1214,440.549,8.783,8.471999512486325e-57,False,False,CL0063,,1.2865202870515844e-56,True,True,ThiF,E1_UFD
PF00899,PF16190,20,173,20,76215,0.045,0.1156,440.549,8.783,4.2191111297640244e-54,False,False,CL0063,CL0866,6.238021728967513e-54,True,True,ThiF,E1_FCCH
PF00899,PF16191,20,173,20,76215,0.045,0.1156,440.549,8.783,4.2191111297640244e-54,False,False,CL0063,,6.238021728967513e-54,True,True,ThiF,E1_4HB
PF00899,PF16420,18,173,18,76215,0.041,0.104,440.549,8.783,1.0262155511126826e-48,False,False,CL0063,CL0909,1.4227933556635545e-48,True,True,ThiF,ATG7_N
PF08393,PF22597,25,117,37,76215,0.057,0.1938,440.142,8.782,5.204947615674768e-63,False,False,,CL0671,8.765618120279865e-63,True,True,DHC_N2,DYN_lid
PF00587,PF03129,67,132,88,76215,0.152,0.4379,439.601,8.78,1.0925364354263088e-174,False,False,CL0040,CL0458,1.1986233066923416e-173,True,True,tRNA-synt_2b,HGTP_anticodon
PF01096,PF02150,8,73,19,76215,0.018,0.0952,439.596,8.78,3.5695989239389105e-20,False,True,CL0167,CL0167,3.8575108999596796e-20,True,False,Zn_ribbon_TFIIS,Zn_ribbon_RPB9
PF00117,PF02786,22,85,45,76215,0.05,0.2037,438.361,8.776,2.26797919940524e-54,False,False,CL0014,CL0179,3.373006392828618e-54,True,True,GATase,CPSase_L_D2
PF09416,PF13087,22,22,174,76215,0.05,0.1264,438.017,8.775,1.9347034086314148e-59,False,False,CL0229,CL0023,3.025972066805746e-59,True,True,UPF1_Zn_bind,AAA_12
PF13087,PF18141,22,174,22,76215,0.05,0.1264,438.017,8.775,1.9347034086314148e-59,False,False,CL0023,CL0866,3.025972066805746e-59,True,True,AAA_12,UPF1_1B_dom
PF13087,PF16399,22,174,22,76215,0.05,0.1264,438.017,8.775,1.9347034086314148e-59,False,False,CL0023,CL0020,3.025972066805746e-59,True,True,AAA_12,Aquarius_N_1st
PF13087,PF21143,22,174,22,76215,0.05,0.1264,438.017,8.775,1.9347034086314148e-59,False,False,CL0023,CL0866,3.025972066805746e-59,True,True,AAA_12,Aquarius_N_2nd
PF01443,PF13087,11,11,174,76215,0.025,0.0632,438.017,8.775,6.364812202955735e-30,False,True,CL0023,CL0023,7.435436477835634e-30,True,False,Viral_helicase1,AAA_12
PF13087,PF13245,9,174,9,76215,0.021,0.0517,438.017,8.775,1.3659362654938357e-24,False,True,CL0023,CL0023,1.5330077879597235e-24,True,False,AAA_12,AAA_19
PF04851,PF06733,16,40,70,76215,0.037,0.1702,435.514,8.767,2.480208821433943e-39,False,True,CL0023,CL0023,3.134420831094315e-39,True,False,ResIII,DEAD_2
PF13847,PF22528,11,47,41,76215,0.025,0.1429,435.062,8.765,4.304967547491211e-27,False,False,CL0063,CL0799,4.922749899472578e-27,True,True,Methyltransf_31,PRMT_C
PF07728,PF12777,41,62,116,76215,0.094,0.2993,434.485,8.763,1.711406883796108e-103,False,False,CL0023,,9.155724459601794e-103,True,True,AAA_5,MT
PF08385,PF17852,29,52,98,76215,0.067,0.2397,433.72,8.761,5.047394075023132e-72,False,False,,,1.0628309637809488e-71,True,True,DHC_N1,Dynein_AAA_lid
PF00364,PF02786,22,86,45,76215,0.051,0.2018,433.264,8.759,3.046716417290828e-54,False,False,CL0105,CL0179,4.517853727500797e-54,True,True,Biotin_lipoyl,CPSase_L_D2
PF13086,PF13087,147,149,174,76215,0.34,0.8352,432.138,8.755,0.0,False,True,CL0023,CL0023,0.0,True,False,AAA_11,AAA_12
PF08385,PF17857,15,52,51,76215,0.035,0.1705,431.08,8.752,1.0824137218384576e-36,False,False,,CL0671,1.3301740055709615e-36,True,True,DHC_N1,AAA_lid_1
PF07728,PF08393,41,62,117,76215,0.095,0.2971,430.771,8.751,2.633956143080702e-103,False,False,CL0023,,1.4041583100789378e-102,True,True,AAA_5,DHC_N2
PF00493,PF17207,170,178,170,76215,0.397,0.9551,428.174,8.742,0.0,False,False,CL0023,CL0021,0.0,True,True,MCM,MCM_OB
PF00493,PF14551,32,178,32,76215,0.075,0.1798,428.174,8.742,3.179371415137493e-86,False,False,CL0023,CL0903,9.646429504044417e-86,True,True,MCM,MCM_N
PF14551,PF17855,32,32,178,76215,0.075,0.1798,428.174,8.742,3.179371415137493e-86,False,False,CL0903,CL0671,9.646429504044417e-86,True,True,MCM_N,MCM_lid
PF00493,PF18263,22,178,22,76215,0.051,0.1236,428.174,8.742,3.2952618753867427e-59,False,False,CL0023,CL0123,5.138029329902707e-59,True,True,MCM,WHD_MCM6
PF17855,PF18263,22,178,22,76215,0.051,0.1236,428.174,8.742,3.2952618753867427e-59,False,False,CL0671,CL0123,5.138029329902707e-59,True,True,MCM_lid,WHD_MCM6
PF00493,PF24901,15,178,15,76215,0.035,0.0843,428.174,8.742,1.8316930644732958e-40,False,False,CL0023,CL0123,2.35015533865472e-40,True,True,MCM,WHD_MCM7
PF17855,PF24901,15,178,15,76215,0.035,0.0843,428.174,8.742,1.8316930644732958e-40,False,False,CL0671,CL0123,2.35015533865472e-40,True,True,MCM_lid,WHD_MCM7
PF00183,PF13589,63,90,125,76215,0.148,0.4145,426.804,8.737,1.1162867654401627e-161,False,False,,CL0025,1.141931191132707e-160,True,True,HSP90,HATPase_c_3
PF17207,PF21933,19,170,20,76215,0.045,0.1111,425.907,8.734,2.933115054487373e-50,False,False,CL0021,CL0123,4.1351027459716387e-50,True,True,MCM_OB,MCM5_C
PF00679,PF03764,90,179,90,76215,0.211,0.5028,425.782,8.734,2.945746265761764e-249,False,False,CL0437,CL0329,5.185883542282919e-248,True,True,EFG_C,EFG_IV
PF00679,PF06421,23,179,23,76215,0.054,0.1285,425.782,8.734,7.741549429661874e-62,False,False,CL0437,,1.2767653416675466e-61,True,True,EFG_C,LepA_C
PF00679,PF21018,22,179,22,76215,0.052,0.1229,425.782,8.734,3.7570183165237382e-59,False,False,CL0437,,5.851981204955699e-59,True,True,EFG_C,BipA_C
PF00679,PF16004,15,179,15,76215,0.035,0.0838,425.782,8.734,1.999225966711708e-40,False,False,CL0437,,2.5629365906871517e-40,True,True,EFG_C,EFTUD2
PF00493,PF17855,177,178,178,76215,0.416,0.9888,425.769,8.734,0.0,False,False,CL0023,CL0671,0.0,True,True,MCM,MCM_lid
PF17207,PF17855,169,170,178,76215,0.397,0.9441,425.655,8.734,0.0,False,False,CL0021,CL0671,0.0,True,True,MCM_OB,MCM_lid
PF00211,PF26726,10,75,24,76215,0.024,0.1124,423.417,8.726,8.829802682581365e-25,False,False,CL0276,,9.917152271089159e-25,True,True,Guanylate_cyc,Helical_RasGEFs
PF03028,PF22597,25,122,37,76215,0.059,0.1866,422.103,8.721,1.6728813518327542e-62,False,False,CL0023,CL0671,2.7893638399502093e-62,True,True,Dynein_heavy,DYN_lid
PF00679,PF14492,97,179,98,76215,0.23,0.5389,421.437,8.719,6.761661727614008e-268,False,True,CL0437,CL0437,1.4836457761750159e-266,True,False,EFG_C,EFG_III
PF00026,PF14543,26,183,26,76215,0.062,0.1421,416.475,8.702,1.2097364751366095e-69,False,True,CL0129,CL0129,2.397305004393752e-69,True,False,Asp,TAXi_N
PF10382,PF13087,19,20,174,76215,0.046,0.1086,416.116,8.701,4.677780828668424e-50,False,False,,CL0023,6.551489523222936e-50,True,True,ZGRF1-like_N,AAA_12
PF03129,PF13393,21,88,44,76215,0.051,0.1892,413.356,8.691,3.020464673225678e-51,False,False,CL0458,CL0040,4.3386940372520655e-51,True,True,HGTP_anticodon,tRNA-synt_His
PF03028,PF07728,41,122,62,76215,0.099,0.2867,413.117,8.69,2.128097321435326e-102,False,True,CL0023,CL0023,1.1305050332116082e-101,True,False,Dynein_heavy,AAA_5
PF00642,PF18044,5,132,7,76215,0.012,0.0373,412.419,8.688,3.0231189219565395e-13,False,True,CL0537,CL0537,3.117848806432017e-13,True,False,zf-CCCH,zf-CCCH_4
PF00493,PF21933,19,178,20,76215,0.047,0.1061,406.765,8.668,7.377066381827774e-50,False,False,CL0023,CL0123,1.0284418510209255e-49,True,True,MCM,MCM5_C
PF17855,PF21933,19,178,20,76215,0.047,0.1061,406.765,8.668,7.377066381827774e-50,False,False,CL0671,CL0123,1.0284418510209255e-49,True,True,MCM_lid,MCM5_C
PF00443,PF06337,22,188,22,76215,0.054,0.117,405.399,8.663,1.1821708662894205e-58,False,False,CL0125,,1.8338183315186297e-58,True,True,UCH,DUSP
PF00443,PF17807,21,188,21,76215,0.052,0.1117,405.399,8.663,5.393672274614137e-56,False,False,CL0125,CL0229,8.117315928196623e-56,True,True,UCH,zf-UBP_var
PF01602,PF09066,43,189,43,76215,0.107,0.2275,403.254,8.656,5.182107089329567e-115,False,False,CL0020,CL0545,2.9166208673773104e-114,True,True,Adaptin_N,B2-adapt-app_C
PF01602,PF07718,23,189,23,76215,0.057,0.1217,403.254,8.656,2.9324254685955482e-61,False,False,CL0020,CL0159,4.8152843378022345e-61,True,True,Adaptin_N,Coatamer_beta_C
PF00428,PF00466,22,63,66,76215,0.055,0.2056,403.254,8.656,4.167754275443665e-53,False,False,,,6.090714259673464e-53,True,True,Ribosomal_60s,Ribosomal_L10
PF01602,PF08752,22,189,22,76215,0.055,0.1164,403.254,8.656,1.337905950471261e-58,False,False,CL0020,CL0159,2.0711550194411955e-58,True,True,Adaptin_N,COP-gamma_platf
PF01602,PF02883,22,189,22,76215,0.055,0.1164,403.254,8.656,1.337905950471261e-58,False,False,CL0020,CL0159,2.0711550194411955e-58,True,True,Adaptin_N,Alpha_adaptinC2
PF01602,PF16381,21,189,21,76215,0.052,0.1111,403.254,8.656,6.067881308940907e-56,False,False,CL0020,CL0545,9.122911918308374e-56,True,True,Adaptin_N,Coatomer_g_Cpla
PF01399,PF21357,22,191,22,76215,0.055,0.1152,399.031,8.64,1.7100805488377736e-58,False,False,CL0123,,2.6338371830522777e-58,True,True,PCI,EIF3E_C
PF01399,PF08375,22,191,22,76215,0.055,0.1152,399.031,8.64,1.7100805488377736e-58,False,False,CL0123,,2.6338371830522777e-58,True,True,PCI,Rpn3_C
PF01399,PF25573,22,191,22,76215,0.055,0.1152,399.031,8.64,1.7100805488377736e-58,False,False,CL0123,CL0020,2.6338371830522777e-58,True,True,PCI,TPR_PSMD3_N
PF01399,PF22591,22,191,22,76215,0.055,0.1152,399.031,8.64,1.7100805488377736e-58,False,False,CL0123,CL0020,2.6338371830522777e-58,True,True,PCI,eIF3a_PCI_TPR-like
PF01399,PF05470,22,191,22,76215,0.055,0.1152,399.031,8.64,1.7100805488377736e-58,False,False,CL0123,CL0020,2.6338371830522777e-58,True,True,PCI,eIF-3c_N
PF01399,PF18098,20,191,20,76215,0.05,0.1047,399.031,8.64,3.415220764974193e-53,False,False,CL0123,,5.000623054323915e-53,True,True,PCI,RPN5_C
PF01399,PF21154,19,191,19,76215,0.048,0.0995,399.031,8.64,1.5129427988835673e-50,False,False,CL0123,,2.1447522448592892e-50,True,True,PCI,RPN7_PSMD6_C
PF00397,PF01846,22,111,38,76215,0.055,0.1732,397.518,8.635,9.211690137191254e-54,False,False,CL0680,CL0584,1.359307881842842e-53,True,True,WW,FF
PF00169,PF02121,15,111,26,76215,0.038,0.123,396.128,8.63,7.983241328103292e-37,False,False,CL0266,CL0209,9.826526317681614e-37,True,True,PH,IP_trans
PF04969,PF14050,44,193,44,76215,0.111,0.228,394.896,8.625,2.82222225449633e-117,False,False,CL0190,,1.6185017020103954e-116,True,True,CS,Nudc_N
PF04969,PF09032,6,193,6,76215,0.015,0.0311,394.896,8.625,2.4384166314905166e-16,False,False,CL0190,,2.5637241528310016e-16,True,True,CS,Siah-Interact_N
PF07728,PF12774,41,62,128,76215,0.104,0.2752,393.752,8.621,2.281931308414505e-101,False,True,CL0023,CL0023,1.2079874129159302e-100,True,False,AAA_5,AAA_6
PF00175,PF00258,22,66,65,76215,0.056,0.2018,390.846,8.61,9.589534874202164e-53,False,False,CL0091,CL0042,1.3933354893994315e-52,True,True,NAD_binding_1,Flavodoxin_1
PF00023,PF13637,6,23,51,76215,0.015,0.0882,389.847,8.607,6.622647577726233e-15,False,True,CL0465,CL0465,6.9054328048743236e-15,True,False,Ank,Ank_4
PF01602,PF14806,22,189,23,76215,0.057,0.1158,385.721,8.591,3.07073235005299e-57,False,False,CL0020,CL0545,4.6818618106548107e-57,True,True,Adaptin_N,Coatomer_b_Cpla
PF02383,PF22669,21,65,64,76215,0.055,0.1944,384.739,8.588,3.747185525487451e-50,False,False,CL0031,CL0530,5.252998968137037e-50,True,True,Syja_N,Exo_endo_phos2
PF10382,PF13086,15,20,149,76215,0.039,0.0974,383.633,8.584,1.7304525833242767e-37,False,False,,CL0023,2.1386981315534327e-37,True,True,ZGRF1-like_N,AAA_11
PF01399,PF10602,23,191,24,76215,0.06,0.1198,382.405,8.579,9.084076202532661e-60,False,False,CL0123,CL0020,1.4341284015260113e-59,True,True,PCI,RPN7
PF07728,PF12775,41,62,132,76215,0.107,0.268,381.82,8.577,1.030519413101917e-100,False,True,CL0023,CL0023,5.380022039435526e-100,True,False,AAA_5,AAA_7
PF01399,PF18055,21,191,22,76215,0.055,0.1094,380.894,8.573,1.6826166552234382e-54,False,False,CL0123,CL0020,2.5073637952837453e-54,True,True,PCI,RPN6_N
PF15447,PF21807,49,185,53,76215,0.129,0.2593,380.881,8.573,2.004843594343061e-126,False,False,,,1.2491083135125082e-125,True,True,NTS,PfEMP1_CIDRalpha1_dom
PF01399,PF22241,20,191,21,76215,0.053,0.1042,380.03,8.57,7.156634444406026e-52,False,False,CL0123,CL0020,1.0309366839991175e-51,True,True,PCI,PSMD12-CSN4_N
PF08542,PF25361,21,68,62,76215,0.055,0.1927,379.629,8.568,5.185268859686757e-50,False,False,CL0604,CL0671,7.255542563369455e-50,True,True,Rep_fac_C,AAA_lid_RFC1
PF00117,PF02540,16,85,38,76215,0.042,0.1495,377.536,8.56,2.776640196818087e-38,False,False,CL0014,CL0039,3.4857655538827396e-38,True,True,GATase,NAD_synthase
PF04969,PF05002,20,193,21,76215,0.053,0.1031,376.092,8.555,8.912138804251076e-52,False,False,CL0190,,1.2826024857068564e-51,True,True,CS,SGS
PF13246,PF16209,57,136,85,76215,0.152,0.3476,375.801,8.554,4.898172672241841e-141,False,False,CL0137,,3.78358848253783e-140,True,True,Cation_ATPase,PhoLip_ATPase_N
PF03815,PF07691,26,109,49,76215,0.07,0.197,371.015,8.535,2.441892458406307e-62,False,False,CL0513,CL0301,4.053755682047313e-62,True,True,LCCL,PA14
PF01602,PF14807,10,189,11,76215,0.027,0.0526,366.595,8.518,7.581471611450182e-26,False,False,CL0020,CL0545,8.572328618174441e-26,True,True,Adaptin_N,AP4E_app_platf
PF00211,PF16212,40,75,111,76215,0.109,0.274,366.198,8.516,3.1210967316890494e-96,False,False,CL0276,CL0137,1.5803814219990706e-95,True,True,Guanylate_cyc,PhoLip_ATPase_C
PF03810,PF08389,22,102,45,76215,0.06,0.176,365.301,8.513,2.1337162622966393e-52,False,True,CL0020,CL0020,3.0883808997295524e-52,True,False,IBN_N,Xpo1
PF15447,PF18562,146,185,165,76215,0.401,0.7157,364.534,8.51,0.0,False,False,,,0.0,True,True,NTS,CIDR1_gamma
PF02493,PF09794,9,210,9,76215,0.025,0.0429,362.929,8.504,7.697309998525297e-24,False,False,CL0251,CL0330,8.600536780640074e-24,True,True,MORN,Avl9
PF07728,PF18199,41,62,139,76215,0.113,0.2562,362.592,8.502,1.2684964040087707e-99,False,False,CL0023,,6.554619643922453e-99,True,True,AAA_5,Dynein_C
PF03011,PF18562,165,211,165,76215,0.457,0.782,361.209,8.497,0.0,False,False,CL0195,,0.0,True,True,PFEMP,CIDR1_gamma
PF12706,PF23023,19,68,59,76215,0.053,0.1759,360.938,8.496,9.710116638142525e-45,False,True,CL0381,CL0381,1.2850626389989319e-44,True,False,Lactamase_B_2,Anti-Pycsar_Apyc1
PF07728,PF18198,41,62,140,76215,0.114,0.2547,360.002,8.492,1.7933499407869749e-99,False,False,CL0023,CL0671,9.235142212079864e-99,True,True,AAA_5,AAA_lid_11
PF03011,PF21807,52,211,53,76215,0.147,0.2453,354.393,8.469,5.550961914161576e-135,False,False,CL0195,,3.8908131194632527e-134,True,True,PFEMP,PfEMP1_CIDRalpha1_dom
PF01096,PF08711,22,73,65,76215,0.062,0.1897,353.368,8.465,1.344478850255527e-51,False,False,CL0167,,1.933087349750112e-51,True,True,Zn_ribbon_TFIIS,Med26
PF00152,PF01336,72,133,119,76215,0.208,0.4,346.716,8.438,3.198538929629859e-176,False,False,CL0040,CL0021,3.5607264260732397e-175,True,True,tRNA-synt_2,tRNA_anti-codon
PF05175,PF17785,8,29,61,76215,0.023,0.0976,344.669,8.429,4.420289044140541e-19,False,False,CL0063,CL0178,4.746324548105517e-19,True,True,MTS,PUA_3
PF00628,PF13832,15,68,49,76215,0.044,0.1471,343.105,8.423,5.264204093647708e-35,False,True,CL0229,CL0229,6.386221953351466e-35,True,False,PHD,zf-HC5HC2H_2
PF03011,PF15447,175,211,185,76215,0.512,0.7919,341.684,8.417,0.0,False,False,CL0195,,0.0,True,True,PFEMP,NTS
PF18562,PF22672,165,165,225,76215,0.487,0.7333,338.733,8.404,0.0,False,False,,CL0195,0.0,True,True,CIDR1_gamma,DBL_C
PF11145,PF13639,22,22,228,76215,0.066,0.0965,334.276,8.385,1.0386337216623911e-56,False,False,CL0141,CL0229,1.5724914545968602e-56,True,True,DUF2921,zf-RING_2
PF13639,PF25563,22,228,22,76215,0.066,0.0965,334.276,8.385,1.0386337216623911e-56,False,False,CL0229,CL0020,1.5724914545968602e-56,True,True,zf-RING_2,TPR_SYVN1_N
PF03144,PF03764,65,165,90,76215,0.195,0.3421,333.601,8.382,3.1220649752553933e-158,False,False,CL0866,CL0329,2.9728341965639406e-157,True,True,GTP_EFTU_D2,EFG_IV
PF21807,PF22672,52,53,225,76215,0.156,0.2301,332.342,8.377,2.4978046966359256e-133,False,False,,CL0195,1.726792835939174e-132,True,True,PfEMP1_CIDRalpha1_dom,DBL_C
PF13174,PF13181,9,12,172,76215,0.027,0.0514,332.333,8.376,2.685808534354438e-22,False,True,CL0020,CL0020,2.9616271820922207e-22,True,False,TPR_6,TPR_8
PF03950,PF21972,5,43,27,76215,0.015,0.0769,328.23,8.359,3.593726370317568e-12,False,False,CL0733,CL0497,3.6862477809354994e-12,True,True,tRNA-synt_1c_C,Arc1p_N_like
PF20974,PF21972,5,43,27,76215,0.015,0.0769,328.23,8.359,3.593726370317568e-12,False,False,CL0733,CL0497,3.6862477809354994e-12,True,True,tRNA-synt_1c_C2,Arc1p_N_like
PF00628,PF13771,14,68,48,76215,0.043,0.1373,326.903,8.353,2.2733003951042783e-32,False,True,CL0229,CL0229,2.6952050103272335e-32,True,False,PHD,zf-HC5HC2H
PF15447,PF22672,178,185,225,76215,0.546,0.7672,325.916,8.348,0.0,False,False,,CL0195,0.0,True,True,NTS,DBL_C
PF02213,PF08662,18,63,67,76215,0.055,0.1607,325.011,8.344,2.009829539589066e-41,False,False,CL0673,CL0186,2.614159727609833e-41,True,True,GYF,eIF2A
PF13422,PF24681,11,11,236,76215,0.034,0.0466,322.945,8.335,1.9822229332304657e-28,False,False,,CL0186,2.289157529298951e-28,True,True,DUF4110,Kelch_KLHDC2_KLHL20_DRC7
PF07646,PF24681,5,5,236,76215,0.015,0.0212,322.945,8.335,2.728313944221124e-13,False,True,CL0186,CL0186,2.817644823704489e-13,True,False,Kelch_2,Kelch_KLHDC2_KLHL20_DRC7
PF18562,PF21807,37,165,53,76215,0.115,0.2044,322.465,8.333,4.749416942866402e-88,False,False,,,2.1855979487841135e-87,True,True,CIDR1_gamma,PfEMP1_CIDRalpha1_dom
PF03011,PF22672,200,211,225,76215,0.623,0.8475,321.074,8.327,0.0,False,True,CL0195,CL0195,0.0,True,False,PFEMP,DBL_C
PF01336,PF16900,22,119,44,76215,0.069,0.156,320.231,8.323,4.6872669083817816e-51,False,True,CL0021,CL0021,6.701154012549591e-51,True,False,tRNA_anti-codon,REPA_OB_2
PF13639,PF26753,20,228,21,76215,0.063,0.0873,318.358,8.315,2.9333555806958653e-50,False,False,CL0229,,4.1351027459716387e-50,True,True,zf-RING_2,SIS3_N
PF00176,PF20600,20,240,20,76215,0.063,0.0833,317.562,8.311,4.0829386089530766e-51,False,False,CL0023,,5.842692867632285e-51,True,True,SNF2-rel_dom,ExoX-like_C
PF00176,PF14446,19,240,19,76215,0.06,0.0792,317.562,8.311,1.4077085531574137e-48,False,False,CL0023,CL0229,1.9410480414210604e-48,True,True,SNF2-rel_dom,Prok-RING_1
PF00575,PF03876,19,83,55,76215,0.06,0.1597,317.215,8.309,1.480682037951401e-43,False,False,CL0021,CL0319,1.939232357662994e-43,True,True,S1,SHS2_Rpb7-N
PF00160,PF08231,20,242,20,76215,0.064,0.0826,314.938,8.299,4.8535556143524763e-51,False,False,CL0475,,6.932342641631745e-51,True,True,Pro_isomerase,SYF2
PF01336,PF08646,22,119,45,76215,0.07,0.1549,313.115,8.291,9.159569583226519e-51,False,True,CL0021,CL0021,1.3045708700851316e-50,True,False,tRNA_anti-codon,Rep_fac-A_C
PF00122,PF00702,24,158,37,76215,0.077,0.1404,312.891,8.29,2.2042264792182406e-56,False,False,,CL0137,3.3239032764306936e-56,True,True,E1-E2_ATPase,Hydrolase
PF00350,PF12763,22,118,46,76215,0.071,0.1549,308.904,8.271,1.4297106391577739e-50,False,False,CL0023,CL0220,2.0286615817102808e-50,True,True,Dynamin_N,EH
PF00498,PF13445,19,107,44,76215,0.062,0.1439,307.58,8.265,1.583127992584158e-43,False,False,CL0357,CL0229,2.071612602223349e-43,True,True,FHA,zf-RING_UBOX
PF00789,PF02099,9,52,43,76215,0.029,0.1047,306.769,8.261,8.532187413063394e-21,False,False,CL0072,CL0125,9.279979700702571e-21,True,True,UBX,Josephin
PF00415,PF13540,71,116,153,76215,0.233,0.3586,304.894,8.252,3.28868943445549e-168,False,True,CL0186,CL0186,3.506391411102544e-167,True,False,RCC1,RCC1_2
PF03764,PF22042,25,90,70,76215,0.083,0.1852,302.44,8.241,1.000481504312025e-56,False,False,CL0329,CL0866,1.517764526581569e-56,True,True,EFG_IV,EF-G_D2
PF00476,PF01612,22,44,126,76215,0.073,0.1486,302.44,8.241,1.8593423141323811e-50,False,False,,CL0219,2.6333435580883303e-50,True,True,DNA_pol_A,DNA_pol_A_exo1
PF00176,PF01844,16,240,17,76215,0.054,0.0664,298.882,8.223,9.521015731265192e-40,False,False,CL0023,CL0263,1.214390717534583e-39,True,True,SNF2-rel_dom,HNH
PF00587,PF07973,23,132,45,76215,0.078,0.1494,295.109,8.205,1.6031204637974168e-52,False,False,CL0040,CL0094,2.3226070642959704e-52,True,True,tRNA-synt_2b,tRNA_SAD
PF09716,PF11567,23,259,23,76215,0.078,0.0888,294.266,8.201,6.0719018182911956e-58,False,False,,,9.304513515073754e-58,True,True,ETRAMP,PfUIS3
PF13246,PF16212,58,136,111,76215,0.198,0.3069,292.824,8.194,3.8140165461153734e-134,False,True,CL0137,CL0137,2.648816995788383e-133,True,False,Cation_ATPase,PhoLip_ATPase_C
PF00515,PF13181,21,32,172,76215,0.072,0.1148,290.791,8.184,9.40609716620694e-49,False,True,CL0020,CL0020,1.3053007433214763e-48,True,False,TPR_1,TPR_8
PF01399,PF22037,16,191,22,76215,0.055,0.0812,290.205,8.181,9.35827360171493e-38,False,False,CL0123,CL0020,1.1632533853034815e-37,True,True,PCI,PSD13_N
PF00753,PF16661,18,64,74,76215,0.062,0.15,289.668,8.178,2.1598023339100627e-40,False,True,CL0381,CL0381,2.7664473210996912e-40,True,False,Lactamase_B,Lactamase_B_6
PF00168,PF00656,6,76,21,76215,0.021,0.0659,286.523,8.163,4.30768698761143e-14,False,False,CL0154,CL0093,4.476210088705357e-14,True,True,C2,Peptidase_C14
PF12946,PF12947,11,39,76,76215,0.039,0.1058,282.849,8.144,7.442853134364153e-25,False,True,CL0001,CL0001,8.365612208928975e-25,True,False,EGF_MSP1_1,EGF_3
PF08321,PF13181,14,22,172,76215,0.05,0.0778,281.979,8.139,1.6271480375982955e-32,False,True,CL0020,CL0020,1.93215853248927e-32,True,False,PPP5,TPR_8
PF00240,PF09280,21,274,21,76215,0.075,0.0766,278.157,8.12,2.1361389829229495e-52,False,False,CL0072,,3.0889344987061563e-52,True,True,ubiquitin,XPC-binding
PF14492,PF22042,25,98,70,76215,0.09,0.1748,277.751,8.118,1.1659447238128626e-55,False,False,CL0437,CL0866,1.7512304681078112e-55,True,True,EFG_III,EF-G_D2
PF00850,PF03770,19,83,63,76215,0.069,0.1496,276.933,8.113,3.214987064417326e-42,False,False,CL0302,CL0016,4.185288405440956e-42,True,True,Hist_deacetyl,IPK
PF03144,PF22594,30,165,51,76215,0.11,0.1613,271.711,8.086,7.73990534944568e-68,False,False,CL0866,CL0740,1.470290677422931e-67,True,True,GTP_EFTU_D2,GTP-eEF1A_C
PF06421,PF14492,8,23,98,76215,0.03,0.0708,270.506,8.08,2.6909195044246324e-18,False,False,,CL0437,2.867031759112522e-18,True,True,LepA_C,EFG_III
PF00240,PF01020,18,274,19,76215,0.068,0.0655,263.517,8.042,1.079397106287318e-43,False,False,CL0072,CL0167,1.4173523147606239e-43,True,True,ubiquitin,Ribosomal_L40e
PF07728,PF17852,21,62,98,76215,0.08,0.1511,263.416,8.041,3.457281541292486e-46,False,False,CL0023,,4.652732669792732e-46,True,True,AAA_5,Dynein_AAA_lid
PF00112,PF08246,71,293,72,76215,0.277,0.2415,256.507,8.003,2.357960309691888e-174,False,False,CL0125,,2.568310725808287e-173,True,True,Peptidase_C1,Inhibitor_I29
PF00112,PF08773,62,293,63,76215,0.242,0.2109,255.991,8.0,1.1104385952175398e-151,False,False,CL0125,CL0116,9.606880189482031e-151,True,True,Peptidase_C1,CathepsinC_exc
PF00443,PF02148,44,188,70,76215,0.173,0.2056,254.822,7.993,8.114504221682311e-99,False,False,CL0125,CL0229,4.164528607331193e-98,True,True,UCH,zf-UBP
PF00183,PF02518,21,90,70,76215,0.083,0.1511,254.05,7.989,9.64993344311648e-46,False,False,,CL0025,1.2963619550025154e-45,True,True,HSP90,HATPase_c
PF00557,PF15801,22,154,43,76215,0.087,0.1257,253.206,7.984,1.108467914625785e-48,False,False,,CL0175,1.5312230134520423e-48,True,True,Peptidase_M24,zf-C6H2
PF03815,PF13385,22,109,62,76215,0.089,0.1477,248.11,7.955,8.884396466425179e-48,False,False,CL0513,CL0004,1.2139870261884225e-47,True,True,LCCL,Laminin_G_3
PF13181,PF14559,5,172,9,76215,0.02,0.0284,246.172,7.944,6.9058917861817415e-12,False,True,CL0020,CL0020,7.07410024646763e-12,True,False,TPR_8,TPR_19
PF00355,PF07992,22,44,156,76215,0.09,0.1236,244.279,7.932,3.001181444532305e-48,False,False,CL0516,CL0063,4.1157506404183966e-48,True,True,Rieske,Pyr_redox_2
PF00690,PF08282,14,43,102,76215,0.058,0.1069,243.276,7.926,1.7668100472030867e-30,False,False,,CL0137,2.0768248536222618e-30,True,True,Cation_ATPase_N,Hydrolase_3
PF13181,PF13414,23,172,42,76215,0.095,0.1204,242.656,7.923,1.2520589615725716e-50,False,True,CL0020,CL0020,1.779922317202698e-50,True,False,TPR_8,TPR_11
PF12796,PF13637,51,315,51,76215,0.211,0.1619,241.952,7.919,3.7748878410102514e-124,False,True,CL0465,CL0465,2.2860720765158082e-123,True,False,Ank_2,Ank_4
PF00557,PF08512,22,154,45,76215,0.091,0.1243,241.952,7.919,4.32311669372654e-48,False,False,,CL0266,5.923256718825323e-48,True,True,Peptidase_M24,Rttp106-like_middle
PF10258,PF12796,22,22,315,76215,0.091,0.0698,241.952,7.919,1.711088047061549e-53,False,False,,CL0465,2.5175775541799666e-53,True,True,PHAX_RNA-bd,Ank_2
PF15445,PF18562,130,249,165,76215,0.539,0.4577,241.157,7.914,4.302815458041849e-306,False,False,,,1.3028925206950718e-304,True,True,ATS,CIDR1_gamma
PF05424,PF15447,185,317,185,76215,0.769,0.5836,240.426,7.909,0.0,False,False,CL0195,,0.0,True,True,Duffy_binding,NTS
PF05424,PF21807,53,317,53,76215,0.22,0.1672,240.426,7.909,6.518634198017547e-129,False,False,CL0195,,4.290961815564594e-128,True,True,Duffy_binding,PfEMP1_CIDRalpha1_dom
PF05424,PF12377,12,317,12,76215,0.05,0.0379,240.426,7.909,2.1730374794508155e-29,False,False,CL0195,,2.528807643265592e-29,True,True,Duffy_binding,DuffyBP_N
PF00849,PF01479,30,116,82,76215,0.125,0.1786,240.375,7.909,1.0223246294391374e-64,False,False,CL0649,CL0492,1.78729733137512e-64,True,True,PseudoU_synth_2,S4
PF05424,PF22672,223,317,225,76215,0.936,0.6991,238.289,7.897,0.0,False,True,CL0195,CL0195,0.0,True,False,Duffy_binding,DBL_C
PF03011,PF05424,209,211,317,76215,0.878,0.6552,238.147,7.896,0.0,False,True,CL0195,CL0195,0.0,True,False,PFEMP,Duffy_binding
PF05424,PF18562,163,317,165,76215,0.686,0.511,237.512,7.892,0.0,False,False,CL0195,,0.0,True,True,Duffy_binding,CIDR1_gamma
PF00467,PF01159,6,88,22,76215,0.025,0.0577,236.204,7.884,1.4639381318827917e-13,False,False,CL0010,,1.5170447170914075e-13,True,True,KOW,Ribosomal_L6e
PF00676,PF02779,23,67,111,76215,0.098,0.1484,235.706,7.881,2.4896400129411124e-49,False,True,CL0254,CL0254,3.461262607523273e-49,True,False,E1_dh,Transket_pyr
PF00149,PF16891,22,324,22,76215,0.094,0.0679,235.231,7.878,3.248592728765701e-53,False,False,CL0163,,4.761248200727271e-53,True,True,Metallophos,STPPase_N
PF00149,PF08321,22,324,22,76215,0.094,0.0679,235.231,7.878,3.248592728765701e-53,False,False,CL0163,CL0020,4.761248200727271e-53,True,True,Metallophos,PPP5
PF00149,PF07646,5,324,5,76215,0.021,0.0154,235.231,7.878,1.3462109819236277e-12,False,False,CL0163,CL0186,1.3846218930926443e-12,True,True,Metallophos,Kelch_2
PF15445,PF22672,172,249,225,76215,0.735,0.5695,233.984,7.87,0.0,False,False,,CL0195,0.0,True,True,ATS,DBL_C
PF00258,PF04055,22,65,111,76215,0.095,0.1429,232.395,7.86,4.881005767231861e-47,False,False,CL0042,CL0036,6.633611069649046e-47,True,True,Flavodoxin_1,Radical_SAM
PF00085,PF24541,21,329,21,76215,0.091,0.0638,231.657,7.856,1.138434181408159e-50,False,True,CL0172,CL0172,1.6199148032443164e-50,True,False,Thioredoxin,Thioredox_PDIA6_C
PF00227,PF10584,148,333,148,76215,0.647,0.4444,228.874,7.838,0.0,False,True,CL0052,CL0052,0.0,True,False,Proteasome,Proteasome_A_N
PF16450,PF17862,110,110,333,76215,0.481,0.3303,228.874,7.838,4.229567823753154e-269,False,False,CL0021,CL0671,9.557560724122799e-268,True,True,Prot_ATP_ID_OB_C,AAA_lid_3
PF01434,PF17862,68,68,333,76215,0.297,0.2042,228.874,7.838,2.3203491241177126e-164,False,False,CL0126,CL0671,2.4566493523875642e-163,True,True,Peptidase_M41,AAA_lid_3
PF06480,PF17862,23,23,333,76215,0.1,0.0691,228.874,7.838,2.47215762111182e-55,False,False,,CL0671,3.7021232822584524e-55,True,True,FtsH_ext,AAA_lid_3
PF17862,PF21236,23,333,23,76215,0.1,0.0691,228.874,7.838,2.47215762111182e-55,False,False,CL0671,CL0021,3.7021232822584524e-55,True,True,AAA_lid_3,OB_PRS7
PF02359,PF17862,22,22,333,76215,0.096,0.0661,228.874,7.838,6.056627190526456e-53,False,False,CL0199,CL0671,8.808581716097075e-53,True,True,CDC48_N,AAA_lid_3
PF02933,PF17862,22,22,333,76215,0.096,0.0661,228.874,7.838,6.056627190526456e-53,False,False,CL0402,CL0671,8.808581716097075e-53,True,True,CDC48_2,AAA_lid_3
PF04212,PF17862,22,22,333,76215,0.096,0.0661,228.874,7.838,6.056627190526456e-53,False,False,CL0745,CL0671,8.808581716097075e-53,True,True,MIT,AAA_lid_3
PF09336,PF17862,22,22,333,76215,0.096,0.0661,228.874,7.838,6.056627190526456e-53,False,True,CL0671,CL0671,8.808581716097075e-53,True,False,Vps4_C,AAA_lid_3
PF03011,PF15445,157,211,249,76215,0.689,0.5182,227.75,7.831,0.0,False,False,CL0195,,0.0,True,True,PFEMP,ATS
PF00689,PF08282,14,46,102,76215,0.062,0.1045,227.41,7.829,5.3898238058751996e-30,False,False,,CL0137,6.3013075228533224e-30,True,True,Cation_ATPase_C,Hydrolase_3
PF13181,PF17830,21,172,41,76215,0.093,0.1094,226.959,7.826,1.9288381004555174e-45,False,False,CL0020,,2.586590685641854e-45,True,True,TPR_8,STI1-HOP_DP
PF15445,PF15447,137,249,185,76215,0.604,0.4613,226.668,7.824,6.6134684e-317,False,False,,,2.08599815e-315,True,True,ATS,NTS
PF00467,PF10357,6,88,23,76215,0.027,0.0571,225.934,7.82,1.9787957260650172e-13,False,False,CL0010,CL0123,2.0463775473104072e-13,True,True,KOW,WH_KIN17
PF00467,PF25095,6,88,23,76215,0.027,0.0571,225.934,7.82,1.9787957260650172e-13,False,False,CL0010,CL0361,2.0463775473104072e-13,True,True,KOW,C2H2-zf_KIN17
PF15445,PF21807,39,249,53,76215,0.173,0.1483,225.232,7.815,1.1383462086175333e-86,False,False,,,3.474709999691422e-86,True,True,ATS,PfEMP1_CIDRalpha1_dom
PF00005,PF12848,23,340,23,76215,0.103,0.0676,224.162,7.808,4.054955174027517e-55,False,True,CL0023,CL0023,6.0604167161674836e-55,True,False,ABC_tran,ABC_tran_Xtn
PF00005,PF00037,22,340,22,76215,0.098,0.0647,224.162,7.808,9.715698099832655e-53,False,False,CL0023,CL0344,1.408962348960406e-52,True,True,ABC_tran,Fer4
PF00005,PF01061,22,340,22,76215,0.098,0.0647,224.162,7.808,9.715698099832655e-53,False,False,CL0023,CL0181,1.408962348960406e-52,True,True,ABC_tran,ABC2_membrane
PF12799,PF13516,15,151,34,76215,0.067,0.0882,222.677,7.799,2.496006394559106e-32,False,True,CL0022,CL0022,2.956927763194434e-32,True,False,LRR_4,LRR_6
PF00005,PF00664,184,340,188,76215,0.839,0.5349,219.392,7.777,0.0,False,False,CL0023,CL0241,0.0,True,True,ABC_tran,ABC_membrane
PF00749,PF21972,5,65,27,76215,0.023,0.0575,217.137,7.762,3.067432324653865e-11,False,False,CL0039,CL0497,3.1336656811916e-11,True,True,tRNA-synt_1c,Arc1p_N_like
PF00085,PF13848,55,329,59,76215,0.255,0.1652,215.951,7.755,3.277341796832949e-127,False,True,CL0172,CL0172,2.0761068955669808e-126,True,False,Thioredoxin,Thioredoxin_6
PF00122,PF13246,60,158,136,76215,0.282,0.2564,212.812,7.733,5.095363965096884e-128,False,False,,CL0137,3.2967440355370434e-127,True,True,E1-E2_ATPase,Cation_ATPase
PF07728,PF08385,9,62,52,76215,0.042,0.0857,212.759,7.733,3.0398888384049017e-19,False,False,CL0023,,3.2664242025159834e-19,True,True,AAA_5,DHC_N1
PF00071,PF08477,22,306,26,76215,0.104,0.071,210.75,7.719,1.302940640951518e-49,False,True,CL0023,CL0023,1.814767369273779e-49,True,False,Ras,Roc
PF00023,PF12796,20,23,315,76215,0.095,0.0629,210.393,7.717,2.0061149903230182e-45,False,True,CL0465,CL0465,2.6878390224327873e-45,True,False,Ank,Ank_2
PF00240,PF01599,17,274,23,76215,0.083,0.0607,205.594,7.684,1.6734096902437458e-37,False,False,CL0072,CL0167,2.0698874763309076e-37,True,True,ubiquitin,Ribosomal_S27
PF00240,PF23195,28,274,38,76215,0.137,0.0986,204.958,7.679,4.007210054673459e-61,False,False,CL0072,,6.565926431575342e-61,True,True,ubiquitin,UBQLN1
PF00211,PF16209,17,75,85,76215,0.084,0.1189,203.24,7.667,3.255058681199365e-35,False,False,CL0276,,3.9551836623883133e-35,True,True,Guanylate_cyc,PhoLip_ATPase_N
PF03144,PF14492,43,165,98,76215,0.212,0.1955,202.674,7.663,7.401036008218179e-90,False,False,CL0866,CL0437,3.4477441589053305e-89,True,True,GTP_EFTU_D2,EFG_III
PF00063,PF00612,31,136,86,76215,0.153,0.1623,202.006,7.658,3.330074458728547e-64,False,False,CL0023,CL0220,5.7685729182094055e-64,True,True,Myosin_head,IQ
PF14580,PF23602,6,105,22,76215,0.03,0.0496,197.961,7.629,4.3340886460140465e-13,False,False,CL0022,CL0190,4.466855146402496e-13,True,True,LRR_9,CS_DNAAF11_C
PF00176,PF07529,13,240,21,76215,0.066,0.0524,196.586,7.619,4.284716198674375e-28,False,False,CL0023,,4.929377146499243e-28,True,True,SNF2-rel_dom,HSA
PF07719,PF13181,10,23,172,76215,0.052,0.0541,192.657,7.59,2.9301581287645637e-21,False,True,CL0020,CL0020,3.1938512649024834e-21,True,False,TPR_2,TPR_8
PF00149,PF04152,18,324,22,76215,0.094,0.0549,192.462,7.588,9.176300411080243e-40,False,False,CL0163,,1.171409681481913e-39,True,True,Metallophos,Mre11_DNA_bind
PF02475,PF17785,8,53,61,76215,0.042,0.0755,188.593,7.559,8.99335599447752e-17,False,False,CL0063,CL0178,9.508338670138942e-17,True,True,TRM5-TYW2_MTfase,PUA_3
PF00679,PF03144,73,179,165,76215,0.388,0.2694,188.376,7.557,3.537713887652562e-152,False,False,CL0437,CL0866,3.078217716037919e-151,True,True,EFG_C,GTP_EFTU_D2
PF05424,PF12361,9,317,12,76215,0.05,0.0281,180.319,7.494,7.23239287338452e-20,False,False,CL0195,,7.799033340672481e-20,True,True,Duffy_binding,DBP
PF05424,PF15445,184,317,249,76215,1.036,0.4817,177.664,7.473,0.0,False,False,CL0195,,0.0,True,True,Duffy_binding,ATS
PF00490,PF05193,5,20,108,76215,0.028,0.0407,176.424,7.463,7.930388035544115e-11,False,False,CL0036,CL0094,8.085257566204573e-11,True,True,ALAD,Peptidase_M16_C
PF01926,PF14714,44,442,44,76215,0.255,0.0995,172.432,7.43,4.291363814829944e-100,False,False,CL0023,,2.232688940086782e-99,True,True,MMR_HSR1,KH_dom-like
PF01926,PF06071,22,442,22,76215,0.128,0.0498,172.432,7.43,3.6725788027294957e-50,False,False,CL0023,CL0072,5.153182861290507e-50,True,True,MMR_HSR1,YchF-GTPase_C
PF01926,PF13167,22,442,22,76215,0.128,0.0498,172.432,7.43,3.6725788027294957e-50,False,False,CL0023,,5.153182861290507e-50,True,True,MMR_HSR1,GTP-bdg_N
PF01926,PF08153,22,442,22,76215,0.128,0.0498,172.432,7.43,3.6725788027294957e-50,False,False,CL0023,,5.153182861290507e-50,True,True,MMR_HSR1,NGP1NT
PF01926,PF09269,22,442,22,76215,0.128,0.0498,172.432,7.43,3.6725788027294957e-50,False,False,CL0023,,5.153182861290507e-50,True,True,MMR_HSR1,DUF1967
PF01926,PF21516,21,442,21,76215,0.122,0.0475,172.432,7.43,6.64675699038411e-48,False,False,CL0023,,9.090505947101664e-48,True,True,MMR_HSR1,YqeH-like_C
PF01926,PF12631,18,442,18,76215,0.104,0.0407,172.432,7.43,3.884969784181089e-41,False,False,CL0023,,5.040140748286349e-41,True,True,MMR_HSR1,MnmE_helical
PF00928,PF01217,34,104,146,76215,0.199,0.1574,170.661,7.415,1.6186769241948745e-67,False,False,CL0448,CL0431,3.033015919840396e-67,True,True,Adap_comp_sub,Clat_adaptor_s
PF00009,PF03764,90,449,90,76215,0.53,0.2004,169.744,7.407,1.516848251788006e-205,False,False,CL0023,CL0329,1.913756877672534e-204,True,True,GTP_EFTU,EFG_IV
PF00009,PF03143,37,449,37,76215,0.218,0.0824,169.744,7.407,6.902786841227946e-84,False,False,CL0023,CL0740,2.002072658547722e-83,True,True,GTP_EFTU,GTP_EFTU_D3
PF00009,PF21018,22,449,22,76215,0.13,0.049,169.744,7.407,5.233080222387622e-50,False,False,CL0023,,7.30893307813179e-50,True,True,GTP_EFTU,BipA_C
PF00009,PF09173,22,449,22,76215,0.13,0.049,169.744,7.407,5.233080222387622e-50,False,False,CL0023,CL0740,7.30893307813179e-50,True,True,GTP_EFTU,eIF2_C
PF00009,PF16004,15,449,15,76215,0.088,0.0334,169.744,7.407,2.8249732602355913e-34,False,False,CL0023,,3.4134154157994297e-34,True,True,GTP_EFTU,EFTUD2
PF00847,PF14733,182,393,208,76215,1.073,0.4344,169.69,7.407,0.0,False,False,CL0081,,0.0,True,True,AP2,ACDC
PF00240,PF00627,45,274,74,76215,0.266,0.1485,169.149,7.402,6.440630315503559e-92,False,False,CL0072,CL0214,3.176258728883514e-91,True,True,ubiquitin,UBA
PF10516,PF13181,8,21,172,76215,0.047,0.0432,168.804,7.399,1.132523974310947e-16,False,True,CL0020,CL0020,1.1948719840465322e-16,True,False,SHNi-TPR,TPR_8
PF00009,PF03144,164,449,165,76215,0.972,0.3644,168.715,7.398,0.0,False,False,CL0023,CL0866,0.0,True,True,GTP_EFTU,GTP_EFTU_D2
PF01926,PF16897,45,442,46,76215,0.267,0.1016,168.684,7.398,1.026187146676304e-100,False,False,CL0023,,5.375942353176208e-100,True,True,MMR_HSR1,MMR_HSR1_Xtn
PF03144,PF21018,8,165,22,76215,0.048,0.0447,167.967,7.392,1.2663693232806272e-16,False,False,CL0866,,1.334226273797404e-16,True,True,GTP_EFTU_D2,BipA_C
PF00009,PF11987,79,449,80,76215,0.471,0.1756,167.622,7.389,3.9271510422501364e-178,False,False,CL0023,,4.404227168864227e-177,True,True,GTP_EFTU,IF-2
PF00009,PF22042,69,449,70,76215,0.412,0.1533,167.319,7.386,4.039012080344378e-155,False,False,CL0023,CL0866,3.706099569479629e-154,True,True,GTP_EFTU,EF-G_D2
PF00009,PF00679,176,449,179,76215,1.055,0.3894,166.899,7.383,0.0,False,False,CL0023,CL0437,0.0,True,True,GTP_EFTU,EFG_C
PF00009,PF14492,96,449,98,76215,0.577,0.2129,166.28,7.377,7.536388223817969e-216,False,False,CL0023,CL0437,1.0764237519679627e-214,True,True,GTP_EFTU,EFG_III
PF01926,PF02824,44,442,46,76215,0.267,0.0991,164.935,7.366,4.396293614658076e-97,False,False,CL0023,CL0072,2.2410735799974164e-96,True,True,MMR_HSR1,TGS
PF08264,PF09334,17,129,61,76215,0.103,0.0983,164.653,7.363,1.2902243508891203e-33,False,False,CL0258,CL0039,1.5478602751554106e-33,True,True,Anticodon_1,tRNA-synt_1g
PF01926,PF10396,21,442,22,76215,0.128,0.0474,164.594,7.363,1.4545741223987723e-46,False,False,CL0023,CL0289,1.9645184846670305e-46,True,True,MMR_HSR1,TrmE_N
PF13181,PF13424,7,172,19,76215,0.043,0.038,163.251,7.351,1.2980042024934414e-14,False,True,CL0020,CL0020,1.3506380498797732e-14,True,False,TPR_8,TPR_12
PF00009,PF06421,22,449,23,76215,0.135,0.0489,162.364,7.343,1.1971564731972265e-48,False,False,CL0023,,1.6522287150598004e-48,True,True,GTP_EFTU,LepA_C
PF00009,PF14578,21,449,22,76215,0.13,0.0467,162.028,7.34,2.0385537367248674e-46,False,False,CL0023,CL0866,2.745881100890969e-46,True,True,GTP_EFTU,GTP_EFTU_D4
PF00009,PF22594,48,449,51,76215,0.3,0.1062,159.759,7.32,1.4336901002655496e-104,False,False,CL0023,CL0740,7.697187275893766e-104,True,True,GTP_EFTU,GTP-eEF1A_C
PF00642,PF14608,8,132,29,76215,0.05,0.0523,159.279,7.315,2.7163337562100567e-16,False,True,CL0537,CL0537,2.853941226163793e-16,True,False,zf-CCCH,zf-CCCH_2
PF00009,PF21131,15,449,16,76215,0.094,0.0333,159.135,7.314,4.495822602303278e-33,False,False,CL0023,CL0866,5.363810417562776e-33,True,True,GTP_EFTU,eEFSec_4th
PF02214,PF24681,22,45,236,76215,0.139,0.0849,157.884,7.303,8.903149316002067e-44,False,False,CL0033,CL0186,1.1721189621240983e-43,True,True,BTB_2,Kelch_KLHDC2_KLHL20_DRC7
PF00856,PF01753,21,160,64,76215,0.134,0.1034,156.3,7.288,5.625924372014076e-41,False,False,CL0489,CL0175,7.242899234038529e-41,True,True,SET,zf-MYND
PF00679,PF22042,25,179,70,76215,0.164,0.1116,152.065,7.249,1.9071760328967223e-48,False,False,CL0437,CL0866,2.6249677398233073e-48,True,True,EFG_C,EF-G_D2
PF00432,PF07019,5,66,38,76215,0.033,0.0505,151.944,7.247,2.04793550774157e-10,False,False,CL0059,CL0706,2.0865237945630801e-10,True,True,Prenyltrans,EMC6
PF00439,PF13637,12,119,51,76215,0.08,0.0759,150.697,7.236,1.7872373479895143e-23,False,False,,CL0465,1.9925459093196796e-23,True,True,Bromodomain,Ank_4
PF00005,PF04068,22,340,33,76215,0.147,0.0627,149.441,7.223,1.7993982096002682e-44,False,False,CL0023,CL0344,2.373073945413594e-44,True,True,ABC_tran,Fer4_RLI
PF00133,PF09334,16,135,61,76215,0.108,0.0889,148.08,7.21,7.079045378562324e-31,False,True,CL0039,CL0039,8.334117187514275e-31,True,False,tRNA-synt_1,tRNA-synt_1g
PF00149,PF05011,13,324,21,76215,0.089,0.0392,145.619,7.186,2.2931463782298116e-26,False,False,CL0163,,2.608432469301228e-26,True,True,Metallophos,DBR1
PF00490,PF00675,5,20,131,76215,0.034,0.0342,145.448,7.184,2.1092921133028035e-10,False,False,CL0036,CL0094,2.147591297606217e-10,True,True,ALAD,Peptidase_M16
PF08154,PF23098,5,44,66,76215,0.038,0.0476,131.224,7.036,4.4132403555067804e-10,False,False,CL0072,CL0186,4.472319878338196e-10,True,True,NLE,Beta-prop_NOL10_N
PF05424,PF11556,37,317,68,76215,0.283,0.1063,130.82,7.031,1.7795017312870154e-70,False,False,CL0195,,3.587437578120561e-70,True,True,Duffy_binding,EBA-175_VI
PF13181,PF13374,5,172,17,76215,0.038,0.0272,130.327,7.026,3.3423443059855314e-10,False,True,CL0020,CL0020,3.3893565165854617e-10,True,False,TPR_8,TPR_10
PF02676,PF24681,8,20,236,76215,0.062,0.0323,129.178,7.013,9.15042982363673e-16,False,False,,CL0186,9.594010216749313e-16,True,True,TYW3,Kelch_KLHDC2_KLHL20_DRC7
PF00160,PF04641,15,242,37,76215,0.117,0.0568,127.678,6.996,1.9039574863514196e-28,False,False,CL0475,CL0229,2.20045162926416e-28,True,True,Pro_isomerase,Rtf2
PF00575,PF04408,15,83,108,76215,0.118,0.0852,127.535,6.995,7.588757058910671e-28,False,False,CL0021,CL0123,8.717282387853382e-28,True,True,S1,WHD_HA2
PF17857,PF24681,20,51,236,76215,0.158,0.0749,126.645,6.985,2.0507804471792344e-37,False,False,CL0671,CL0186,2.532529850758043e-37,True,True,AAA_lid_1,Kelch_KLHDC2_KLHL20_DRC7
PF08373,PF26172,19,327,35,76215,0.15,0.0554,126.526,6.983,2.338188979091737e-36,False,False,CL0236,CL0020,2.866411428619344e-36,True,True,RAP,RESC8
PF00575,PF21010,15,83,113,76215,0.123,0.0829,121.892,6.929,1.561959491738737e-27,False,False,CL0021,,1.7901640200548434e-27,True,True,S1,HA2_C
PF00176,PF00385,24,240,64,76215,0.202,0.0857,119.086,6.896,6.205825538700327e-44,False,False,CL0023,CL0010,8.177214852560743e-44,True,True,SNF2-rel_dom,Chromo
PF00226,PF00684,43,641,43,76215,0.362,0.0671,118.9,6.894,1.4012238520824015e-90,False,False,CL0392,CL0895,6.547694173002334e-90,True,True,DnaJ,DnaJ_CXXCXGXG
PF00226,PF21884,43,641,43,76215,0.362,0.0671,118.9,6.894,1.4012238520824015e-90,False,False,CL0392,,6.547694173002334e-90,True,True,DnaJ,ZUO1-like_ZHD
PF00226,PF23082,22,641,22,76215,0.185,0.0343,118.9,6.894,1.5453067415296922e-46,False,False,CL0392,CL0123,2.0833431938343313e-46,True,True,DnaJ,Myb_DNA-binding_2
PF00226,PF23302,22,641,22,76215,0.185,0.0343,118.9,6.894,1.5453067415296922e-46,False,False,CL0392,CL0123,2.0833431938343313e-46,True,True,DnaJ,HTH_DNAJC9
PF10294,PF12796,21,43,315,76215,0.178,0.0623,118.163,6.885,4.3015433845575476e-39,False,False,CL0063,CL0465,5.4180837639102556e-39,True,True,Methyltransf_16,Ank_2
PF00226,PF01556,126,641,127,76215,1.068,0.1963,117.964,6.882,8.919896233427761e-266,False,False,CL0392,,1.8499620407410451e-264,True,True,DnaJ,DnaJ_C
PF26172,PF26188,8,35,148,76215,0.068,0.0457,117.707,6.879,3.7575903841582865e-15,False,True,CL0020,CL0020,3.926150339279258e-15,True,False,RESC8,RESC6
PF01018,PF01926,45,66,442,76215,0.383,0.0972,117.567,6.877,1.7938332486027187e-85,False,False,CL0762,CL0023,5.263301430977744e-85,True,True,GTP1_OBG,MMR_HSR1
PF01344,PF24681,13,36,236,76215,0.111,0.0502,116.619,6.866,3.734338427155365e-24,False,True,CL0186,CL0186,4.1756191866419664e-24,True,False,Kelch_1,Kelch_KLHDC2_KLHL20_DRC7
PF00612,PF13540,20,86,153,76215,0.173,0.0913,115.846,6.856,5.068602732514397e-36,False,False,CL0220,CL0186,6.188600433086127e-36,True,True,IQ,RCC1_2
PF02463,PF13476,9,101,59,76215,0.078,0.0596,115.109,6.847,1.0398716837583492e-16,False,True,CL0023,CL0023,1.0978840510530966e-16,True,False,SMC_N,AAA_23
PF00575,PF07717,15,83,120,76215,0.131,0.0798,114.782,6.843,4.05847775056634e-27,False,True,CL0021,CL0021,4.6443955512905805e-27,True,False,S1,OB_NTP_bind
PF00226,PF14308,94,641,101,76215,0.849,0.1451,110.66,6.79,1.1340009937775755e-188,False,False,CL0392,,1.3518720508498024e-187,True,True,DnaJ,DnaJ-X
PF00122,PF16209,19,158,85,76215,0.176,0.0848,107.825,6.753,1.2772216424743297e-33,False,False,,,1.533476262257046e-33,True,True,E1-E2_ATPase,PhoLip_ATPase_N
PF07728,PF24681,20,62,236,76215,0.192,0.0719,104.176,6.703,2.3637191258066444e-35,False,False,CL0023,CL0186,2.8744343425471967e-35,True,True,AAA_5,Kelch_KLHDC2_KLHL20_DRC7
PF00004,PF17862,333,748,333,76215,3.268,0.4452,101.892,6.671,0.0,False,False,CL0023,CL0671,0.0,True,True,AAA,AAA_lid_3
PF00004,PF16450,110,748,110,76215,1.08,0.1471,101.892,6.671,2.983107585907735e-225,False,False,CL0023,CL0021,4.608596821494195e-224,True,True,AAA,Prot_ATP_ID_OB_C
PF00004,PF08542,68,748,68,76215,0.667,0.0909,101.892,6.671,1.245188053232209e-138,False,False,CL0023,CL0604,9.241248591144924e-138,True,True,AAA,Rep_fac_C
PF00004,PF01434,68,748,68,76215,0.667,0.0909,101.892,6.671,1.245188053232209e-138,False,False,CL0023,CL0126,9.241248591144924e-138,True,True,AAA,Peptidase_M41
PF00004,PF25361,62,748,62,76215,0.608,0.0829,101.892,6.671,2.3814886763565362e-126,False,False,CL0023,CL0671,1.4776942032802442e-125,True,True,AAA,AAA_lid_RFC1
PF00004,PF02861,49,748,49,76215,0.481,0.0655,101.892,6.671,8.125477993271629e-100,False,False,CL0023,,4.213004685552482e-99,True,True,AAA,Clp_N
PF00004,PF21960,35,748,35,76215,0.344,0.0468,101.892,6.671,2.331483308399856e-71,False,False,CL0023,CL0671,4.802538406690316e-71,True,True,AAA,RCF1-5-like_lid
PF00004,PF08519,24,748,24,76215,0.236,0.0321,101.892,6.671,4.408467202890464e-49,False,False,CL0023,,6.123320500161617e-49,True,True,AAA,RFC1
PF00004,PF23242,23,748,23,76215,0.226,0.0307,101.892,6.671,4.632964594794899e-47,False,False,CL0023,CL0671,6.302163878274464e-47,True,True,AAA,AAA_lid_TRIP13_C
PF00004,PF06480,23,748,23,76215,0.226,0.0307,101.892,6.671,4.632964594794899e-47,False,False,CL0023,,6.302163878274464e-47,True,True,AAA,FtsH_ext
PF00004,PF21236,23,748,23,76215,0.226,0.0307,101.892,6.671,4.632964594794899e-47,False,False,CL0023,CL0021,6.302163878274464e-47,True,True,AAA,OB_PRS7
PF00004,PF08740,22,748,22,76215,0.216,0.0294,101.892,6.671,4.86225167177972e-45,False,False,CL0023,,6.46876013275439e-45,True,True,AAA,BCS1_N
PF00004,PF25426,22,748,22,76215,0.216,0.0294,101.892,6.671,4.86225167177972e-45,False,False,CL0023,CL0671,6.46876013275439e-45,True,True,AAA,AAA_lid_BCS1
PF00004,PF02359,22,748,22,76215,0.216,0.0294,101.892,6.671,4.86225167177972e-45,False,False,CL0023,CL0199,6.46876013275439e-45,True,True,AAA,CDC48_N
PF00004,PF02933,22,748,22,76215,0.216,0.0294,101.892,6.671,4.86225167177972e-45,False,False,CL0023,CL0402,6.46876013275439e-45,True,True,AAA,CDC48_2
PF00004,PF12037,22,748,22,76215,0.216,0.0294,101.892,6.671,4.86225167177972e-45,False,False,CL0023,,6.46876013275439e-45,True,True,AAA,ATAD3_N
PF00004,PF04212,22,748,22,76215,0.216,0.0294,101.892,6.671,4.86225167177972e-45,False,False,CL0023,CL0745,6.46876013275439e-45,True,True,AAA,MIT
PF00004,PF09336,22,748,22,76215,0.216,0.0294,101.892,6.671,4.86225167177972e-45,False,False,CL0023,CL0671,6.46876013275439e-45,True,True,AAA,Vps4_C
PF00004,PF22606,19,748,19,76215,0.186,0.0254,101.892,6.671,5.574726121025173e-39,False,False,CL0023,CL0671,7.015906356801423e-39,True,True,AAA,Cdc6-ORC-like_ATPase_lid
PF00004,PF22667,6,748,6,76215,0.059,0.008,101.892,6.671,8.760356937201595e-13,False,False,CL0023,CL0671,9.022571702668854e-13,True,True,AAA,Lon_lid
PF00566,PF07534,21,254,63,76215,0.21,0.0709,100.02,6.644,9.96804697436674e-37,False,False,CL0816,,1.225964510088647e-36,True,True,RabGAP-TBC,TLD
PF00004,PF17871,66,748,68,76215,0.667,0.088,98.895,6.628,3.479226909484646e-131,False,False,CL0023,CL0671,2.3307741331680325e-130,True,True,AAA,AAA_lid_9
PF00176,PF00628,21,240,68,76215,0.214,0.0732,98.071,6.616,1.9445892863742338e-36,False,False,CL0023,CL0229,2.3877600807547363e-36,True,True,SNF2-rel_dom,PHD
PF00004,PF02190,22,748,23,76215,0.226,0.0294,97.462,6.607,1.1081253624007867e-43,False,False,CL0023,CL0178,1.453814383600339e-43,True,True,AAA,LON_substr_bdg
PF00004,PF05362,20,748,21,76215,0.206,0.0267,97.04,6.601,1.1098601318742081e-39,False,False,CL0023,CL0329,1.4144177101494538e-39,True,True,AAA,Lon_C
PF06470,PF13476,6,86,59,76215,0.067,0.0432,90.124,6.494,7.42107886629671e-11,False,False,,CL0023,7.571100676262277e-11,True,True,SMC_hinge,AAA_23
PF13202,PF13499,38,82,399,76215,0.429,0.0858,88.519,6.468,9.51780877281062e-65,False,True,CL0220,CL0220,1.6658916164202635e-64,True,False,EF-hand_5,EF-hand_7
PF00004,PF07724,88,748,102,76215,1.001,0.1155,87.907,6.458,5.1615634167349726e-163,False,True,CL0023,CL0023,5.316059192473979e-162,True,False,AAA,AAA_2
PF00887,PF12796,19,53,315,76215,0.219,0.0544,86.738,6.439,3.0949837802828325e-32,False,False,CL0632,CL0465,3.6636477274028213e-32,True,True,ACBP,Ank_2
PF02818,PF12879,6,8,662,76215,0.069,0.009,86.346,6.432,1.1583743209491556e-11,False,False,,,1.1849856229169065e-11,True,True,PPAK,SICA_C
PF01926,PF17835,22,442,44,76215,0.255,0.0474,86.216,6.43,6.878998866149161e-38,False,False,CL0023,CL0669,8.578916213632479e-38,True,True,MMR_HSR1,NOG1_N
PF00004,PF10431,66,748,80,76215,0.785,0.0866,84.061,6.393,2.071037083060796e-119,False,False,CL0023,CL0671,1.2059808245207865e-118,True,True,AAA,ClpB_D2-small
PF12878,PF12887,144,299,442,76215,1.734,0.2412,83.044,6.376,7.476332521731737e-246,False,True,CL0474,CL0474,1.2576852708779834e-244,True,False,SICA_beta,SICA_alpha
PF00122,PF16212,19,158,111,76215,0.23,0.076,82.568,6.368,3.3436046032878538e-31,False,False,,CL0137,3.939468769943822e-31,True,True,E1-E2_ATPase,PhoLip_ATPase_C
PF12878,PF12879,208,299,662,76215,2.597,0.2762,80.089,6.324,0.0,False,False,CL0474,,0.0,True,True,SICA_beta,SICA_C
PF08282,PF13246,14,102,136,76215,0.182,0.0625,76.918,6.265,8.666202907439971e-23,False,True,CL0137,CL0137,9.598120849937173e-23,True,False,Hydrolase_3,Cation_ATPase
PF00004,PF00533,24,748,34,76215,0.334,0.0317,71.924,6.168,5.27453632231288e-41,False,False,CL0023,CL0459,6.819511521760632e-41,True,True,AAA,BRCT
PF00439,PF00583,16,119,145,76215,0.226,0.0645,70.672,6.143,2.853943352487942e-25,False,False,,CL0257,3.214933211061566e-25,True,True,Bromodomain,Acetyltransf_1
PF12780,PF24681,20,93,236,76215,0.288,0.0647,69.451,6.118,2.51128690396436e-31,False,False,CL0023,CL0186,2.9657475605320133e-31,True,True,AAA_8,Kelch_KLHDC2_KLHL20_DRC7
PF00270,PF13959,65,1100,65,76215,0.938,0.0591,69.286,6.114,3.404087208098303e-121,False,False,CL0023,,2.005364993408884e-120,True,True,DEAD,CTE_SPB4
PF00270,PF23445,46,1100,46,76215,0.664,0.0418,69.286,6.114,8.350572601004767e-86,False,False,CL0023,CL0123,2.5235063708425583e-85,True,True,DEAD,WHD_SNRNP200
PF00270,PF18149,22,1100,22,76215,0.318,0.02,69.286,6.114,2.60173827017975e-41,False,False,CL0023,,3.378243345670791e-41,True,True,DEAD,Helicase_PWI
PF00270,PF25430,22,1100,22,76215,0.318,0.02,69.286,6.114,2.60173827017975e-41,False,False,CL0023,,3.378243345670791e-41,True,True,DEAD,DDX23
PF00270,PF13234,21,1100,21,76215,0.303,0.0191,69.286,6.114,1.837227486173086e-39,False,False,CL0023,CL0010,2.3374474067781955e-39,True,True,DEAD,MTR4_beta-barrel
PF00270,PF26142,20,1100,20,76215,0.289,0.0182,69.286,6.114,1.296181002860725e-37,False,False,CL0023,,1.6072219806151823e-37,True,True,DEAD,DD_DDX21-DDX50
PF00270,PF08152,19,1100,19,76215,0.274,0.0173,69.286,6.114,9.136337437000536e-36,False,False,CL0023,CL0221,1.1119304565609976e-35,True,True,DEAD,GUCT
PF00179,PF00627,20,304,74,76215,0.295,0.0559,67.759,6.082,2.673097686161659e-31,False,False,CL0208,CL0214,3.1543802781362063e-31,True,True,UQ_con,UBA
PF00270,PF08148,44,1100,45,76215,0.649,0.04,67.747,6.082,1.930450526404953e-80,False,False,CL0023,,4.9790495689558755e-80,True,True,DEAD,DSHCT
PF00400,PF23953,44,1133,44,76215,0.654,0.0388,67.268,6.072,1.6382529814720075e-81,False,False,CL0186,CL0020,4.374453287387336e-81,True,True,WD40,TPR_COPA_B
PF00400,PF04053,28,1133,28,76215,0.416,0.0247,67.268,6.072,4.757509600578014e-52,False,True,CL0186,CL0186,6.85987574788106e-52,True,False,WD40,B-prop_COPA_B_2nd
PF00400,PF16300,24,1133,24,76215,0.357,0.0212,67.268,6.072,1.0655801279778072e-44,False,True,CL0186,CL0186,1.4089854268632314e-44,True,False,WD40,WD40_4
PF00400,PF04158,23,1133,23,76215,0.342,0.0203,67.268,6.072,7.31429559557523e-43,False,False,CL0186,,9.554653608024933e-43,True,True,WD40,Sof1
PF00400,PF06957,22,1133,22,76215,0.327,0.0194,67.268,6.072,5.016184737296701e-41,False,False,CL0186,CL0020,6.491028796809578e-41,True,True,WD40,COPI_C
PF00400,PF08324,22,1133,22,76215,0.327,0.0194,67.268,6.072,5.016184737296701e-41,False,False,CL0186,CL0020,6.491028796809578e-41,True,True,WD40,PUL
PF00400,PF09070,22,1133,22,76215,0.327,0.0194,67.268,6.072,5.016184737296701e-41,False,False,CL0186,,6.491028796809578e-41,True,True,WD40,PFU
PF00400,PF23627,21,1133,21,76215,0.312,0.0185,67.268,6.072,3.437078955697705e-39,False,False,CL0186,CL0561,4.336447949105271e-39,True,True,WD40,LisH_WDR26
PF00400,PF08953,20,1133,20,76215,0.297,0.0177,67.268,6.072,2.352993989482359e-37,False,True,CL0186,CL0186,2.9033682967206938e-37,True,False,WD40,DUF1899
PF00400,PF08625,17,1133,17,76215,0.253,0.015,67.268,6.072,7.509485504201495e-32,False,False,CL0186,,8.882313322938331e-32,True,True,WD40,Utp13
PF00270,PF16124,28,1100,29,76215,0.419,0.0254,66.897,6.064,5.888102150434354e-51,False,False,CL0023,,8.39414939336875e-51,True,True,DEAD,RecQ_Zn_bind
PF00400,PF12265,85,1133,86,76215,1.278,0.075,66.486,6.055,1.5178370699007572e-155,False,True,CL0186,CL0186,1.4012227584327723e-154,True,False,WD40,CAF1C_H4-bd
PF00122,PF08282,14,158,102,76215,0.211,0.0569,66.208,6.049,7.626223537238574e-22,False,False,,CL0137,8.36674089520232e-22,True,True,E1-E2_ATPase,Hydrolase_3
PF00270,PF21188,21,1100,22,76215,0.318,0.0191,66.137,6.047,3.9872639659070134e-38,False,False,CL0023,,4.997282818198029e-38,True,True,DEAD,BRR2_plug
PF00270,PF09382,21,1100,22,76215,0.318,0.0191,66.137,6.047,3.9872639659070134e-38,False,False,CL0023,CL0123,4.997282818198029e-38,True,True,DEAD,RQC
PF17852,PF24681,20,98,236,76215,0.303,0.0637,65.907,6.042,7.969876460168451e-31,False,False,,CL0186,9.375596706056749e-31,True,True,Dynein_AAA_lid,Kelch_KLHDC2_KLHL20_DRC7
PF00400,PF08154,43,1133,44,76215,0.654,0.0379,65.739,6.039,4.96690949666475e-78,False,False,CL0186,CL0072,1.2388634230560842e-77,True,True,WD40,NLE
PF00270,PF04408,101,1100,108,76215,1.559,0.0912,64.796,6.018,2.961245338872586e-178,False,False,CL0023,CL0123,3.3457652560097724e-177,True,True,DEAD,WHD_HA2
PF00270,PF21010,103,1100,113,76215,1.631,0.0928,63.155,5.981,1.0913712622986203e-178,False,False,CL0023,,1.242357963248204e-177,True,True,DEAD,HA2_C
PF12879,PF12887,236,662,442,76215,3.839,0.2719,61.471,5.942,0.0,False,False,,CL0474,0.0,True,True,SICA_C,SICA_alpha
PF12781,PF24681,17,91,236,76215,0.282,0.0548,60.33,5.915,1.1541606278180255e-25,False,False,CL0023,CL0186,1.3020858349601272e-25,True,True,AAA_9,Kelch_KLHDC2_KLHL20_DRC7
PF00270,PF07717,102,1100,120,76215,1.732,0.0912,58.893,5.88,1.3120464864875088e-169,False,False,CL0023,CL0021,1.4088215464837508e-168,True,True,DEAD,OB_NTP_bind
PF00400,PF23609,20,1133,23,76215,0.342,0.0176,58.494,5.87,3.995647713427854e-34,False,True,CL0186,CL0186,4.820247520422129e-34,True,False,WD40,Beta-prop_EIPR1
PF00076,PF12220,22,1336,22,76215,0.386,0.0165,57.047,5.834,1.9438873826403107e-39,False,True,CL0221,CL0221,2.4669283296877035e-39,True,False,RRM_1,U1snRNP70_N
PF00076,PF00658,22,1336,22,76215,0.386,0.0165,57.047,5.834,1.9438873826403107e-39,False,False,CL0221,CL0828,2.4669283296877035e-39,True,True,RRM_1,MLLE
PF00076,PF21369,22,1336,22,76215,0.386,0.0165,57.047,5.834,1.9438873826403107e-39,False,False,CL0221,CL0229,2.4669283296877035e-39,True,True,RRM_1,STL11_N
PF00076,PF15519,21,1336,21,76215,0.368,0.0157,57.047,5.834,1.1263312185011092e-37,False,False,CL0221,,1.3989052213377188e-37,True,True,RRM_1,RBM39linker
PF00076,PF14327,16,1336,16,76215,0.28,0.012,57.047,5.834,7.274106980774411e-29,False,False,CL0221,,8.419723217807689e-29,True,True,RRM_1,CSTF2_hinge
PF24681,PF24981,6,236,34,76215,0.105,0.0227,56.99,5.833,1.03444195768866e-09,False,True,CL0186,CL0186,1.0468884518319726e-09,True,False,Kelch_KLHDC2_KLHL20_DRC7,Beta-prop_ATRN-LZTR1
PF00226,PF11875,11,641,23,76215,0.193,0.0168,56.865,5.829,1.687342600766943e-17,False,False,CL0392,CL0881,1.790214924709987e-17,True,True,DnaJ,DnaJ-like_C11_C
PF00271,PF13959,65,1347,65,76215,1.149,0.0483,56.581,5.822,2.5499197653104147e-115,False,False,CL0023,,1.4459095598052314e-114,True,True,Helicase_C,CTE_SPB4
PF00271,PF18149,22,1347,22,76215,0.389,0.0163,56.581,5.822,2.3315029943088043e-39,False,False,CL0023,,2.9489519911307685e-39,True,True,Helicase_C,Helicase_PWI
PF00271,PF25430,22,1347,22,76215,0.389,0.0163,56.581,5.822,2.3315029943088043e-39,False,False,CL0023,,2.9489519911307685e-39,True,True,Helicase_C,DDX23
PF00271,PF12513,22,1347,22,76215,0.389,0.0163,56.581,5.822,2.3315029943088043e-39,False,False,CL0023,CL0745,2.9489519911307685e-39,True,True,Helicase_C,SUV3_C
PF00271,PF22527,22,1347,22,76215,0.389,0.0163,56.581,5.822,2.3315029943088043e-39,False,True,CL0023,CL0023,2.9489519911307685e-39,True,False,Helicase_C,DEXQc_Suv3
PF00271,PF13234,21,1347,21,76215,0.371,0.0156,56.581,5.822,1.3397174898066745e-37,False,False,CL0023,CL0010,1.659846382624636e-37,True,True,Helicase_C,MTR4_beta-barrel
PF00271,PF26142,20,1347,20,76215,0.353,0.0148,56.581,5.822,7.692522542262214e-36,False,False,CL0023,,9.36965336201528e-36,True,True,Helicase_C,DD_DDX21-DDX50
PF00271,PF20600,20,1347,20,76215,0.353,0.0148,56.581,5.822,7.692522542262214e-36,False,False,CL0023,,9.36965336201528e-36,True,True,Helicase_C,ExoX-like_C
PF00271,PF08152,19,1347,19,76215,0.336,0.0141,56.581,5.822,4.413700659866053e-34,False,False,CL0023,CL0221,5.316104056513289e-34,True,True,Helicase_C,GUCT
PF00271,PF14446,19,1347,19,76215,0.336,0.0141,56.581,5.822,4.413700659866053e-34,False,False,CL0023,CL0229,5.316104056513289e-34,True,True,Helicase_C,Prok-RING_1
PF00009,PF04950,15,449,45,76215,0.265,0.0313,56.581,5.822,8.296993259004157e-23,False,False,CL0023,CL0866,9.195935427622471e-23,True,True,GTP_EFTU,RIBIOP_C
PF00009,PF08142,15,449,45,76215,0.265,0.0313,56.581,5.822,8.296993259004157e-23,False,False,CL0023,CL0866,9.195935427622471e-23,True,True,GTP_EFTU,AARP2CN
PF12777,PF24681,20,116,236,76215,0.359,0.0602,55.68,5.799,3.1201490861000914e-29,False,False,,CL0186,3.6254073034194465e-29,True,True,MT,Kelch_KLHDC2_KLHL20_DRC7
PF00271,PF04408,106,1347,108,76215,1.909,0.0786,55.533,5.795,1.4223976224260923e-184,False,False,CL0023,CL0123,1.656546154117772e-183,True,True,Helicase_C,WHD_HA2
PF00271,PF23445,45,1347,46,76215,0.813,0.0334,55.351,5.791,2.9378653877251216e-78,False,False,CL0023,CL0123,7.339815506626789e-78,True,True,Helicase_C,WHD_SNRNP200
PF00271,PF08148,44,1347,45,76215,0.795,0.0326,55.324,5.79,1.680079724475309e-76,False,False,CL0023,,4.037524925167647e-76,True,True,Helicase_C,DSHCT
PF08393,PF24681,20,117,236,76215,0.362,0.0601,55.204,5.787,3.7533118587869176e-29,False,False,,CL0186,4.3577562532234606e-29,True,True,DHC_N2,Kelch_KLHDC2_KLHL20_DRC7
PF00271,PF16124,28,1347,29,76215,0.513,0.0208,54.63,5.772,1.8183608030815867e-48,False,False,CL0023,,2.505002962570994e-48,True,True,Helicase_C,RecQ_Zn_bind
PF00076,PF16131,21,1336,22,76215,0.386,0.0157,54.454,5.767,2.437107045666994e-36,False,False,CL0221,CL0537,2.9852589539966254e-36,True,True,RRM_1,Torus
PF00271,PF21010,108,1347,113,76215,1.997,0.0799,54.078,5.757,8.742992069469752e-184,False,False,CL0023,,1.0104496177997865e-182,True,True,Helicase_C,HA2_C
PF00271,PF21188,21,1347,22,76215,0.389,0.0156,54.009,5.755,2.898416914694199e-36,False,False,CL0023,,3.544590637194683e-36,True,True,Helicase_C,BRR2_plug
PF00271,PF09382,21,1347,22,76215,0.389,0.0156,54.009,5.755,2.898416914694199e-36,False,False,CL0023,CL0123,3.544590637194683e-36,True,True,Helicase_C,RQC
PF00270,PF00271,1049,1100,1347,76215,19.441,0.7504,53.958,5.754,0.0,False,True,CL0023,CL0023,0.0,True,False,DEAD,Helicase_C
PF00176,PF00271,228,240,1347,76215,4.242,0.1678,53.752,5.748,0.0,False,True,CL0023,CL0023,0.0,True,False,SNF2-rel_dom,Helicase_C
PF03028,PF24681,20,122,236,76215,0.378,0.0592,52.942,5.726,9.215375356746285e-29,False,False,CL0023,CL0186,1.0658577761737109e-28,True,True,Dynein_heavy,Kelch_KLHDC2_KLHL20_DRC7
PF00226,PF05207,16,641,36,76215,0.303,0.0242,52.845,5.724,3.25301519494262e-24,False,False,CL0392,CL0167,3.640107173054787e-24,True,True,DnaJ,Zn_ribbon_CSL
PF02493,PF07714,17,210,117,76215,0.322,0.0548,52.733,5.721,1.474210568876641e-24,False,False,CL0251,CL0016,1.653299852799433e-24,True,True,MORN,PK_Tyr_Ser-Thr
PF00076,PF12353,17,1336,19,76215,0.333,0.0127,51.042,5.674,2.0848905534897964e-28,False,False,CL0221,CL0511,2.404055063201487e-28,True,True,RRM_1,eIF3g
PF12774,PF24681,20,128,236,76215,0.396,0.0581,50.46,5.657,2.5698720808049303e-28,False,False,CL0023,CL0186,2.9587728747822545e-28,True,True,AAA_6,Kelch_KLHDC2_KLHL20_DRC7
PF00271,PF07717,107,1347,120,76215,2.121,0.0787,50.452,5.657,2.9395406331476594e-173,False,False,CL0023,CL0021,3.178903227561112e-172,True,True,Helicase_C,OB_NTP_bind
PF00179,PF09409,16,304,80,76215,0.319,0.0435,50.141,5.648,5.90518947565349e-23,False,False,CL0208,,6.564212089676494e-23,True,True,UQ_con,PUB
PF00076,PF07744,21,1336,24,76215,0.421,0.0157,49.916,5.641,2.168874993939101e-34,False,False,CL0221,CL0616,2.6248415194434844e-34,True,True,RRM_1,SPOC
PF00211,PF08282,5,75,102,76215,0.1,0.0291,49.814,5.638,6.229058862612454e-08,False,False,CL0276,CL0137,6.270475477390462e-08,True,True,Guanylate_cyc,Hydrolase_3
PF00856,PF13771,5,160,48,76215,0.101,0.0246,49.619,5.633,6.095100672197959e-08,False,False,CL0489,CL0229,6.139708860750306e-08,True,True,SET,zf-HC5HC2H
PF00069,PF00433,5,1542,5,76215,0.101,0.0032,49.426,5.627,3.368661729453126e-09,False,False,CL0016,,3.4069164050714983e-09,True,True,Pkinase,Pkinase_C
PF12775,PF24681,20,132,236,76215,0.409,0.0575,48.931,5.613,4.945724575529386e-28,False,False,CL0023,CL0186,5.6855178491659e-28,True,True,AAA_7,Kelch_KLHDC2_KLHL20_DRC7
PF00400,PF08606,16,1133,22,76215,0.327,0.014,48.922,5.612,3.5165987821005427e-25,False,False,CL0186,,3.958461380000165e-25,True,True,WD40,Prp19
PF08373,PF26188,31,327,148,76215,0.635,0.0698,48.819,5.609,4.728765803518845e-43,False,False,CL0236,CL0020,6.1825141852569354e-43,True,True,RAP,RESC6
PF02475,PF24681,8,53,236,76215,0.164,0.0285,48.746,5.607,5.896912198242454e-12,False,False,CL0063,CL0186,6.044634440175407e-12,True,True,TRM5-TYW2_MTfase,Kelch_KLHDC2_KLHL20_DRC7
PF00076,PF13893,17,1336,20,76215,0.351,0.0127,48.49,5.6,1.3672056036528423e-27,False,True,CL0221,CL0221,1.569332285011678e-27,True,False,RRM_1,RRM_5
PF00226,PF12874,21,641,53,76215,0.446,0.0312,47.111,5.558,4.7053563117009926e-30,False,False,CL0392,CL0361,5.505339610444592e-30,True,True,DnaJ,zf-met
PF00270,PF02889,45,1100,67,76215,0.967,0.0401,46.536,5.54,1.211340225840009e-66,False,False,CL0023,,2.214938528891031e-66,True,True,DEAD,Sec63
PF18199,PF24681,20,139,236,76215,0.43,0.0563,46.467,5.538,1.4780693608158094e-27,False,False,,CL0186,1.6953007668751028e-27,True,True,Dynein_C,Kelch_KLHDC2_KLHL20_DRC7
PF18198,PF24681,20,140,236,76215,0.434,0.0562,46.135,5.528,1.719755131143275e-27,False,False,CL0671,CL0186,1.969522896029439e-27,True,True,AAA_lid_11,Kelch_KLHDC2_KLHL20_DRC7
PF00076,PF00397,89,1336,111,76215,1.946,0.0655,45.741,5.515,1.7265035520721206e-135,False,False,CL0221,CL0680,1.2157797106219492e-134,True,True,RRM_1,WW
PF00076,PF11835,17,1336,22,76215,0.386,0.0127,44.082,5.462,3.055837904133689e-26,False,True,CL0221,CL0221,3.473377317461265e-26,True,False,RRM_1,RRM_8
PF08282,PF16209,5,102,85,76215,0.114,0.0275,43.953,5.458,1.1713555103188725e-07,False,False,CL0137,,1.177577850347127e-07,True,True,Hydrolase_3,PhoLip_ATPase_N
PF00176,PF13920,11,240,80,76215,0.252,0.0356,43.665,5.448,2.073991467874468e-15,False,False,CL0023,CL0229,2.1700228627242187e-15,True,True,SNF2-rel_dom,zf-C3HC4_3
PF00400,PF17814,14,1133,22,76215,0.327,0.0123,42.807,5.42,6.808443280993478e-21,False,False,CL0186,CL0561,7.410483916192758e-21,True,True,WD40,LisH_TPL
PF00439,PF12796,20,119,315,76215,0.492,0.0483,40.664,5.346,1.950630544046058e-26,False,False,,CL0465,2.222163012555103e-26,True,True,Bromodomain,Ank_2
PF01529,PF12796,42,252,315,76215,1.042,0.08,40.325,5.334,2.907574649601635e-54,False,False,,CL0465,4.3157529602910536e-54,True,True,DHHC,Ank_2
PF00226,PF02889,22,641,67,76215,0.563,0.0321,39.042,5.287,2.950745986367658e-29,False,False,CL0392,,3.431205394286202e-29,True,True,DnaJ,Sec63
PF00149,PF00612,14,324,86,76215,0.366,0.0354,38.293,5.259,1.6362052863874872e-18,False,False,CL0163,CL0220,1.745746866519137e-18,True,True,Metallophos,IQ
PF00097,PF00176,11,92,240,76215,0.29,0.0343,37.969,5.247,1.0293680914540506e-14,False,False,CL0229,CL0023,1.071845454237574e-14,True,True,zf-C3HC4,SNF2-rel_dom
PF00271,PF07529,14,1347,21,76215,0.371,0.0103,37.721,5.237,2.812741822573096e-20,False,False,CL0023,,3.0439536235708846e-20,True,True,Helicase_C,HSA
PF00226,PF07743,6,641,19,76215,0.16,0.0092,37.547,5.231,8.547661111644744e-09,False,False,CL0392,,8.627439282020094e-09,True,True,DnaJ,HSCB_C
PF00271,PF02889,44,1347,67,76215,1.184,0.0321,37.158,5.216,1.367110292295149e-60,False,False,CL0023,,2.1879545269924477e-60,True,True,Helicase_C,Sec63
PF00076,PF15861,29,1336,45,76215,0.789,0.0214,36.764,5.2,4.295948246984578e-40,False,False,CL0221,,5.493298687444806e-40,True,True,RRM_1,partial_CstF
PF00400,PF00787,22,1133,42,76215,0.624,0.0191,35.236,5.139,1.9461612864229474e-29,False,False,CL0186,,2.2665293751110326e-29,True,True,WD40,PX
PF00400,PF08799,22,1133,43,76215,0.639,0.0191,34.416,5.105,3.9294326324670607e-29,False,False,CL0186,CL0306,4.5552534498890735e-29,True,True,WD40,PRP4
PF08282,PF16212,5,102,111,76215,0.149,0.024,33.658,5.073,4.4524781748351686e-07,False,True,CL0137,CL0137,4.467231250298506e-07,True,False,Hydrolase_3,PhoLip_ATPase_C
PF00400,PF23381,6,1133,12,76215,0.178,0.0053,33.634,5.072,9.11833773391837e-09,False,True,CL0186,CL0186,9.197310678982286e-09,True,False,WD40,Beta-prop_IFT122_1st
PF00271,PF01844,10,1347,17,76215,0.3,0.0074,33.283,5.057,5.0003325387382166e-14,False,False,CL0023,CL0263,5.188830338347951e-14,True,True,Helicase_C,HNH
PF00076,PF12923,11,1336,19,76215,0.333,0.0082,33.027,5.046,3.0649938755960714e-15,False,False,CL0221,,3.2046966351190967e-15,True,True,RRM_1,RRP7
PF01926,PF13365,6,442,33,76215,0.191,0.0128,31.351,4.97,3.567571011063283e-08,False,False,CL0023,CL0124,3.59607357573223e-08,True,True,MMR_HSR1,Trypsin_2
PF00400,PF08149,10,1133,22,76215,0.327,0.0087,30.577,4.934,2.7878508399260386e-13,False,True,CL0186,CL0186,2.8771684878309626e-13,True,False,WD40,BING4CT
PF00076,PF01805,24,1336,46,76215,0.806,0.0177,29.764,4.895,3.1590953037493386e-30,False,False,CL0221,,3.704779465434933e-30,True,True,RRM_1,Surp
PF00240,PF00443,20,274,188,76215,0.676,0.0452,29.591,4.887,1.647092593075411e-23,False,False,CL0072,CL0125,1.837655258597032e-23,True,True,ubiquitin,UCH
PF00076,PF01585,21,1336,42,76215,0.736,0.0155,28.524,4.834,4.27752599873788e-26,False,False,CL0221,CL0449,4.858345357906339e-26,True,True,RRM_1,G-patch
PF00439,PF00856,7,119,160,76215,0.25,0.0257,28.02,4.808,7.240470789660954e-09,False,False,,CL0489,7.312923799564166e-09,True,True,Bromodomain,SET
PF05424,PF07133,9,317,80,76215,0.333,0.0232,27.048,4.757,5.951713222825084e-11,False,False,CL0195,,6.07612529963397e-11,True,True,Duffy_binding,Merozoite_SPAM
PF00632,PF12796,8,74,315,76215,0.306,0.021,26.157,4.709,9.265101320306104e-10,False,False,CL0552,CL0465,9.382851771868523e-10,True,True,HECT,Ank_2
PF09687,PF14308,29,840,101,76215,1.113,0.0318,26.052,4.703,8.555846132122225e-33,False,False,,,1.0191621592472893e-32,True,True,PRESAN,DnaJ-X
PF00612,PF13499,11,86,399,76215,0.45,0.0232,24.432,4.611,1.2146394181271845e-12,False,True,CL0220,CL0220,1.2501455330010587e-12,True,False,IQ,EF-hand_7
PF00076,PF04818,23,1336,54,76215,0.947,0.0168,24.298,4.603,2.1727723065183273e-26,False,False,CL0221,CL0020,2.473366369976502e-26,True,True,RRM_1,CID
PF00069,PF14381,11,1542,23,76215,0.465,0.0071,23.639,4.563,2.429203216786662e-13,False,False,CL0016,CL0125,2.5104530172116084e-13,True,True,Pkinase,EDR1_CTR1_ARMC3_pept
PF00009,PF14714,6,449,44,76215,0.259,0.0123,23.147,4.533,2.3616165690051267e-07,False,False,CL0023,,2.3710129214016987e-07,True,True,GTP_EFTU,KH_dom-like
PF00270,PF00622,22,1100,66,76215,0.953,0.0192,23.095,4.53,2.6030336220265322e-24,False,False,CL0023,CL0004,2.9170931930038267e-24,True,True,DEAD,SPRY
PF00149,PF24681,22,324,236,76215,1.003,0.0409,21.928,4.455,7.466972248169749e-23,False,False,CL0163,CL0186,8.288120222675219e-23,True,True,Metallophos,Kelch_KLHDC2_KLHL20_DRC7
PF00004,PF08645,9,748,42,76215,0.412,0.0115,21.834,4.449,2.689862662892992e-10,False,False,CL0023,CL0137,2.7313561848557946e-10,True,True,AAA,PNK3P
PF00400,PF23098,21,1133,66,76215,0.981,0.0178,21.404,4.42,1.6287043969966026e-22,False,True,CL0186,CL0186,1.799896683980187e-22,True,False,WD40,Beta-prop_NOL10_N
PF00009,PF01018,8,449,66,76215,0.389,0.0158,20.575,4.363,5.808308859885157e-09,False,False,CL0023,CL0762,5.870346871739739e-09,True,True,GTP_EFTU,GTP1_OBG
PF00271,PF00385,23,1347,64,76215,1.131,0.0166,20.334,4.346,2.9889034245331115e-24,False,False,CL0023,CL0010,3.347041260904682e-24,True,True,Helicase_C,Chromo
PF00149,PF13181,14,324,172,76215,0.731,0.029,19.147,4.259,3.43478947023381e-14,False,False,CL0163,CL0020,3.5716148749546625e-14,True,True,Metallophos,TPR_8
PF00271,PF00622,22,1347,66,76215,1.166,0.0158,18.86,4.237,2.031200964570116e-22,False,False,CL0023,CL0004,2.2414273034687726e-22,True,True,Helicase_C,SPRY
PF00271,PF00628,21,1347,68,76215,1.202,0.0151,17.474,4.127,1.1447642390397581e-20,False,False,CL0023,CL0229,1.243309223749063e-20,True,True,Helicase_C,PHD
PF00076,PF00642,40,1336,132,76215,2.314,0.028,17.287,4.112,7.452210961704569e-38,False,False,CL0221,CL0537,9.286129544049973e-38,True,True,RRM_1,zf-CCCH
PF00400,PF12931,10,1133,39,76215,0.58,0.0086,17.248,4.108,2.1802973563807767e-10,False,False,CL0186,CL0020,2.2183939499734516e-10,True,True,WD40,TPR_Sec16
PF00027,PF00069,24,69,1542,76215,1.396,0.0151,17.192,4.104,1.7948509417905147e-23,False,False,CL0029,CL0016,1.999561682024164e-23,True,True,cNMP_binding,Pkinase
PF00076,PF08662,20,1336,67,76215,1.174,0.0145,17.029,4.09,1.7344163662864333e-19,False,False,CL0221,CL0186,1.866315834085046e-19,True,True,RRM_1,eIF2A
PF00076,PF01480,12,1336,43,76215,0.754,0.0088,15.92,3.993,7.455068910948851e-12,False,False,CL0221,CL0805,7.631490419997674e-12,True,True,RRM_1,PWI
PF00566,PF07714,6,254,117,76215,0.39,0.0164,15.388,3.944,2.964322733596519e-06,False,False,CL0816,CL0016,2.9702082188386036e-06,True,True,RabGAP-TBC,PK_Tyr_Ser-Thr
PF00176,PF13639,11,240,228,76215,0.718,0.0241,15.321,3.937,2.234371638848045e-10,False,False,CL0023,CL0229,2.271886273482834e-10,True,True,SNF2-rel_dom,zf-RING_2
PF00069,PF13202,23,1542,82,76215,1.659,0.0144,13.863,3.793,3.9571824514417e-20,False,False,CL0016,CL0220,4.273305443282977e-20,True,True,Pkinase,EF-hand_5
PF00069,PF13499,99,1542,399,76215,8.073,0.0537,12.264,3.616,1.605441359082773e-76,False,False,CL0016,CL0220,3.864289694199234e-76,True,True,Pkinase,EF-hand_7
PF00400,PF00612,15,1133,86,76215,1.278,0.0125,11.733,3.552,2.849371796261158e-12,False,False,CL0186,CL0220,2.9266953185477567e-12,True,True,WD40,IQ
PF00063,PF00400,22,136,1133,76215,2.022,0.0176,10.882,3.444,1.2964349390014543e-16,False,False,CL0023,CL0186,1.3649530581698205e-16,True,True,Myosin_head,WD40
PF00270,PF00575,13,1100,83,76215,1.198,0.0111,10.852,3.44,2.2908265600948526e-10,False,False,CL0023,CL0021,2.3277257798547695e-10,True,True,DEAD,S1
PF00271,PF00575,15,1347,83,76215,1.467,0.0106,10.226,3.354,1.882002855079077e-11,False,False,CL0023,CL0021,1.9239380976297922e-11,True,True,Helicase_C,S1
PF00069,PF07714,24,1542,117,76215,2.367,0.0147,10.139,3.342,1.7062978236307648e-17,False,True,CL0016,CL0016,1.8090580567065672e-17,True,False,Pkinase,PK_Tyr_Ser-Thr
PF00085,PF00226,28,329,641,76215,2.767,0.0297,10.119,3.339,1.2621910862432e-19,False,False,CL0172,CL0392,1.3591445978465183e-19,True,True,Thioredoxin,DnaJ
PF00149,PF13499,17,324,399,76215,1.696,0.0241,10.022,3.325,2.4141354233788555e-12,False,False,CL0163,CL0220,2.481331317715945e-12,True,True,Metallophos,EF-hand_7
PF00069,PF00169,21,1542,111,76215,2.246,0.0129,9.351,3.225,9.63161539217019e-15,False,False,CL0016,CL0266,1.0035970890396191e-14,True,True,Pkinase,PH
PF00271,PF13920,11,1347,80,76215,1.414,0.0078,7.78,2.96,1.7365878656651313e-07,False,False,CL0023,CL0229,1.7446542990159316e-07,True,True,Helicase_C,zf-C3HC4_3
PF00097,PF00271,11,92,1347,76215,1.626,0.0077,6.765,2.758,7.346893294450307e-07,False,False,CL0229,CL0023,7.366355263442228e-07,True,True,zf-C3HC4,Helicase_C
PF00069,PF02493,19,1542,210,76215,4.249,0.011,4.472,2.161,7.180707104473423e-08,False,False,CL0016,CL0251,7.223648210081569e-08,True,True,Pkinase,MORN
PF00226,PF09687,29,641,840,76215,7.065,0.02,4.105,2.037,2.7507233931824714e-10,False,False,CL0392,,2.7912836576932047e-10,True,True,DnaJ,PRESAN
PF00271,PF13639,11,1347,228,76215,4.03,0.007,2.73,1.449,0.0026693970824892025,False,False,CL0023,CL0229,0.002672928031011014,True,True,Helicase_C,zf-RING_2
PF00009,PF01926,6,449,442,76215,2.604,0.0068,2.304,1.204,0.04829201134320436,False,True,CL0023,CL0023,0.04832392939432346,True,False,GTP_EFTU,MMR_HSR1
PF00160,PF00400,7,242,1133,76215,3.598,0.0051,1.946,0.96,0.07127168821369459,False,False,CL0475,CL0186,0.07127168821369459,False,True,Pro_isomerase,WD40
