domain_accession,n_species,species_fraction,category,domain_name,description,clan_accession,clan_id
PF00004,20,1.0,core,AAA,ATPase family associated with various cellular activities (AAA),CL0023,P-loop_NTPase
PF08148,20,1.0,core,DSHCT,DSHCT (NUC185) domain,,
PF08084,20,1.0,core,PROCT,PROCT (NUC072) domain,,
PF08083,20,1.0,core,PROCN,PROCN (NUC071) domain,,
PF08082,20,1.0,core,PRO8NT,"PRO8NT (NUC069), PrP8 N-terminal domain",,
PF08079,20,1.0,core,Ribosomal_L30_N,Ribosomal L30 N-terminal domain,,
PF08069,20,1.0,core,Ribosomal_S13_N,Ribosomal S13/S15 N-terminal domain,,
PF08068,20,1.0,core,DKCLD,DKCLD (NUC011) domain,CL0649,PseudoU_synth
PF08033,20,1.0,core,Sec23_BS,Sec23/Sec24 beta-sandwich domain,,
PF07994,20,1.0,core,NAD_binding_5,Myo-inositol-1-phosphate synthase,CL0063,NADP_Rossmann
PF07992,20,1.0,core,Pyr_redox_2,Pyridine nucleotide-disulphide oxidoreductase,CL0063,NADP_Rossmann
PF07986,20,1.0,core,TBCC,Tubulin binding cofactor C,CL0391,CAP_C-like
PF07985,20,1.0,core,SRR1,SRR1 domain,CL0063,NADP_Rossmann
PF07977,20,1.0,core,FabA,FabA-like domain,CL0050,HotDog
PF07973,20,1.0,core,tRNA_SAD,Threonyl and Alanyl tRNA synthetase second additional domain,CL0094,Peptidase_ME
PF07946,20,1.0,core,CCDC47,PAT complex subunit CCDC47,,
PF07942,20,1.0,core,CARME,Carnosine N-methyltransferase,CL0063,NADP_Rossmann
PF07934,20,1.0,core,OGG_N,"8-oxoguanine DNA glycosylase, N-terminal domain",CL0407,TBP-like
PF07885,20,1.0,core,Ion_trans_2,Ion channel,CL0030,Ion_channel
PF07818,20,1.0,core,HCNGP,HCNGP-like protein,,
PF07808,20,1.0,core,RED_N,RED-like protein N-terminal region,,
PF07787,20,1.0,core,TMEM43,Transmembrane protein 43,,
PF07774,20,1.0,core,EMC1_C,"ER membrane protein complex subunit 1, second beta-propeller",CL0186,Beta_propeller
PF07766,20,1.0,core,LETM1_RBD,"LETM1-like, RBD",CL0306,HeH
PF07744,20,1.0,core,SPOC,SPOC domain,CL0616,SPOC
PF07741,20,1.0,core,BRF1,Brf1-like TBP-binding domain,,
PF07738,20,1.0,core,Sad1_UNC,Sad1 / UNC-like C-terminal ,CL0202,GBD
PF08142,20,1.0,core,AARP2CN,AARP2CN (NUC121) domain,CL0866,ALR_C-like
PF08149,20,1.0,core,BING4CT,BING4CT (NUC141) domain,CL0186,Beta_propeller
PF07724,20,1.0,core,AAA_2,AAA domain (Cdc48 subfamily),CL0023,P-loop_NTPase
PF08153,20,1.0,core,NGP1NT,NGP1NT (NUC091) domain,,
PF08375,20,1.0,core,Rpn3_C,Proteasome regulatory subunit C-terminal,,
PF08373,20,1.0,core,RAP,RAP domain,CL0236,PDDEXK
PF08367,20,1.0,core,M16C_assoc,Peptidase M16C associated,CL0094,Peptidase_ME
PF08328,20,1.0,core,ASL_C,Adenylosuccinate lyase C-terminal,,
PF08327,20,1.0,core,AHSA1,Activator of Hsp90 ATPase homolog 1-like protein,CL0209,Bet_v_1_like
PF08325,20,1.0,core,WLM,WLM domain,CL0126,Peptidase_MA
PF08324,20,1.0,core,PUL,PUL domain,CL0020,TPR
PF08321,20,1.0,core,PPP5,PPP5 TPR repeat region,CL0020,TPR
PF08315,20,1.0,core,cwf18,cwf18 pre-mRNA splicing factor ,,
PF08288,20,1.0,core,PIGA,PIGA (GPI anchor biosynthesis),CL0113,GT-B
PF08282,20,1.0,core,Hydrolase_3,haloacid dehalogenase-like hydrolase,CL0137,HAD
PF08271,20,1.0,core,Zn_Ribbon_TF,TFIIB zinc-binding,CL0167,Zn_Beta_Ribbon
PF08265,20,1.0,core,YL1_C,YL1 nuclear protein C-terminal domain,,
PF08264,20,1.0,core,Anticodon_1,Anticodon-binding domain of tRNA ligase,CL0258,DALR
PF08246,20,1.0,core,Inhibitor_I29,Cathepsin propeptide inhibitor domain (I29),,
PF08241,20,1.0,core,Methyltransf_11,Methyltransferase domain,CL0063,NADP_Rossmann
PF08238,20,1.0,core,Sel1,Sel1 repeat,CL0020,TPR
PF08234,20,1.0,core,Spindle_Spc25,Chromosome segregation protein Spc25,CL0724,Kinetochore
PF08216,20,1.0,core,CTNNBL,"Catenin-beta-like, Arm-motif containing nuclear",CL0020,TPR
PF08190,20,1.0,core,PIH1,PIH1 N-terminal domain,,
PF08159,20,1.0,core,NUC153,NUC153 domain,,
PF08158,20,1.0,core,SDA1_HEAT,"SDA1, HEAT repeat",CL0020,TPR
PF08156,20,1.0,core,NOP5NT,NOP5NT (NUC127) domain,CL0759,Nop_N_sf
PF08155,20,1.0,core,NOGCT,NOGCT (NUC087) domain,,
PF08154,20,1.0,core,NLE,NLE (NUC135) domain,CL0072,Ubiquitin
PF07728,20,1.0,core,AAA_5,AAA domain (dynein-related subfamily),CL0023,P-loop_NTPase
PF07718,20,1.0,core,Coatamer_beta_C,Coatomer beta C-terminal region,CL0159,E-set
PF08389,20,1.0,core,Xpo1,Exportin 1-like protein,CL0020,TPR
PF06733,20,1.0,core,DEAD_2,DEAD_2,CL0023,P-loop_NTPase
PF06728,20,1.0,core,PIG-U,GPI transamidase subunit PIG-U,CL0111,GT-C
PF06705,20,1.0,core,SF-assemblin,SF-assemblin/beta giardin,,
PF06658,20,1.0,core,DUF1168,Protein of unknown function (DUF1168),,
PF06644,20,1.0,core,ATP11,ATP11 protein,,
PF06589,20,1.0,core,CRA,Circumsporozoite-related antigen (CRA),,
PF06544,20,1.0,core,Prp3_C,"Small nuclear ribonucleoprotein Prp3, C-terminal domain",CL0622,Acylphosphatase
PF06487,20,1.0,core,SAP18,Sin3 associated polypeptide p18 (SAP18),CL0072,Ubiquitin
PF06480,20,1.0,core,FtsH_ext,FtsH Extracellular,,
PF06470,20,1.0,core,SMC_hinge,SMC proteins Flexible Hinge Domain,,
PF06421,20,1.0,core,LepA_C,GTP-binding protein LepA C-terminus,,
PF06418,20,1.0,core,CTP_synth_N,CTP synthase N-terminus,CL0023,P-loop_NTPase
PF06417,20,1.0,core,EMC4,ER membrane protein complex subunit 4,,
PF06391,20,1.0,core,MAT1,CDK-activating kinase assembly factor MAT1,,
PF06337,20,1.0,core,DUSP,DUSP domain,,
PF06294,20,1.0,core,CH_2,CH-like domain in sperm protein,CL0188,CH
PF06247,20,1.0,core,Plasmod_Pvs28,Pvs28 EGF domain,CL0001,EGF
PF06246,20,1.0,core,Isy1,Isy1-like splicing family,,
PF06220,20,1.0,core,zf-U1,U1 zinc finger,CL0361,C2H2-zf
PF06201,20,1.0,core,PITH,PITH domain,CL0202,GBD
PF06093,20,1.0,core,Spt4,Spt4/RpoE2 zinc finger,CL0167,Zn_Beta_Ribbon
PF06071,20,1.0,core,YchF-GTPase_C,Protein of unknown function (DUF933),CL0072,Ubiquitin
PF06068,20,1.0,core,TIP49,TIP49 P-loop domain,CL0023,P-loop_NTPase
PF06058,20,1.0,core,DCP1,Dcp1-like decapping family,CL0266,PH
PF06047,20,1.0,core,Nkap_C,NF-kappa-B-activating protein C-terminal domain,,
PF06039,20,1.0,core,Mqo,Malate:quinone oxidoreductase (Mqo),CL0063,NADP_Rossmann
PF06732,20,1.0,core,Pescadillo_N,Pescadillo N-terminus,,
PF06777,20,1.0,core,HBB,Helical and beta-bridge domain,CL0823,XPD_ARCH
PF07717,20,1.0,core,OB_NTP_bind,Oligonucleotide/oligosaccharide-binding (OB)-fold,CL0021,OB
PF06825,20,1.0,core,HSBP1,Heat shock factor binding protein 1,,
PF07714,20,1.0,core,PK_Tyr_Ser-Thr,Protein tyrosine and serine/threonine kinase,CL0016,PKinase
PF07699,20,1.0,core,Ephrin_rec_like,Tyrosine-protein kinase ephrin type A/B receptor-like ,CL0001,EGF
PF07691,20,1.0,core,PA14,PA14 domain,CL0301,PA14
PF07690,20,1.0,core,MFS_1,Major Facilitator Superfamily,CL0015,MFS
PF07650,20,1.0,core,KH_2,KH domain,CL0007,KH
PF07647,20,1.0,core,SAM_2,SAM domain (Sterile alpha motif),CL0003,SAM
PF07572,20,1.0,core,BCNT,Bucentaur or craniofacial development,,
PF07541,20,1.0,core,EIF_2_alpha,Eukaryotic translation initiation factor 2 alpha subunit,,
PF07534,20,1.0,core,TLD,TLDc domain,,
PF07521,20,1.0,core,RMMBL,Zn-dependent metallo-hydrolase RNA specificity domain,CL0398,RMMBL_DRMBL
PF07500,20,1.0,core,TFIIS_M,"Transcription factor S-II (TFIIS), central domain",,
PF07496,20,1.0,core,zf-CW,CW-type Zinc Finger,CL0229,RING
PF07479,20,1.0,core,NAD_Gly3P_dh_C,NAD-dependent glycerol-3-phosphate dehydrogenase C-terminus,CL0106,6PGD_C
PF07462,20,1.0,core,MSP1_C,Merozoite surface protein 1 (MSP1) C-terminus,,
PF07422,20,1.0,core,s48_45,Sexual stage antigen s48/45 domain,,
PF07218,20,1.0,core,RAP1,Rhoptry-associated protein 1 (RAP-1),,
PF07065,20,1.0,core,D123,D123,CL0179,ATP-grasp
PF07052,20,1.0,core,Hep_59,Hepatocellular carcinoma-associated antigen 59,,
PF07047,20,1.0,core,OPA3,Optic atrophy 3 protein (OPA3),,
PF07035,20,1.0,core,RMC1_C,"Regulator of MON1-CCZ1 complex, C-terminal",,
PF07019,20,1.0,core,EMC6,EMC6,CL0706,EMC6
PF06984,20,1.0,core,MRP-L47,Mitochondrial 39-S ribosomal protein L47 (MRP-L47),CL0346,Ribo_L29
PF06957,20,1.0,core,COPI_C,Coatomer (COPI) alpha subunit C-terminus,CL0020,TPR
PF06916,20,1.0,core,FAM210A-B_dom,FAM210A/B-like domain,,
PF06858,20,1.0,core,NOG1,Nucleolar GTP-binding protein 1 (NOG1),CL0023,P-loop_NTPase
PF08385,20,1.0,core,DHC_N1,"Dynein heavy chain, N-terminal region 1",,
PF08393,20,1.0,core,DHC_N2,"Dynein heavy chain, N-terminal region 2",,
PF05983,20,1.0,core,Med7,MED7 protein,,
PF09785,20,1.0,core,Prp31_C,Prp31 C terminal domain,,
PF09758,20,1.0,core,FPL,Uncharacterised conserved protein,,
PF09749,20,1.0,core,HVSL,Uncharacterised conserved protein,CL0247,2H
PF09739,20,1.0,core,MCM_bind,Mini-chromosome maintenance replisome factor,,
PF09736,20,1.0,core,Bud13,Pre-mRNA-splicing factor of RES complex,,
PF09734,20,1.0,core,Tau95,RNA polymerase III transcription factor (TF)IIIC subunit HTH domain,CL0123,HTH
PF09732,20,1.0,core,CactinC_cactus,Cactus-binding C-terminus of cactin protein,,
PF09717,20,1.0,core,CPW_WPC,Plasmodium falciparum domain of unknown function (CPW_WPC),,
PF09716,20,1.0,core,ETRAMP,Malarial early transcribed membrane protein (ETRAMP),,
PF09688,20,1.0,core,Wx5_PLAF3D7,Protein of unknown function (Wx5_PLAF3D7),,
PF09687,20,1.0,core,PRESAN,Plasmodium RESA N-terminal,,
PF09668,20,1.0,core,Asp_protease,Aspartyl protease,CL0129,Peptidase_AA
PF09445,20,1.0,core,Methyltransf_15,RNA cap guanine-N2 methyltransferase,CL0063,NADP_Rossmann
PF09439,20,1.0,core,SRPRB,Signal recognition particle receptor beta subunit,CL0023,P-loop_NTPase
PF09418,20,1.0,core,DUF2009,"Non-canonical E2 ubiquitin-conjugating enzyme, DUF2009 family",,
PF09416,20,1.0,core,UPF1_Zn_bind,RNA helicase (UPF2 interacting domain),CL0229,RING
PF09409,20,1.0,core,PUB,PUB domain,,
PF09382,20,1.0,core,RQC,RQC domain,CL0123,HTH
PF09368,20,1.0,core,Sas10,Sas10 C-terminal domain,,
PF09360,20,1.0,core,zf-CDGSH,Iron-binding zinc finger CDGSH type,,
PF09359,20,1.0,core,VTC,VTC domain,CL0273,CYTH
PF09340,20,1.0,core,NuA4,Histone acetyltransferase subunit NuA4,,
PF09336,20,1.0,core,Vps4_C,Vps4 C terminal oligomerisation domain,CL0671,AAA_lid
PF09335,20,1.0,core,VTT_dom,VTT domain,,
PF09334,20,1.0,core,tRNA-synt_1g,tRNA synthetases class I (M),CL0039,HUP
PF09282,20,1.0,core,Mago-bind,Mago binding,,
PF09768,20,1.0,core,Peptidase_M76,Peptidase M76 family,CL0126,Peptidase_MA
PF09793,20,1.0,core,AD,Anticodon-binding domain,,
PF09243,20,1.0,core,Rsm22,Mitochondrial small ribosomal subunit Rsm22,CL0063,NADP_Rossmann
PF09810,20,1.0,core,Exo5,Exonuclease V - a 5' deoxyribonuclease,CL0236,PDDEXK
PF10437,20,1.0,core,Lip_prot_lig_C,Bacterial lipoate protein ligase C-terminus,CL0233,SufE_NifU
PF10433,20,1.0,core,Beta-prop_RSE1_1st,RSE1/DDB1/CPSF1 first beta-propeller,CL0186,Beta_propeller
PF10431,20,1.0,core,ClpB_D2-small,"C-terminal, D2-small domain, of ClpB protein ",CL0671,AAA_lid
PF10417,20,1.0,core,1-cysPrx_C,C-terminal domain of 1-Cys peroxiredoxin,,
PF10408,20,1.0,core,Ufd2P_core,Ubiquitin elongating factor core,CL0020,TPR
PF10403,20,1.0,core,BHD_1,Rad4 beta-hairpin domain 1,CL0700,ArdcN
PF10396,20,1.0,core,TrmE_N,GTP-binding protein TrmE N-terminus,CL0289,FBD
PF10357,20,1.0,core,WH_KIN17,KIN17 WH-like domain,CL0123,HTH
PF10354,20,1.0,core,BMT5-like,rRNA (uridine-N3-)-methyltransferase BTM5-like,CL0063,NADP_Rossmann
PF10312,20,1.0,core,Cactin_mid,Conserved mid region of cactin,,
PF10294,20,1.0,core,Methyltransf_16,Lysine methyltransferase,CL0063,NADP_Rossmann
PF10273,20,1.0,core,WGG,Pre-rRNA-processing protein TSR2,,
PF10260,20,1.0,core,SAYSvFN,Uncharacterized conserved domain (SAYSvFN),,
PF10258,20,1.0,core,PHAX_RNA-bd,"Phosphorylated adapter RNA export protein, RNA-binding domain",,
PF10255,20,1.0,core,Paf67,RNA polymerase I-associated factor PAF67,CL0020,TPR
PF10250,20,1.0,core,O-FucT,GDP-fucose protein O-fucosyltransferase,CL0113,GT-B
PF10247,20,1.0,core,Romo1,Reactive mitochondrial oxygen species modulator 1,CL0500,Glycine-zipper
PF10238,20,1.0,core,Eapp_C,EAPP beta-tent domain,CL0080,Beta-tent
PF10236,20,1.0,core,DAP3,Mitochondrial ribosomal death-associated protein 3,CL0023,P-loop_NTPase
PF10211,20,1.0,core,Ax_dynein_light,Axonemal dynein light chain,,
PF10203,20,1.0,core,Pet191_N,Cytochrome c oxidase assembly protein PET191,,
PF10192,20,1.0,core,GPR180-TMEM145_TM,"GPR180/TMEM145, transmembrane domain",CL0192,GPCR_A
PF10075,20,1.0,core,CSN8_PSD8_EIF3K,CSN8/PSMD8/EIF3K family,CL0123,HTH
PF10036,20,1.0,core,RLL,"RNA transcription, translation and transport factor protein",,
PF10034,20,1.0,core,Dpy19,Q-cell neuroblast polarisation,CL0111,GT-C
PF09269,20,1.0,core,DUF1967,Domain of unknown function (DUF1967),,
PF09229,20,1.0,core,Aha1_N,"Activator of Hsp90 ATPase, N-terminal",CL0648,Aha1_BPI
PF08423,20,1.0,core,Rad51,Rad51,CL0023,P-loop_NTPase
PF08644,20,1.0,core,SPT16,FACT complex subunit (SPT16/CDC68),CL0266,PH
PF08638,20,1.0,core,Med14,Mediator complex subunit MED14,,
PF08627,20,1.0,core,CRT-like,"CRT-like, chloroquine-resistance transporter-like",CL0184,DMT
PF08617,20,1.0,core,CGI-121,Kinase binding protein CGI-121,,
PF08615,20,1.0,core,RNase_H2_suC,Ribonuclease H2 non-catalytic subunit (Ylr154p-like),CL0662,Triple_barrel
PF08613,20,1.0,core,Cyclin,Cyclin,CL0065,Cyclin
PF08608,20,1.0,core,Wyosine_form,Wyosine base formation,,
PF08606,20,1.0,core,Prp19,Prp19/Pso4-like,,
PF08603,20,1.0,core,CAP_C,Adenylate cyclase associated (CAP) C terminal,CL0391,CAP_C-like
PF08583,20,1.0,core,Cmc1,Cytochrome c oxidase biogenesis protein Cmc1 like,CL0351,CHCH
PF08573,20,1.0,core,SAE2,DNA endonuclease activator SAE2/CtIP C-terminus,,
PF08572,20,1.0,core,PRP3,pre-mRNA processing factor 3 domain,,
PF08561,20,1.0,core,Ribosomal_L37,Mitochondrial ribosomal protein L37,,
PF08555,20,1.0,core,FAM32A,FAM32A,,
PF08543,20,1.0,core,Phos_pyr_kin,Phosphomethylpyrimidine kinase,CL0118,Ribokinase
PF08542,20,1.0,core,Rep_fac_C,Replication factor C C-terminal domain,CL0604,post-AAA
PF08534,20,1.0,core,Redoxin,Redoxin,CL0172,Thioredoxin
PF08523,20,1.0,core,MBF1,Multiprotein bridging factor 1,,
PF08519,20,1.0,core,RFC1,Replication factor RFC1 C terminal domain,,
PF08514,20,1.0,core,STAG,STAG domain  ,CL0020,TPR
PF08513,20,1.0,core,LisH,LisH,CL0561,LisH
PF08512,20,1.0,core,Rttp106-like_middle,"Histone chaperone Rttp106-like, middle domain",CL0266,PH
PF08477,20,1.0,core,Roc,"Ras of Complex, Roc, domain of DAPkinase",CL0023,P-loop_NTPase
PF08449,20,1.0,core,UAA,UAA transporter family,CL0184,DMT
PF08442,20,1.0,core,ATP-grasp_2,ATP-grasp domain,CL0179,ATP-grasp
PF08436,20,1.0,core,DXP_redisom_C,1-deoxy-D-xylulose 5-phosphate reductoisomerase C-terminal domain,CL0139,GADPH_aa-bio_dh
PF08640,20,1.0,core,U3_assoc_6,U3 small nucleolar RNA-associated protein 6,CL0020,TPR
PF08645,20,1.0,core,PNK3P,Polynucleotide kinase 3 phosphatase,CL0137,HAD
PF09202,20,1.0,core,Rio2_N,"Rio2, N-terminal",CL0123,HTH
PF08646,20,1.0,core,Rep_fac-A_C,Replication factor-A C terminal domain,CL0021,OB
PF09180,20,1.0,core,ProRS-C_1,"Prolyl-tRNA synthetase, C-terminal",,
PF09177,20,1.0,core,STX6_10_61_N,"Syntaxin 6/10/61, N-terminal",,
PF09173,20,1.0,core,eIF2_C,"Initiation factor eIF2 gamma, C terminal",CL0740,GCV_T_C
PF09138,20,1.0,core,Urm1,Urm1 (Ubiquitin related modifier),CL0072,Ubiquitin
PF09070,20,1.0,core,PFU,PFU (PLAA family ubiquitin binding),,
PF09066,20,1.0,core,B2-adapt-app_C,"Beta2-adaptin appendage, C-terminal sub-domain",CL0545,APCOP-app_sub
PF09011,20,1.0,core,HMG_box_2,HMG-box domain,CL0114,HMG-box
PF08920,20,1.0,core,SF3b1,Splicing factor 3B subunit 1,CL0462,TPA-repeat
PF08799,20,1.0,core,PRP4,pre-mRNA processing factor 4 (PRP4) like,CL0306,HeH
PF08773,20,1.0,core,CathepsinC_exc,Cathepsin C exclusion domain,CL0116,Calycin
PF08772,20,1.0,core,Zn_ribbon_NOB1,Nin one binding (NOB1) Zn-ribbon like,CL0167,Zn_Beta_Ribbon
PF08767,20,1.0,core,CRM1_C,CRM1 C terminal,CL0020,TPR
PF08755,20,1.0,core,YccV-like,Hemimethylated DNA-binding protein YccV like,,
PF08752,20,1.0,core,COP-gamma_platf,Coatomer gamma subunit appendage platform subdomain,CL0159,E-set
PF08740,20,1.0,core,BCS1_N,BCS1 N terminal,,
PF08718,20,1.0,core,GLTP,Glycolipid transfer protein (GLTP),,
PF08711,20,1.0,core,Med26,TFIIS helical bundle-like domain,,
PF08704,20,1.0,core,GCD14,tRNA methyltransferase complex GCD14 subunit,CL0063,NADP_Rossmann
PF08700,20,1.0,core,VPS51_Exo84_N,Vps51/EXO84/COG1 N-terminal,CL0020,TPR
PF08698,20,1.0,core,Fcf2,Fcf2 pre-rRNA processing,,
PF08676,20,1.0,core,MutL_C,MutL C terminal dimerisation domain,,
PF08669,20,1.0,core,GCV_T_C,Glycine cleavage T-protein C-terminal barrel domain,CL0740,GCV_T_C
PF08662,20,1.0,core,eIF2A,Eukaryotic translation initiation factor eIF2A,CL0186,Beta_propeller
PF08661,20,1.0,core,Rep_fac-A_3,Replication factor A protein 3,CL0021,OB
PF08648,20,1.0,core,SNRNP27,U4/U6.U5 small nuclear ribonucleoproteins,,
PF06026,20,1.0,core,Rib_5-P_isom_A,Ribose 5-phosphate isomerase A (phosphoriboisomerase A),CL0063,NADP_Rossmann
PF05971,20,1.0,core,Methyltransf_10,RNA methyltransferase,CL0063,NADP_Rossmann
PF10469,20,1.0,core,AKAP7_NLS,AKAP7 2'5' RNA ligase-like domain,CL0247,2H
PF04114,20,1.0,core,Gaa1,"Gaa1-like, GPI transamidase component ",,
PF04106,20,1.0,core,ATG5_UblB,"Autophagy protein ATG5, UblB domain",CL0072,Ubiquitin
PF04104,20,1.0,core,DNA_primase_lrg,"Eukaryotic and archaeal DNA primase, large subunit C-terminal domain",CL0242,DNA_primase_lrg
PF04101,20,1.0,core,Glyco_tran_28_C,Glycosyltransferase family 28 C-terminal domain,CL0113,GT-B
PF04100,20,1.0,core,Vps53_N,"Vps53, N-terminal ",CL0020,TPR
PF04099,20,1.0,core,Sybindin,Sybindin-like family ,CL0431,PF
PF04084,20,1.0,core,RecA-like_ORC2,Origin recognition complex subunit 2 RecA-like domain,CL0023,P-loop_NTPase
PF04083,20,1.0,core,Abhydro_lipase,Partial alpha/beta-hydrolase lipase region,CL0028,AB_hydrolase
PF04078,20,1.0,core,Rcd1,"Cell differentiation family, Rcd1-like ",CL0020,TPR
PF04073,20,1.0,core,tRNA_edit,Aminoacyl-tRNA editing domain,,
PF04072,20,1.0,core,LCM,Leucine carboxyl methyltransferase,CL0063,NADP_Rossmann
PF04068,20,1.0,core,Fer4_RLI,"Possible Fer4-like domain in RNase L inhibitor, RLI",CL0344,4Fe-4S
PF04059,20,1.0,core,RRM_2,RNA recognition motif 2,CL0221,RRM
PF04056,20,1.0,core,Ssl1,Ssl1-like,CL0128,vWA-like
PF04055,20,1.0,core,Radical_SAM,Radical SAM superfamily,CL0036,TIM_barrel
PF04054,20,1.0,core,Not1,"CCR4-Not complex component, Not1",CL0020,TPR
PF04053,20,1.0,core,B-prop_COPA_B_2nd,COPA/B second beta-propeller,CL0186,Beta_propeller
PF04051,20,1.0,core,TRAPP,Transport protein particle (TRAPP) component,CL0210,HNOX-like
PF04046,20,1.0,core,PSP,PSP,,
PF04042,20,1.0,core,DNA_pol_E_B,DNA polymerase alpha/epsilon subunit B,CL0163,Calcineurin
PF04037,20,1.0,core,DUF382,Domain of unknown function (DUF382) ,,
PF04034,20,1.0,core,Ribo_biogen_C,"Ribosome biogenesis protein, C-terminal",CL0098,SPOUT
PF04032,20,1.0,core,Rpr2,RNAse P Rpr2/Rpp21/SNM1 subunit domain,CL0167,Zn_Beta_Ribbon
PF04006,20,1.0,core,Mpp10,Mpp10 protein,,
PF04000,20,1.0,core,Sas10_Utp3,Sas10/Utp3/C1D family,,
PF03989,20,1.0,core,DNA_gyraseA_C,"DNA gyrase C-terminal domain, beta-propeller",,
PF04112,20,1.0,core,Mak10,"Mak10 subunit, NatC N(alpha)-terminal acetyltransferase",,
PF04118,20,1.0,core,Dopey_N,"Dopey, N-terminal",CL0020,TPR
PF03981,20,1.0,core,Ubiq_cyt_C_chap,Ubiquinol-cytochrome C chaperone ,,
PF04130,20,1.0,core,GCP_C_terminal,Gamma tubulin complex component C-terminal,CL0540,GCP
PF04406,20,1.0,core,TP6A_N,Type IIB DNA topoisomerase,,
PF04384,20,1.0,core,Fe-S_assembly,Iron-sulphur cluster assembly,,
PF04280,20,1.0,core,Tim44,Tim44-like domain,CL0051,NTF2
PF04278,20,1.0,core,Tic22,Tic22-like family,CL0996,TIC_22-like
PF04265,20,1.0,core,TPK_B1_binding,"Thiamin pyrophosphokinase, vitamin B1 binding domain",,
PF04263,20,1.0,core,TPK_catalytic,"Thiamin pyrophosphokinase, catalytic domain",CL0948,GT29-like
PF04252,20,1.0,core,SFM1-like,Protein arginine N-methyltransferase SFM1-like,CL0098,SPOUT
PF04212,20,1.0,core,MIT,MIT (microtubule interacting and transport) domain,CL0745,MIT
PF04194,20,1.0,core,PDCD2_C,"Programmed cell death protein 2, C-terminal putative domain ",,
PF04192,20,1.0,core,Utp21,Utp21 specific WD40 associated putative domain ,,
PF04190,20,1.0,core,GET4,Golgi to ER traffic protein 4,CL0020,TPR
PF04189,20,1.0,core,Gcd10p,Gcd10p family,,
PF04188,20,1.0,core,Mannosyl_trans2,Mannosyltransferase (PIG-V),CL0111,GT-C
PF04182,20,1.0,core,B-block_TFIIIC,B-block binding subunit of TFIIIC,CL0123,HTH
PF04181,20,1.0,core,RPAP2_Rtr1,Rtr1/RPAP2 family,,
PF04178,20,1.0,core,Got1,Got1/Sft2-like family ,CL0752,PsbQ-like
PF04177,20,1.0,core,TAP42,TAP42-like family,CL0020,TPR
PF04158,20,1.0,core,Sof1,Sof1-like domain ,,
PF04153,20,1.0,core,NOT2_3_5_C,NOT2/NOT3/NOT5 C-terminal,CL0010,SH3
PF04152,20,1.0,core,Mre11_DNA_bind,Mre11 DNA-binding presumed domain ,,
PF04146,20,1.0,core,YTH,YT521-B-like domain,CL0178,PUA
PF04145,20,1.0,core,Ctr,Ctr copper transporter family,,
PF04142,20,1.0,core,Nuc_sug_transp,Nucleotide-sugar transporter,CL0184,DMT
PF04140,20,1.0,core,ICMT,Isoprenylcysteine carboxyl methyltransferase (ICMT) family ,CL0115,Steroid_dh
PF04137,20,1.0,core,ERO1,Endoplasmic Reticulum Oxidoreductin 1 (ERO1),,
PF03987,20,1.0,core,Autophagy_act_C,"Autophagocytosis associated protein, active-site domain ",CL0097,TypeIII_Chap
PF03969,20,1.0,core,AFG1_ATPase,AFG1-like ATPase,CL0023,P-loop_NTPase
PF04410,20,1.0,core,Gar1,Gar1/Naf1 RNA binding region,CL0866,ALR_C-like
PF03798,20,1.0,core,TRAM_LAG1_CLN8,TLC domain,,
PF03764,20,1.0,core,EFG_IV,"Elongation factor G, domain IV",CL0329,S5
PF03727,20,1.0,core,Hexokinase_2,Hexokinase,CL0108,Actin_ATPase
PF03725,20,1.0,core,RNase_PH_C,"3' exoribonuclease family, domain 2",,
PF03719,20,1.0,core,Ribosomal_S5_C,"Ribosomal protein S5, C-terminal domain",CL0329,S5
PF03715,20,1.0,core,Noc2,Noc2p family,,
PF03690,20,1.0,core,MYG1_exonuc,Uncharacterised protein family (UPF0160),CL0137,HAD
PF03661,20,1.0,core,TMEM33_Pom33,Transmembrane protein 33/Nucleoporin POM33,,
PF03657,20,1.0,core,UPF0113,UPF0113 PUA domain,CL0178,PUA
PF03650,20,1.0,core,MPC,Mitochondrial pyruvate carriers,CL0141,MtN3-like
PF03645,20,1.0,core,Tctex-1,Tctex-1 family,,
PF03643,20,1.0,core,Vps26,Vacuolar protein sorting-associated protein 26 ,CL0135,Arrestin_N-like
PF03641,20,1.0,core,Lysine_decarbox,Possible lysine decarboxylase,CL0349,SLOG
PF03635,20,1.0,core,Vps35,Vacuolar protein sorting-associated protein 35 ,CL0020,TPR
PF03630,20,1.0,core,Fumble,Fumble ,CL0108,Actin_ATPase
PF03607,20,1.0,core,DCX,Doublecortin,CL0072,Ubiquitin
PF03602,20,1.0,core,Cons_hypoth95,Conserved hypothetical protein 95,CL0063,NADP_Rossmann
PF03588,20,1.0,core,Leu_Phe_trans,Leucyl/phenylalanyl-tRNA protein transferase,CL0257,Acetyltrans
PF03587,20,1.0,core,EMG1,EMG1/NEP1 methyltransferase,CL0098,SPOUT
PF03561,20,1.0,core,Allantoicase,Allantoicase repeat,CL0202,GBD
PF03540,20,1.0,core,TAF10,Transcription initiation factor TFIID 23-30kDa subunit,CL0012,Histone
PF03531,20,1.0,core,SSrecog,Structure-specific recognition protein (SSRP1),CL0266,PH
PF03501,20,1.0,core,S10_plectin,Plectin/S10 domain,CL0123,HTH
PF03493,20,1.0,core,BK_channel_a,Calcium-activated BK potassium channel alpha subunit,CL0582,TrkA_C
PF03484,20,1.0,core,B5,tRNA synthetase B5 domain,CL0123,HTH
PF03481,20,1.0,core,Sua5_C,"Threonylcarbamoyl-AMP synthase, C-terminal domain",CL0113,GT-B
PF03770,20,1.0,core,IPK,Inositol polyphosphate kinase ,CL0016,PKinase
PF03800,20,1.0,core,Nuf2,Nuf2 family,CL0188,CH
PF03962,20,1.0,core,Mnd1,Mnd1 HTH domain,CL0123,HTH
PF03801,20,1.0,core,Ndc80_HEC,HEC/Ndc80p family,CL0188,CH
PF03953,20,1.0,core,Tubulin_C,Tubulin C-terminal domain,CL0442,Tubulin_C
PF03952,20,1.0,core,Enolase_N,"Enolase, N-terminal domain",CL0227,Enolase_N
PF03950,20,1.0,core,tRNA-synt_1c_C,"tRNA synthetases class I (E and Q), anti-codon binding domain",CL0733,Ribosomal_L25
PF03947,20,1.0,core,Ribosomal_L2_C,"Ribosomal Proteins L2, C-terminal domain",CL0010,SH3
PF03946,20,1.0,core,Ribosomal_L11_N,"Ribosomal protein L11, N-terminal domain",,
PF03941,20,1.0,core,INCENP_ARK-bind,"Inner centromere protein, ARK binding region",,
PF03937,20,1.0,core,Sdh5,Flavinator of succinate dehydrogenase,,
PF03931,20,1.0,core,Skp1_POZ,"Skp1 family, tetramerisation domain",CL0033,POZ
PF03919,20,1.0,core,mRNA_cap_C,"mRNA capping enzyme, C-terminal domain",CL0021,OB
PF03917,20,1.0,core,GSH_synth_ATP,"Eukaryotic glutathione synthase, ATP binding domain",CL0063,NADP_Rossmann
PF03914,20,1.0,core,CBF,CBF/Mak21 family,CL0020,TPR
PF03909,20,1.0,core,BSD,BSD domain  ,,
PF03900,20,1.0,core,Porphobil_deamC,"Porphobilinogen deaminase, C-terminal domain",,
PF03876,20,1.0,core,SHS2_Rpb7-N,SHS2 domain found in N terminus of Rpb7p/Rpc25p/MJ0397,CL0319,SHS2
PF03874,20,1.0,core,RNA_pol_Rpb4,RNA polymerase Rpb4,CL0426,HRDC-like
PF03871,20,1.0,core,RNA_pol_Rpb5_N,"RNA polymerase Rpb5, N-terminal domain",CL0236,PDDEXK
PF03870,20,1.0,core,RNA_pol_Rpb8,RNA polymerase Rpb8,CL0021,OB
PF03853,20,1.0,core,YjeF_N,YjeF-related protein N-terminus,CL0063,NADP_Rossmann
PF03850,20,1.0,core,Tfb4,Transcription factor Tfb4,CL0128,vWA-like
PF03849,20,1.0,core,Tfb2,Transcription factor Tfb2,,
PF03839,20,1.0,core,Sec62,Translocation protein Sec62,,
PF03834,20,1.0,core,Rad10,Binding domain of DNA repair protein Ercc1 (rad10/Swi10),CL0236,PDDEXK
PF03815,20,1.0,core,LCCL,LCCL domain,CL0513,LCCL-domain
PF03810,20,1.0,core,IBN_N,Importin-beta N-terminal domain,CL0020,TPR
PF03805,20,1.0,core,CLAG,Cytoadherence-linked asexual protein,,
PF04408,20,1.0,core,WHD_HA2,"Helicase associated domain (HA2), winged-helix",CL0123,HTH
PF04424,20,1.0,core,MINDY_DUB,MINDY deubiquitinase,CL0125,Peptidase_CA
PF05958,20,1.0,core,tRNA_U5-meth_tr,tRNA (Uracil-5-)-methyltransferase,CL0063,NADP_Rossmann
PF05277,20,1.0,core,DUF726,Protein of unknown function (DUF726),CL0028,AB_hydrolase
PF05221,20,1.0,core,AdoHcyase,S-adenosyl-L-homocysteine hydrolase,CL0063,NADP_Rossmann
PF05207,20,1.0,core,Zn_ribbon_CSL,CSL zinc finger,CL0167,Zn_Beta_Ribbon
PF05193,20,1.0,core,Peptidase_M16_C,Peptidase M16 inactive domain,CL0094,Peptidase_ME
PF05192,20,1.0,core,MutS_III,MutS domain III,,
PF05190,20,1.0,core,MutS_IV,MutS family domain IV,,
PF05186,20,1.0,core,Dpy-30,Dpy-30 motif,CL0068,RIIa
PF05185,20,1.0,core,PRMT5,PRMT5 arginine-N-methyltransferase,CL0063,NADP_Rossmann
PF05182,20,1.0,core,Fip1,Fip1 motif,,
PF05180,20,1.0,core,zf-DNL,DNL zinc finger,,
PF05179,20,1.0,core,CDC73_C,"RNA pol II accessory factor, Cdc73 family, C-terminal",CL0023,P-loop_NTPase
PF05175,20,1.0,core,MTS,Methyltransferase small domain,CL0063,NADP_Rossmann
PF05148,20,1.0,core,Methyltransf_8,Hypothetical methyltransferase,CL0063,NADP_Rossmann
PF05147,20,1.0,core,LANC_like,Lanthionine synthetase C-like protein,CL0059,6_Hairpin
PF05132,20,1.0,core,RNA_pol_Rpc4,RNA polymerase III RPC4,CL0662,Triple_barrel
PF05129,20,1.0,core,Zn_ribbon_Elf1,Transcription elongation factor Elf1 like,CL0167,Zn_Beta_Ribbon
PF05096,20,1.0,core,Glu_cyclase_2,Glutamine cyclotransferase,CL0186,Beta_propeller
PF05093,20,1.0,core,CIAPIN1,"Cytokine-induced anti-apoptosis inhibitor 1, Fe-S biogenesis",,
PF05091,20,1.0,core,eIF-3_zeta,Eukaryotic translation initiation factor 3 subunit 7 (eIF-3),CL0236,PDDEXK
PF05026,20,1.0,core,DCP2,"Dcp2, box A domain",,
PF05024,20,1.0,core,Gpi1,N-acetylglucosaminyl transferase component (Gpi1),,
PF05021,20,1.0,core,NPL4,NPL4 family,CL0366,JAB
PF05019,20,1.0,core,Coq4,Coenzyme Q (ubiquinone) biosynthesis protein Coq4,,
PF05018,20,1.0,core,CFA20_dom,CFA20 domain,CL0202,GBD
PF05007,20,1.0,core,Mannosyl_trans,Mannosyltransferase (PIG-M),CL0111,GT-C
PF05002,20,1.0,core,SGS,SGS domain ,,
PF05222,20,1.0,core,AlaDh_PNT_N,"Alanine dehydrogenase/PNT, N-terminal domain",CL0063,NADP_Rossmann
PF05282,20,1.0,core,AAR2,AAR2 C-terminal repeat region,CL0020,TPR
PF04998,20,1.0,core,RNA_pol_Rpb1_5,"RNA polymerase Rpb1, domain 5",,
PF05291,20,1.0,core,Bystin,Bystin,CL0020,TPR
PF05916,20,1.0,core,Sld5,GINS complex protein helical bundle domain,,
PF05907,20,1.0,core,CXXC_Zn-b_euk,"CXXC motif containing zinc binding protein, eukaryotic",,
PF05903,20,1.0,core,Peptidase_C97,PPPDE putative peptidase domain,CL0125,Peptidase_CA
PF05890,20,1.0,core,Ebp2,Eukaryotic rRNA processing protein EBP2,,
PF05889,20,1.0,core,SepSecS,"O-phosphoseryl-tRNA(Sec) selenium transferase, SepSecS",CL0061,PLP_aminotran
PF05879,20,1.0,core,RHD3_GTPase,Root hair defective 3 GTP-binding protein (RHD3) GTPase domain,CL0023,P-loop_NTPase
PF05843,20,1.0,core,Suf,Suppressor of forked protein (Suf),CL0020,TPR
PF05833,20,1.0,core,NFACT_N,NFACT N-terminal and middle domains,CL0303,H2TH
PF05811,20,1.0,core,DUF842,Eukaryotic protein of unknown function (DUF842),,
PF05786,20,1.0,core,Cnd2,Condensin complex subunit 2,,
PF05783,20,1.0,core,DLIC,Dynein light intermediate chain (DLIC),CL0023,P-loop_NTPase
PF05773,20,1.0,core,RWD,RWD domain,CL0208,UBC
PF00005,20,1.0,core,ABC_tran,ABC transporter,CL0023,P-loop_NTPase
PF05700,20,1.0,core,BCAS2,Breast carcinoma amplified sequence 2 (BCAS2),,
PF05683,20,1.0,core,Fumerase_C,Fumarase C-terminus,,
PF05681,20,1.0,core,Fumerase,Fumarate hydratase (Fumerase),,
PF05670,20,1.0,core,NFACT-R_1,NFACT protein RNA binding domain,CL0684,NFACT_RNA-bind
PF05669,20,1.0,core,Med31,SOH1,,
PF05653,20,1.0,core,Mg_trans_NIPA,Magnesium transporter NIPA,CL0184,DMT
PF05602,20,1.0,core,CLPTM1,Cleft lip and palate transmembrane protein 1 (CLPTM1),,
PF05542,20,1.0,core,DUF760,Protein of unknown function (DUF760),,
PF05517,20,1.0,core,p25-alpha,p25-alpha ,CL0220,EF_hand
PF05470,20,1.0,core,eIF-3c_N,Eukaryotic translation initiation factor 3 subunit 8 N-terminus,CL0020,TPR
PF05348,20,1.0,core,UMP1,Proteasome maturation factor UMP1,,
PF05346,20,1.0,core,DUF747,Eukaryotic membrane protein family,,
PF05000,20,1.0,core,RNA_pol_Rpb1_4,"RNA polymerase Rpb1, domain 4",,
PF04997,20,1.0,core,RNA_pol_Rpb1_1,"RNA polymerase Rpb1, domain 1",,
PF04427,20,1.0,core,Brix,Brix domain,CL0458,IIaaRS-ABD
PF04729,20,1.0,core,ASF1_hist_chap,ASF1 like histone chaperone,CL0159,E-set
PF04683,20,1.0,core,Rpn13_ADRM1_Pru,"Proteasome complex subunit Rpn13, Pru domain",CL0266,PH
PF04679,20,1.0,core,DNA_ligase_A_C,ATP dependent DNA ligase C terminal region        ,CL0021,OB
PF04677,20,1.0,core,CwfJ_C_1,Protein similar to CwfJ C-terminal,CL0265,HIT
PF04675,20,1.0,core,DNA_ligase_A_N,DNA ligase N terminus,,
PF04658,20,1.0,core,TAFII55_N,TAFII55 protein conserved region,CL0662,Triple_barrel
PF04641,20,1.0,core,Rtf2,Rtf2 RING-finger,CL0229,RING
PF04628,20,1.0,core,Sedlin_N,Sedlin,CL0431,PF
PF04603,20,1.0,core,Mog1,Ran-interacting Mog1 protein,CL0619,Mog1p_PsbP
PF04597,20,1.0,core,Ribophorin_I,Ribophorin I,CL0672,p35
PF04573,20,1.0,core,SPC22,Signal peptidase subunit,,
PF04567,20,1.0,core,RNA_pol_Rpb2_5,"RNA polymerase Rpb2, domain 5",,
PF04566,20,1.0,core,RNA_pol_Rpb2_4,"RNA polymerase Rpb2, domain 4",,
PF04565,20,1.0,core,RNA_pol_Rpb2_3,"RNA polymerase Rpb2, domain 3",,
PF04564,20,1.0,core,U-box,U-box domain,CL0229,RING
PF04563,20,1.0,core,RNA_pol_Rpb2_1,RNA polymerase beta subunit,,
PF04561,20,1.0,core,RNA_pol_Rpb2_2,"RNA polymerase Rpb2, domain 2",,
PF04560,20,1.0,core,RNA_pol_Rpb2_7,"RNA polymerase Rpb2, domain 7",,
PF04551,20,1.0,core,GcpE,GcpE TIM-barrel domain,CL0036,TIM_barrel
PF04515,20,1.0,core,Choline_transpo,Plasma-membrane choline transporter,CL0880,SLC44-like
PF04511,20,1.0,core,DER1,Der1-like family,CL0207,Rhomboid-like
PF04502,20,1.0,core,Saf4_Yju2,Saf4/Yju2 protein ,,
PF04452,20,1.0,core,Methyltrans_RNA,RNA methyltransferase domain,CL0098,SPOUT
PF04446,20,1.0,core,Thg1,tRNAHis guanylyltransferase,,
PF04442,20,1.0,core,CtaG_Cox11,Cytochrome c oxidase assembly protein CtaG/Cox11,,
PF04438,20,1.0,core,zf-HIT,HIT zinc finger,CL0175,TRASH
PF04712,20,1.0,core,Radial_spoke,Radial spokehead-like protein,,
PF04733,20,1.0,core,Coatomer_E,Coatomer epsilon subunit,CL0020,TPR
PF04992,20,1.0,core,RNA_pol_Rpb1_6,"RNA polymerase Rpb1, domain 6",,
PF04777,20,1.0,core,Evr1_Alr,Erv1 / Alr family,,
PF04990,20,1.0,core,RNA_pol_Rpb1_7,"RNA polymerase Rpb1, domain 7",,
PF04983,20,1.0,core,RNA_pol_Rpb1_3,"RNA polymerase Rpb1, domain 3",,
PF04981,20,1.0,core,NMD3,"NMD3, second domain",CL0342,TolB_N
PF04979,20,1.0,core,IPP-2,Protein phosphatase inhibitor 2 (IPP-2),,
PF04969,20,1.0,core,CS,CS domain,CL0190,HSP20
PF04950,20,1.0,core,RIBIOP_C,40S ribosome biogenesis protein Tsr1 and BMS1 C-terminal,CL0866,ALR_C-like
PF04939,20,1.0,core,RRS1,Ribosome biogenesis regulatory protein (RRS1),,
PF04934,20,1.0,core,Med6,MED6 mediator sub complex component,,
PF04928,20,1.0,core,PAP_central,Poly(A) polymerase central domain,,
PF04926,20,1.0,core,PAP_RNA-bind,Poly(A) polymerase predicted RNA binding domain,,
PF04912,20,1.0,core,Dynamitin,Dynamitin ,,
PF04910,20,1.0,core,Tcf25,Transcriptional repressor TCF25,CL0020,TPR
PF04900,20,1.0,core,Fcf1,Fcf1,CL0280,PIN
PF04898,20,1.0,core,Glu_syn_central,Glutamate synthase central domain,CL0036,TIM_barrel
PF04889,20,1.0,core,Cwf_Cwc_15,Cwf15/Cwc15 cell cycle control protein,,
PF04857,20,1.0,core,CAF1,CAF1 family ribonuclease,CL0219,RNase_H
PF04851,20,1.0,core,ResIII,"Type III restriction enzyme, res subunit",CL0023,P-loop_NTPase
PF04841,20,1.0,core,Vps16_N,"Vps16, N-terminal region",CL0186,Beta_propeller
PF04840,20,1.0,core,Vps16_C,"Vps16, C-terminal region",CL0020,TPR
PF04825,20,1.0,core,Rad21_Rec8_N,N terminus of Rad21 / Rec8 like protein,,
PF04818,20,1.0,core,CID,CID domain,CL0020,TPR
PF04815,20,1.0,core,Sec23_helical,Sec23/Sec24 helical domain,,
PF04811,20,1.0,core,Sec23_trunk,Sec23/Sec24 trunk domain,CL0128,vWA-like
PF04810,20,1.0,core,zf-Sec23_Sec24,Sec23/Sec24 zinc finger,CL0167,Zn_Beta_Ribbon
PF04801,20,1.0,core,RPC5,RPC5 protein,CL0662,Triple_barrel
PF10453,20,1.0,core,NUFIP1,FMR1-interacting protein 1 (NUFIP1),,
PF10502,20,1.0,core,Peptidase_S26,"Signal peptidase, peptidase S26 ",CL0299,Peptidase_SF
PF03467,20,1.0,core,Smg4_UPF3,Smg-4/UPF3 family,CL0221,RRM
PF20974,20,1.0,core,tRNA-synt_1c_C2,"tRNA synthetases class I (E and Q), anti-codon binding domain",CL0733,Ribosomal_L25
PF20725,20,1.0,core,DUF6832,Domain of unknown function (DUF6832),,
PF20724,20,1.0,core,DUF6831,Domain of unknown function (DUF6831),,
PF20716,20,1.0,core,ATPTG10,ATPTG10-like,,
PF20715,20,1.0,core,DUF6827,Domain of unknown function (DUF6827),,
PF20511,20,1.0,core,PMI_typeI_cat,"Phosphomannose isomerase type I, catalytic domain",CL0029,Cupin
PF20416,20,1.0,core,UTP20,U3 small nucleolar RNA-associated protein 20 domain,CL0020,TPR
PF19303,20,1.0,core,Anticodon_3,Anticodon binding domain of methionyl tRNA ligase,CL0258,DALR
PF19302,20,1.0,core,DUF5915,Domain of unknown function (DUF5915),,
PF19045,20,1.0,core,Ligase_CoA_2,Ligase-CoA domain,CL0506,Succ_CoA_synth
PF19026,20,1.0,core,UBA_HYPK,HYPK UBA domain,CL0214,UBA
PF18829,20,1.0,core,Importin_rep_6,Importin repeat 6,CL0020,TPR
PF18808,20,1.0,core,Importin_rep_4,Importin repeat,CL0020,TPR
PF18787,20,1.0,core,CRM1_repeat_3,CRM1 / Exportin repeat 3,CL0020,TPR
PF18784,20,1.0,core,CRM1_repeat_2,CRM1 / Exportin repeat 2,,
PF18731,20,1.0,core,HEPN_Swt1,Swt1-like HEPN,CL0291,KNTase_C
PF18680,20,1.0,core,SPECT1,Plasmodium host cell traversal SPECT1,,
PF18659,20,1.0,core,CelTOS,Cell-traversal protein for ookinetes and sporozoites,,
PF18638,20,1.0,core,CyRPA,Cysteine-Rich Protective Antigen 6 bladed domain,CL0186,Beta_propeller
PF18591,20,1.0,core,IMP2_C,Immune Mapped Protein 2 (IMP2) C-terminal domain,,
PF18590,20,1.0,core,IMP2_N,Immune Mapped Protein 2 (IMP2) N-terminal domain,,
PF18513,20,1.0,core,Pro_sub2,Prodomain subtilisin 2,CL0570,PPP-I
PF18265,20,1.0,core,Nas2_N,Nas2 N_terminal domain,,
PF18263,20,1.0,core,WHD_MCM6,MCM6 C-terminal winged-helix domain,CL0123,HTH
PF18262,20,1.0,core,PhetRS_B1,Phe-tRNA synthetase beta subunit B1 domain,CL0123,HTH
PF18253,20,1.0,core,HipN,Hsp70-interacting protein N N-terminal domain,,
PF20750,20,1.0,core,PAP_NTPase,Poly(A) polymerase nucleotidyltransferase domain,CL0260,NTP_transf
PF20981,20,1.0,core,AAR2_1st,AAR2 N-terminal domain,,
PF18199,20,1.0,core,Dynein_C,Dynein heavy chain C-terminal domain,,
PF21010,20,1.0,core,HA2_C,"Helicase associated domain (HA2), ratchet-like",,
PF21972,20,1.0,core,Arc1p_N_like,Nuclear-export cofactor Arc1p ,CL0497,GST_C
PF21960,20,1.0,core,RCF1-5-like_lid,"RCF1/5-like, AAA+ ATPase lid domain",CL0671,AAA_lid
PF21948,20,1.0,core,LplA-B_cat,Lipoyl protein ligase A/B catalytic domain,CL0040,tRNA_synt_II
PF21884,20,1.0,core,ZUO1-like_ZHD,"Zuotin-like, zuotin homology domain",,
PF21800,20,1.0,core,KH_KRR1_2nd,"KRR1 small subunit processome component, second KH domain",CL0007,KH
PF21711,20,1.0,core,DCTN5,Dynactin subunit 5,CL0536,HEXAPEP
PF21639,20,1.0,core,ORC5_lid,"ORC5, lid domain",CL0671,AAA_lid
PF21550,20,1.0,core,MTIP_N,"Myosin A tail domain interacting protein, N-terminal",CL0220,EF_hand
PF21505,20,1.0,core,RPN2_N,"26S proteasome subunit RPN2, N-terminal domain",CL0020,TPR
PF21485,20,1.0,core,IF5A-like_N,"Translation initiation factor 5A-like, N-terminal",CL0010,SH3
PF21369,20,1.0,core,STL11_N,"STL11, N-terminal",CL0229,RING
PF21357,20,1.0,core,EIF3E_C,"Eukaryotic translation initiation factor 3 subunit E, C-terminal",,
PF21266,20,1.0,core,S1_RRP4,"RRP4, S1 domain",CL0021,OB
PF21262,20,1.0,core,RRP40_S1,"Exosome complex component RRP40, S1 domain",CL0021,OB
PF21245,20,1.0,core,PI4KB-PIK1_PIK,"PI4KB/PIK1, accessory (PIK) domain",CL0020,TPR
PF21238,20,1.0,core,Pus10_C,"Pus10, C-terminal",CL0649,PseudoU_synth
PF21236,20,1.0,core,OB_PRS7,"26S proteasome regulatory subunit 7, OB domain",CL0021,OB
PF21203,20,1.0,core,ECM10,ER membrane protein complex subunit 10,,
PF21188,20,1.0,core,BRR2_plug,Pre-mRNA-splicing helicase BRR2 plug domain,,
PF21180,20,1.0,core,TOP6A-Spo11_Toprim,"Topoisomerase 6 subunit A/Spo11, Toprim domain",CL0413,Toprim-like
PF21143,20,1.0,core,Aquarius_N_2nd,"Intron-binding protein aquarius, beta-barrel",CL0866,ALR_C-like
PF21103,20,1.0,core,PH1_SSRP1-like,SSRP1 PH domain,CL0266,PH
PF21032,20,1.0,core,PROPPIN,PROPPIN,CL0186,Beta_propeller
PF21023,20,1.0,core,DENR_N,"DENR, N-terminal",,
PF21018,20,1.0,core,BipA_C,TypA/BipA C-terminal domain,,
PF18213,20,1.0,core,SUB1_ProdP9,SUB1 protease Prodomain ProdP9,CL0570,PPP-I
PF18198,20,1.0,core,AAA_lid_11,Dynein heavy chain AAA lid domain,CL0671,AAA_lid
PF22042,20,1.0,core,EF-G_D2,Elongation factor G domain 2,CL0866,ALR_C-like
PF17781,20,1.0,core,RPN1_RPN2_N,RPN1 N-terminal domain,CL0020,TPR
PF17772,20,1.0,core,zf-MYST,MYST family zinc finger domain,CL0361,C2H2-zf
PF17767,20,1.0,core,NAPRTase_N,Nicotinate phosphoribosyltransferase (NAPRTase) N-terminal domain,CL0105,Hybrid
PF17759,20,1.0,core,tRNA_synthFbeta,Phenylalanyl tRNA synthetase beta chain CLM domain,CL0040,tRNA_synt_II
PF17682,20,1.0,core,Tau95_N,Tau95 Triple barrel domain,,
PF17681,20,1.0,core,GCP_N_terminal,Gamma tubulin complex component N-terminal,CL0540,GCP
PF17432,20,1.0,core,DUF3458_C,Domain of unknown function (DUF3458_C) ARM repeats,CL0020,TPR
PF17404,20,1.0,core,Nrap_D3,Nrap protein domain 3,,
PF17286,20,1.0,core,PRMT5_C,PRMT5 oligomerisation domain,CL0799,PRMT_C
PF17285,20,1.0,core,PRMT5_TIM,PRMT5 TIM barrel domain,CL0036,TIM_barrel
PF17284,20,1.0,core,Spermine_synt_N,Spermidine synthase tetramerisation domain,,
PF17207,20,1.0,core,MCM_OB,MCM OB domain,CL0021,OB
PF17175,20,1.0,core,MOLO1,Modulator of levamisole receptor-1,CL0063,NADP_Rossmann
PF17146,20,1.0,core,PIN_6,PIN domain of ribonuclease,CL0280,PIN
PF17144,20,1.0,core,Ribosomal_L5e,"Ribosomal large subunit proteins 60S L5, and 50S L18",CL0267,S11_L18p
PF17136,20,1.0,core,ribosomal_L24,"Large ribosomal subunit protein uL24, C-terminal domain",CL0010,SH3
PF17135,20,1.0,core,Ribosomal_L18,Ribosomal protein 60S L18 and 50S L18e,CL0588,Ribos_L15p_L18e
PF16906,20,1.0,core,Ribosomal_L26,"Ribosomal proteins L26 eukaryotic, L24P archaeal",CL0010,SH3
PF16901,20,1.0,core,DAO_C,C-terminal domain of alpha-glycerophosphate oxidase,CL0667,Fer2_BFD
PF16900,20,1.0,core,REPA_OB_2,Replication protein A OB domain,CL0021,OB
PF16898,20,1.0,core,TOPRIM_C,C-terminal associated domain of TOPRIM,,
PF16897,20,1.0,core,MMR_HSR1_Xtn,C-terminal region of MMR_HSR1 domain,,
PF16891,20,1.0,core,STPPase_N,Serine-threonine protein phosphatase N-terminal domain,,
PF16886,20,1.0,core,ATP-synt_ab_Xtn,ATPsynthase alpha/beta subunit barrel-sandwich domain,CL0105,Hybrid
PF16881,20,1.0,core,LIAS_N,N-terminal domain of lipoyl synthase of Radical_SAM family,,
PF16870,20,1.0,core,OxoGdeHyase_C,2-oxoglutarate dehydrogenase C-terminal,CL0591,TKC_like
PF17777,20,1.0,core,RL10P_insert,Insertion domain in 60S ribosomal protein L10P,,
PF17785,20,1.0,core,PUA_3,PUA-like domain,CL0178,PUA
PF18161,20,1.0,core,ISP1_C,ISP1 C-terminal,CL0266,PH
PF17800,20,1.0,core,NPL,Nucleoplasmin-like domain,CL0055,Nucleoplasmin
PF18150,20,1.0,core,DUF5600,Domain of unknown function (DUF5600),,
PF18149,20,1.0,core,Helicase_PWI,N-terminal helicase PWI domain,,
PF18141,20,1.0,core,UPF1_1B_dom,"RNA helicase UPF1, 1B domain",CL0866,ALR_C-like
PF18086,20,1.0,core,PPIP5K2_N,Diphosphoinositol pentakisphosphate kinase 2 N-terminal domain,CL0063,NADP_Rossmann
PF18055,20,1.0,core,RPN6_N,26S proteasome regulatory subunit RPN6 N-terminal domain,CL0020,TPR
PF18051,20,1.0,core,RPN1_C,26S proteasome non-ATPase regulatory subunit RPN1 C-terminal,,
PF18018,20,1.0,core,DNA_pol_D_N,DNA polymerase delta subunit OB-fold domain,CL0021,OB
PF18004,20,1.0,core,RPN2_C,26S proteasome regulatory subunit RPN2 C-terminal domain,,
PF17958,20,1.0,core,EF-hand_13,EF-hand domain,CL0220,EF_hand
PF17956,20,1.0,core,NAPRTase_C,Nicotinate phosphoribosyltransferase C-terminal domain,,
PF17903,20,1.0,core,KH_KRR1_1st,Krr1 KH1 domain,CL0007,KH
PF17900,20,1.0,core,Peptidase_M1_N,Peptidase M1 N-terminal domain,CL0672,p35
PF17871,20,1.0,core,AAA_lid_9,AAA lid domain,CL0671,AAA_lid
PF17862,20,1.0,core,AAA_lid_3,AAA+ lid domain,CL0671,AAA_lid
PF17857,20,1.0,core,AAA_lid_1,AAA+ lid domain,CL0671,AAA_lid
PF17856,20,1.0,core,TIP49_C,TIP49 AAA-lid domain,CL0671,AAA_lid
PF17855,20,1.0,core,MCM_lid,MCM AAA-lid domain,CL0671,AAA_lid
PF17852,20,1.0,core,Dynein_AAA_lid,Dynein heavy chain AAA lid domain,,
PF17849,20,1.0,core,OB_Dis3,Dis3-like cold-shock domain 2 (CSD2),CL0021,OB
PF17846,20,1.0,core,XRN_M,Xrn1 helical domain,,
PF17835,20,1.0,core,NOG1_N,NOG1 N-terminal helical domain,CL0669,NOG1_N
PF17833,20,1.0,core,pre-PUA_NIP7,"NIP7/UPF0113, pre-PUA domain",CL0668,Pre-PUA
PF17832,20,1.0,core,Pre-PUA,Pre-PUA-like domain,CL0668,Pre-PUA
PF17830,20,1.0,core,STI1-HOP_DP,"STI1/HOP, DP domain",,
PF17814,20,1.0,core,LisH_TPL,LisH-like dimerisation domain,CL0561,LisH
PF22037,20,1.0,core,PSD13_N,PSD13 N-terminal repeats,CL0020,TPR
PF22099,20,1.0,core,MRS2-like,Magnesium transporter MRS2-like,CL0788,CorA-like
PF16835,20,1.0,core,SF3A2,Pre-mRNA-splicing factor SF3a complex subunit 2 (Prp11),,
PF25463,20,1.0,core,DUF7899,Domain of unknown function (DUF7899),CL0186,Beta_propeller
PF25430,20,1.0,core,DDX23,DDX23-like domain,,
PF25426,20,1.0,core,AAA_lid_BCS1,"Mitochondrial chaperone BCS1-like, ATPase lid domain",CL0671,AAA_lid
PF25361,20,1.0,core,AAA_lid_RFC1,"RFC1-like, AAA+ ATPase lid domain",CL0671,AAA_lid
PF25304,20,1.0,core,WHD_eIF2D,eIF2D winged helix domain,CL0123,HTH
PF25299,20,1.0,core,ZZ_ADA2,ADA2 ZZ-type zing finger,CL0229,RING
PF25173,20,1.0,core,Beta-prop_WDR3_1st,WDR3 first beta-propeller domain,CL0186,Beta_propeller
PF25172,20,1.0,core,Beta-prop_WDR3_2nd,WDR3 second beta-propeller domain,CL0186,Beta_propeller
PF25133,20,1.0,core,TYW2_N_2,TYW2 N-terminal domain,,
PF25121,20,1.0,core,RRM_ESF1,ESF1 RRM domain,CL0221,RRM
PF25095,20,1.0,core,C2H2-zf_KIN17,KIN17 C2H2-type zinc finger domain,CL0361,C2H2-zf
PF25087,20,1.0,core,GMPPB_C,GMPPB C-terminal domain,CL0536,HEXAPEP
PF25084,20,1.0,core,LbH_EIF2B,EIF2B subunit epsilon LbH domain,CL0536,HEXAPEP
PF24882,20,1.0,core,WHD_ORC2,ORC2 WHD,CL0123,HTH
PF24842,20,1.0,core,UFD1_N2,"Ubiquitin fusion degradation protein UFD1, N-terminal subdomain 2",CL0402,Cdc48_2-like
PF24824,20,1.0,core,PH_SPT16,FACT complex subunit SPT16 PH-like domain,CL0266,PH
PF24805,20,1.0,core,EIF3I,EIF3I,CL0186,Beta_propeller
PF24681,20,1.0,core,Kelch_KLHDC2_KLHL20_DRC7,KLHDC2/KLHL20/DRC7 Kelch-repeats domain,CL0186,Beta_propeller
PF24667,20,1.0,core,MORN_DRC7,Dynein regulatory complex subunit 7 MORN domain,CL0251,MORN
PF24656,20,1.0,core,CEPT76_peptidase,CEP76 peptidase-like domain,CL0125,Peptidase_CA
PF24648,20,1.0,core,DUF7641,Domain of unknown function (DUF7641),,
PF24641,20,1.0,core,KH_DEAH11_2nd,DEAH11 eukaryotic type KH-domain,CL0007,KH
PF24640,20,1.0,core,DUF7635,Domain of unknown function (DUF7635),CL0186,Beta_propeller
PF24639,20,1.0,core,DUF7634,Domain of unknown function (DUF7634),CL0159,E-set
PF24634,20,1.0,core,DUF7631,Domain of unknown function (DUF7631),CL0607,TNF_receptor
PF24633,20,1.0,core,DUF7630,Domain of unknown function (DUF7630),CL0607,TNF_receptor
PF25432,20,1.0,core,FF_PRPF40A,"PRPF40A-like, FF domain",CL0584,FF
PF25476,20,1.0,core,Ribosomal_L19e_C,"Ribosomal protein L19e, C-terminal domain",,
PF24631,20,1.0,core,DUF7628,Domain of unknown function (DUF7628),CL0159,E-set
PF25563,20,1.0,core,TPR_SYVN1_N,"E3 ubiquitin-protein ligase synoviolin-like, TPR repeats",CL0020,TPR
PF27828,20,1.0,core,DPROP,Deconstructed propeller,,
PF27720,20,1.0,core,SSNA1,Microtubule nucleation factor SSNA1,,
PF27710,20,1.0,core,TRM10_TRM10A,tRNA (guanine(9)-N(1))-methyltransferase TRM10/TRM10A,CL0098,SPOUT
PF27589,20,1.0,core,PF3D7_0210200_C,PF3D7_0210200 C-terminal domain,,
PF27588,20,1.0,core,PF3D7_0210200_6th,PF3D7_0210200 sixth domain,,
PF27587,20,1.0,core,PF3D7_0210200_HH,PF3D7_0210200 helix hairpin domain,,
PF27586,20,1.0,core,PF3D7_0210200_N,PF3D7_0210200 N-terminal domain,,
PF27571,20,1.0,core,PF3D7_0210200_7th,PF3D7_0210200 7th domain,,
PF27570,20,1.0,core,TOF-1-like_helical,"TOF1-like, helical domain",,
PF27014,20,1.0,core,DUF8334,Domain of unknown function (DUF8334),CL0445,SNARE-fusion
PF26946,20,1.0,core,ACT_11,ACT-like domain,CL0070,ACT
PF26557,20,1.0,core,Cullin_AB,Cullin alpha+beta domain,,
PF26540,20,1.0,core,GcpE_C,GcpE protein C-terminal domain,,
PF26279,20,1.0,core,PH_37,PH domain-like,CL0266,PH
PF26188,20,1.0,core,RESC6,RNA-editing substrate-binding complex 6 protein,CL0020,TPR
PF26058,20,1.0,core,DUF8019,Domain of unknown function (DUF8019),CL0056,C_Lectin
PF26022,20,1.0,core,CC_Liprin_beta,"Liprin beta, coiled-coil domain",,
PF25972,20,1.0,core,At4g15545_C,"At4g15545-like, C-terminal domain",CL0829,PAH
PF25904,20,1.0,core,Tmrp11_N,Tmrp11 THUMP N-terminal domain,,
PF25809,20,1.0,core,STEEP1,STEEP1 domain,CL0080,Beta-tent
PF25795,20,1.0,core,TPR_XPO7,"Exportin-7-like, TPR domain",CL0020,TPR
PF25780,20,1.0,core,TPR_IPO5,"IPO5-like, TPR repeats",CL0020,TPR
PF25596,20,1.0,core,CPSase_L_D1,Carbamoyl phosphate synthase preATP-grasp domain,CL0063,NADP_Rossmann
PF25574,20,1.0,core,TPR_IMB1,"Importin subunit beta-1-like, TPR repeats",CL0020,TPR
PF25573,20,1.0,core,TPR_PSMD3_N,"PSMD3-like, N-terminal TPR repeats",CL0020,TPR
PF24632,20,1.0,core,DUF7629,Domain of unknown function (DUF7629),CL0159,E-set
PF24549,20,1.0,core,DUF7602,Domain of unknown function (DUF7602),CL0123,HTH
PF22365,20,1.0,core,PfNDH2_hel_ins,PfNDH2 helical insertion domain,,
PF23097,20,1.0,core,NOL10_2nd,"Nucleolar protein 10-like, second domain",,
PF23042,20,1.0,core,KOW1_SPT5,"Transcription elongation factor SPT5, KOW1 domain",CL0010,SH3
PF23023,20,1.0,core,Anti-Pycsar_Apyc1,Anti-Pycsar protein Apyc1,CL0381,Metallo-HOrase
PF22941,20,1.0,core,TADA2A-like_3rd,Transcriptional adapter 2-alpha-like domain,,
PF22919,20,1.0,core,ATP-synt_VA_C,C-terminal domain of V and A type ATP synthase,,
PF22916,20,1.0,core,UTP25_NTPase-like,"UTP25, NTP hydrolase-like domain",CL0023,P-loop_NTPase
PF22912,20,1.0,core,zf-DPOE,Zinc finger domain of DNA polymerase-epsilon,,
PF22891,20,1.0,core,KH_PNO1_2nd,Eukaryotic type KH-domain (KH-domain type I),CL0007,KH
PF22890,20,1.0,core,TPR_EMC2,EMC2 TPR-like repeat domain,CL0020,TPR
PF22794,20,1.0,core,jr-ZPR1,ZPR1 jelly-roll domain,,
PF22785,20,1.0,core,Tc-R-P,"Polymorphic toxin system, DSP-PTPase phosphatase",CL0031,Phosphatase
PF22675,20,1.0,core,KH-I_KHDC4-BBP,"KHDC4/BBP-like, KH-domain type I",CL0007,KH
PF22669,20,1.0,core,Exo_endo_phos2,Endonuclease/Exonuclease/phosphatase family 2,CL0530,DNase_I-like
PF22646,20,1.0,core,PPP2R1A-like_HEAT,PPP2R1A-like HEAT repeat,CL0020,TPR
PF22634,20,1.0,core,POL2_thumb,"DNA polymerase epsilon catalytic subunit A, thumb domain",CL0194,DNA_pol_B-like
PF22614,20,1.0,core,Slo-like_RCK,Calcium-activated potassium channel slowpoke-like RCK domain,CL0063,NADP_Rossmann
PF22613,20,1.0,core,Transketolase_C_1,Transketolase-like TK C-terminal domain,CL0591,TKC_like
PF22600,20,1.0,core,MTPAP-like_central,"Poly(A) RNA polymerase, mitochondrial-like, central palm domain",CL0260,NTP_transf
PF22597,20,1.0,core,DYN_lid,"Dynein heavy chain, ATPase lid domain",CL0671,AAA_lid
PF22594,20,1.0,core,GTP-eEF1A_C,GTP-eEF1A C-terminal domain-like,CL0740,GCV_T_C
PF22591,20,1.0,core,eIF3a_PCI_TPR-like,"eIF3a, PCI domain, TPR-like region",CL0020,TPR
PF22528,20,1.0,core,PRMT_C,Arginine methyltransferase oligomerization subdomain,CL0799,PRMT_C
PF22527,20,1.0,core,DEXQc_Suv3,DEXQ-box helicase domain of Suv3,CL0023,P-loop_NTPase
PF22516,20,1.0,core,PreP_C,PreP C-terminal domain,CL0094,Peptidase_ME
PF22458,20,1.0,core,RsmF-B_ferredox,"Methyltr_RsmF/B-like, ferredoxin-like domain",CL0795,NSUN_ferredox
PF22366,20,1.0,core,NDH2_C,NDH2 C-terminal domain,,
PF23082,20,1.0,core,Myb_DNA-binding_2,Myb-like DNA-binding domain,CL0123,HTH
PF23098,20,1.0,core,Beta-prop_NOL10_N,"Nucleolar protein 10-like, N-terminal domain",CL0186,Beta_propeller
PF24161,20,1.0,core,CCDC39,Coiled-coil domain-containing protein 39,,
PF23122,20,1.0,core,C2_ITFG1,"ITFG1, C2 domain",CL0154,C2
PF24055,20,1.0,core,POL3_N,"DNA polymerase delta catalytic subunit-like, N-terminal domain",,
PF23953,20,1.0,core,TPR_COPA_B,COPA/B TPR domain,CL0020,TPR
PF23726,20,1.0,core,Beta-prop_RSE1_2nd,RSE1/DDB1/CPSF1 second beta-propeller,CL0186,Beta_propeller
PF23634,20,1.0,core,PH_CERLI1,CERLI1-like PH domain,CL0266,PH
PF23627,20,1.0,core,LisH_WDR26,WDR26 Lis-homology domain,CL0561,LisH
PF23609,20,1.0,core,Beta-prop_EIPR1,EIPR1 beta-propeller,CL0186,Beta_propeller
PF23602,20,1.0,core,CS_DNAAF11_C,"Dynein axonemal assembly factor 11-like, CS domain",CL0190,HSP20
PF23594,20,1.0,core,RPN11_C,26S proteasome regulatory subunit RPN11 C-terminal domain,,
PF23553,20,1.0,core,NELF-A_N,NELF-A N-terminal domain,CL0020,TPR
PF23535,20,1.0,core,Microp_apicomplexa_21,Apicomplexa microprotein,,
PF23523,20,1.0,core,Microp_apicomplexa_13,Apicomplexa microprotein,,
PF23512,20,1.0,core,Microp_apicomplexa_8,Apicomplexa microprotein,,
PF23445,20,1.0,core,WHD_SNRNP200,Winged Helix-turn-helix domain,CL0123,HTH
PF23358,20,1.0,core,OST48_MD,OST48 middle domain,CL0159,E-set
PF23302,20,1.0,core,HTH_DNAJC9,DNAJC9 HTH domain,CL0123,HTH
PF23250,20,1.0,core,zf_DPOE_2,Zinc finger domain of DNA polymerase-epsilon,,
PF23242,20,1.0,core,AAA_lid_TRIP13_C,"TRIP13-like, AAA+ ATPase lid C-terminal domain",CL0671,AAA_lid
PF23240,20,1.0,core,HAT_PRP39_N,PRP39 N-terminal HAT repeat,CL0020,TPR
PF23233,20,1.0,core,HAT_Syf1_CNRKL1_N,Pre-mRNA-splicing factor Syf1/CNRKL1 N-terminal HAT repeat,CL0020,TPR
PF23231,20,1.0,core,HAT_Syf1_CNRKL1_C,Pre-mRNA-splicing factor Syf1/CRNKL1 C-terminal HAT repeat,CL0020,TPR
PF23220,20,1.0,core,HAT_Syf1_M,Pre-mRNA-splicing factor SYF1 middle HAT repeat,CL0020,TPR
PF23195,20,1.0,core,UBQLN1,Ubiquilin-1-like domain,,
PF23152,20,1.0,core,GDH_2nd,"NAD-specific glutamate dehydrogenase, second domain",CL0070,ACT
PF23147,20,1.0,core,GDH2_N,"NAD-dependent glutamate dehydrogenase, N-terminal domain",,
PF23128,20,1.0,core,C2CD5_C,"C2CD5, C-terminal domain",CL0522,YbjQ-like
PF16858,20,1.0,core,CNDH2_C,"Condensin II complex subunit CAP-H2 or CNDH2, C-terminal wHTH domain",CL0123,HTH
PF16740,20,1.0,core,SKA2,Spindle and kinetochore-associated protein 2,,
PF10507,20,1.0,core,TMEM65,Transmembrane protein 65 ,,
PF13085,20,1.0,core,Fer2_3,2Fe-2S iron-sulfur cluster binding domain,CL0486,Fer2
PF13000,20,1.0,core,Acatn,Acetyl-coenzyme A transporter 1,CL0015,MFS
PF12948,20,1.0,core,MSP7_C,MSP7-like protein C-terminal domain,,
PF12947,20,1.0,core,EGF_3,EGF domain,CL0001,EGF
PF12946,20,1.0,core,EGF_MSP1_1,MSP1 EGF domain 1,CL0001,EGF
PF12936,20,1.0,core,Kri1_C,KRI1-like family C-terminal,,
PF12931,20,1.0,core,TPR_Sec16,Sec16 Sec23-binding domain,CL0020,TPR
PF12906,20,1.0,core,RINGv,RING-variant domain,CL0229,RING
PF12874,20,1.0,core,zf-met,Zinc-finger of C2H2 type,CL0361,C2H2-zf
PF12872,20,1.0,core,OST-HTH,OST-HTH/LOTUS domain,CL0123,HTH
PF12850,20,1.0,core,Metallophos_2,Calcineurin-like phosphoesterase superfamily domain,CL0163,Calcineurin
PF12848,20,1.0,core,ABC_tran_Xtn,ABC transporter,CL0023,P-loop_NTPase
PF12842,20,1.0,core,DUF3819,"CCR4-Not complex, Not1 subunit, domain of unknown function DUF3819",,
PF12799,20,1.0,core,LRR_4,Leucine Rich repeats (2 copies),CL0022,LRR
PF12796,20,1.0,core,Ank_2,Ankyrin repeats (3 copies),CL0465,Ank
PF12781,20,1.0,core,AAA_9,ATP-binding dynein motor region,CL0023,P-loop_NTPase
PF12780,20,1.0,core,AAA_8,P-loop containing dynein motor region D4,CL0023,P-loop_NTPase
PF12777,20,1.0,core,MT,Microtubule-binding stalk of dynein motor,,
PF12775,20,1.0,core,AAA_7,P-loop containing dynein motor region,CL0023,P-loop_NTPase
PF12774,20,1.0,core,AAA_6,Hydrolytic ATP binding site of dynein motor region,CL0023,P-loop_NTPase
PF12769,20,1.0,core,PNTB_4TM,"4TM region of pyridine nucleotide transhydrogenase, mitoch",,
PF12763,20,1.0,core,EH,EH domain,CL0220,EF_hand
PF12756,20,1.0,core,zf-C2H2_2,C2H2 type zinc-finger (2 copies),CL0361,C2H2-zf
PF12755,20,1.0,core,Vac14_Fab1_bd,Vacuolar 14 Fab1-binding region,CL0020,TPR
PF12752,20,1.0,core,SUZ,SUZ domain,,
PF12717,20,1.0,core,Cnd1,non-SMC mitotic condensation complex subunit 1,CL0020,TPR
PF13012,20,1.0,core,MitMem_reg,Maintenance of mitochondrial structure and function,,
PF13086,20,1.0,core,AAA_11,AAA domain,CL0023,P-loop_NTPase
PF12701,20,1.0,core,LSM14,Scd6-like Sm domain,CL0986,Sm-like
PF13087,20,1.0,core,AAA_12,AAA domain,CL0023,P-loop_NTPase
PF13513,20,1.0,core,HEAT_EZ,HEAT-like repeat,CL0020,TPR
PF13499,20,1.0,core,EF-hand_7,EF-hand domain pair,CL0220,EF_hand
PF13489,20,1.0,core,Methyltransf_23,Methyltransferase domain,CL0063,NADP_Rossmann
PF13481,20,1.0,core,AAA_25,AAA domain,CL0023,P-loop_NTPase
PF13476,20,1.0,core,AAA_23,AAA domain,CL0023,P-loop_NTPase
PF13450,20,1.0,core,NAD_binding_8,NAD(P)-binding Rossmann-like domain,CL0063,NADP_Rossmann
PF13445,20,1.0,core,zf-RING_UBOX,RING-type zinc-finger,CL0229,RING
PF13414,20,1.0,core,TPR_11,TPR repeat,CL0020,TPR
PF13398,20,1.0,core,Peptidase_M50B,Peptidase M50B-like,CL0126,Peptidase_MA
PF13393,20,1.0,core,tRNA-synt_His,Histidyl-tRNA synthetase,CL0040,tRNA_synt_II
PF13385,20,1.0,core,Laminin_G_3,Concanavalin A-like lectin/glucanases superfamily,CL0004,Concanavalin
PF13380,20,1.0,core,CoA_binding_2,CoA binding domain,CL0063,NADP_Rossmann
PF13361,20,1.0,core,UvrD_C,UvrD-like helicase C-terminal domain,CL0023,P-loop_NTPase
PF13344,20,1.0,core,Hydrolase_6,Haloacid dehalogenase-like hydrolase,CL0137,HAD
PF13307,20,1.0,core,Helicase_C_2,Helicase C-terminal domain,CL0023,P-loop_NTPase
PF13292,20,1.0,core,DXP_synthase_N,1-deoxy-D-xylulose-5-phosphate synthase,CL0254,THDP-binding
PF13288,20,1.0,core,DXPR_C,DXP reductoisomerase C-terminal domain,CL0063,NADP_Rossmann
PF13246,20,1.0,core,Cation_ATPase,"P-type ATPase, cytoplasmic domain N",CL0137,HAD
PF13242,20,1.0,core,Hydrolase_like,HAD-hyrolase-like,CL0137,HAD
PF13238,20,1.0,core,AAA_18,AAA domain,CL0023,P-loop_NTPase
PF13202,20,1.0,core,EF-hand_5,EF hand,CL0220,EF_hand
PF13193,20,1.0,core,AMP-binding_C,AMP-binding enzyme C-terminal domain,CL0531,AMP-binding_C
PF13181,20,1.0,core,TPR_8,Tetratricopeptide repeat,CL0020,TPR
PF13167,20,1.0,core,GTP-bdg_N,GTP-binding GTPase N-terminal,,
PF13091,20,1.0,core,PLDc_2,"Cardiolipin synthase, PLD-like domain",CL0479,PLD
PF12706,20,1.0,core,Lactamase_B_2,Beta-lactamase superfamily domain,CL0381,Metallo-HOrase
PF12678,20,1.0,core,zf-rbx1,RING-H2 zinc finger domain,CL0229,RING
PF13522,20,1.0,core,GATase_6,Glutamine amidotransferase domain,CL0052,NTN
PF11835,20,1.0,core,RRM_8,RRM-like domain,CL0221,RRM
PF11718,20,1.0,core,CPSF73-100_C,Pre-mRNA 3'-end-processing endonuclease polyadenylation factor C-term,,
PF11717,20,1.0,core,Tudor-knot,RNA binding activity-knot of a chromodomain ,CL0010,SH3
PF11708,20,1.0,core,Slu7,Pre-mRNA splicing Prp18-interacting factor,,
PF11698,20,1.0,core,V-ATPase_H_C,V-ATPase subunit H,CL0020,TPR
PF11677,20,1.0,core,DUF3273,Protein of unknown function (DUF3273),,
PF11567,20,1.0,core,PfUIS3,Plasmodium falciparum UIS3 membrane protein,,
PF11556,20,1.0,core,EBA-175_VI,Erythrocyte binding antigen 175,,
PF11543,20,1.0,core,UN_NPL4,Nuclear pore localisation protein NPL4,CL0072,Ubiquitin
PF11539,20,1.0,core,DUF3228,Protein of unknown function (DUF3228),,
PF11362,20,1.0,core,DUF3161,Protein of unknown function (DUF3161),CL0123,HTH
PF11262,20,1.0,core,Tho2,Transcription factor/nuclear export subunit protein 2,,
PF11145,20,1.0,core,DUF2921,Transmembrane E3 ligase/DUF2921 transmembrane domain,CL0141,MtN3-like
PF11069,20,1.0,core,CFAP298,Cilia- and flagella-associated protein 298,,
PF10996,20,1.0,core,Beta-Casp,Beta-Casp domain,CL0023,P-loop_NTPase
PF10609,20,1.0,core,ParA,NUBPL iron-transfer P-loop NTPase,CL0023,P-loop_NTPase
PF10607,20,1.0,core,CTLH,CTLH/CRA C-terminal to LisH motif domain,CL0825,CTLH
PF10602,20,1.0,core,RPN7,26S proteasome subunit RPN7,CL0020,TPR
PF10598,20,1.0,core,RRM_4,RNA recognition motif of the spliceosomal PrP8,,
PF10597,20,1.0,core,U5_2-snRNA_bdg,U5-snRNA binding site 2 of PrP8,,
PF10596,20,1.0,core,U6-snRNA_bdg,U6-snRNA interacting domain of PrP8,CL0363,H-int
PF10585,20,1.0,core,UBA_E1_SCCH,"Ubiquitin-activating enzyme, SCCH domain",,
PF10584,20,1.0,core,Proteasome_A_N,Proteasome subunit A N-terminal signature,CL0052,NTN
PF10561,20,1.0,core,C2orf69,C2orf69,CL0028,AB_hydrolase
PF10559,20,1.0,core,Plug_translocon,Plug domain of Sec61p,,
PF10516,20,1.0,core,SHNi-TPR,SHNi-TPR,CL0020,TPR
PF11831,20,1.0,core,Myb_Cef,pre-mRNA splicing factor component,,
PF11875,20,1.0,core,DnaJ-like_C11_C,"DnaJ-like protein C11, C-terminal",CL0881,SUEL-RBL_sf
PF12628,20,1.0,core,Inhibitor_I71,"Falstatin, cysteine peptidase inhibitor",CL0159,E-set
PF11916,20,1.0,core,Vac14_Fig4_bd,Vacuolar protein 14 C-terminal Fig4p binding,,
PF12569,20,1.0,core,NatA_aux_su,"N-terminal acetyltransferase A, auxiliary subunit",CL0020,TPR
PF12542,20,1.0,core,CWC25,Pre-mRNA splicing factor,,
PF12513,20,1.0,core,SUV3_C,ATP-dependent RNA helicase SUV3 C-terminal domain,CL0745,MIT
PF12430,20,1.0,core,ABA_GPCR,Abscisic acid G-protein coupled receptor ,,
PF12359,20,1.0,core,DUF3645,Protein of unknown function (DUF3645) ,,
PF12341,20,1.0,core,Mcl1_mid,"Minichromosome loss protein, Mcl1, middle region",CL0186,Beta_propeller
PF12319,20,1.0,core,TryThrA_C,Tryptophan-Threonine-rich plasmodium antigen C terminal,,
PF12314,20,1.0,core,IMCp,Inner membrane complex protein,,
PF12265,20,1.0,core,CAF1C_H4-bd,Histone-binding protein RBBP4 or subunit C of CAF1 complex,CL0186,Beta_propeller
PF12251,20,1.0,core,SNAPC3,"snRNA-activating protein complex (SNAPc), subunit 3",,
PF12246,20,1.0,core,MKT1_C,Temperature dependent protein affecting M2 dsRNA replication,,
PF12230,20,1.0,core,PRP21_like_P,Pre-mRNA splicing factor PRP21 like protein,,
PF12220,20,1.0,core,U1snRNP70_N,U1 small nuclear ribonucleoprotein of 70kDa MW N terminal,CL0221,RRM
PF12171,20,1.0,core,zf-C2H2_jaz,Zinc-finger double-stranded RNA-binding,CL0361,C2H2-zf
PF12146,20,1.0,core,Hydrolase_4,"Serine aminopeptidase, S33",CL0028,AB_hydrolase
PF12134,20,1.0,core,PRP8_domainIV,PRP8 domain IV core,CL0219,RNase_H
PF12108,20,1.0,core,SF3a60_bindingd,Splicing factor SF3a60 binding domain,,
PF12037,20,1.0,core,ATAD3_N,"ATPase family AAA domain-containing protein 3, N-terminal",,
PF12002,20,1.0,core,MgsA_C,MgsA AAA+ ATPase C terminal,CL0604,post-AAA
PF11987,20,1.0,core,IF-2,Translation-initiation factor 2,,
PF11976,20,1.0,core,Rad60-SLD,Ubiquitin-2 like Rad60 SUMO-like,CL0072,Ubiquitin
PF11952,20,1.0,core,XTBD,"XRN-Two Binding Domain, XTBD",,
PF11940,20,1.0,core,DUF3458,Domain of unknown function (DUF3458) Ig-like fold,CL0159,E-set
PF11931,20,1.0,core,SF3a60_Prp9_C,SF3a60/Prp9 C-terminal,CL0361,C2H2-zf
PF11919,20,1.0,core,PSME4_C,"Proteasome activator complex subunit 4-like, C-terminal",,
PF13519,20,1.0,core,VWA_2,von Willebrand factor type A domain,CL0128,vWA-like
PF13534,20,1.0,core,Fer4_17,4Fe-4S dicluster domain,CL0344,4Fe-4S
PF16661,20,1.0,core,Lactamase_B_6,Metallo-beta-lactamase superfamily domain,CL0381,Metallo-HOrase
PF16123,20,1.0,core,HAGH_C,Hydroxyacylglutathione hydrolase C-terminus,CL0381,Metallo-HOrase
PF16113,20,1.0,core,ECH_2,Enoyl-CoA hydratase/isomerase,CL0127,ClpP_crotonase
PF15985,20,1.0,core,KH_6,KH domain,CL0007,KH
PF15902,20,1.0,core,Sortilin-Vps10,"Sortilin, neurotensin receptor 3,",CL0186,Beta_propeller
PF15901,20,1.0,core,Sortilin_C,"Sortilin, neurotensin receptor 3, C-terminal",,
PF15867,20,1.0,core,Dynein_attach_N,Dynein attachment factor N-terminus,,
PF15863,20,1.0,core,EELM2,Extended EGL-27 and MTA1 homology domain,,
PF15861,20,1.0,core,partial_CstF,Partial cleavage stimulation factor domain,,
PF15801,20,1.0,core,zf-C6H2,"zf-MYND-like zinc finger, mRNA-binding",CL0175,TRASH
PF15375,20,1.0,core,FSAF1,40S small subunit processome assembly factor 1,,
PF15247,20,1.0,core,SLBP_RNA_bind,Histone RNA hairpin-binding protein RNA-binding domain,,
PF15072,20,1.0,core,HROB,Homologous recombination OB-fold protein,CL0021,OB
PF14997,20,1.0,core,CECR6_TMEM121,CECR6/TMEM121 family,,
PF14938,20,1.0,core,SNAP,"Soluble NSF attachment protein, SNAP",CL0020,TPR
PF14853,20,1.0,core,Fis1_TPR_C,Fis1 C-terminal tetratricopeptide repeat,CL0020,TPR
PF14826,20,1.0,core,FACT-Spt16_Nlob,FACT complex subunit SPT16 N-terminal lobe domain,CL0356,AMP_N-like
PF14806,20,1.0,core,Coatomer_b_Cpla,Coatomer beta subunit appendage platform,CL0545,APCOP-app_sub
PF14775,20,1.0,core,NYD-SP28_assoc,Sperm tail C-terminal domain,,
PF14769,20,1.0,core,CLAMP,Flagellar C1a complex subunit C1a-32,,
PF14748,20,1.0,core,P5CR_dimer,Pyrroline-5-carboxylate reductase dimerisation,CL0106,6PGD_C
PF14738,20,1.0,core,CFAP91,Cilia- and flagella-associated protein 91,,
PF14733,20,1.0,core,ACDC,AP2-coincident C-terminal,,
PF14732,20,1.0,core,UAE_UbL,Ubiquitin/SUMO-activating enzyme ubiquitin-like domain,,
PF14714,20,1.0,core,KH_dom-like,"KH-domain-like of EngA bacterial GTPase enzymes, C-terminal",,
PF14713,20,1.0,core,DUF4464,Domain of unknown function (DUF4464),,
PF14700,20,1.0,core,RPOL_N,DNA-directed RNA polymerase N-terminal,,
PF16121,20,1.0,core,40S_S4_C,40S ribosomal protein S4 C-terminus,,
PF16124,20,1.0,core,RecQ_Zn_bind,RecQ zinc-binding,,
PF14687,20,1.0,core,DUF4460,Domain of unknown function (DUF4460),,
PF16131,20,1.0,core,Torus,Torus domain,CL0537,CCCH_zf
PF16575,20,1.0,core,CLP1_P,mRNA cleavage and polyadenylation factor CLP1 P-loop,CL0023,P-loop_NTPase
PF16573,20,1.0,core,CLP1_N,N-terminal beta-sandwich domain of polyadenylation factor,,
PF16543,20,1.0,core,DFRP_C,"DRG Family Regulatory Proteins, Tma46",,
PF16531,20,1.0,core,SAS-6_N,Centriolar protein SAS N-terminal domain,CL0777,XRCC4_N
PF16450,20,1.0,core,Prot_ATP_ID_OB_C,Proteasomal ATPase OB C-terminal domain,CL0021,OB
PF16417,20,1.0,core,CNOT1_TTP_bind,CCR4-NOT transcription complex subunit 1 TTP binding domain,CL0020,TPR
PF16413,20,1.0,core,Mlh1_C,DNA mismatch repair protein Mlh1 C-terminus,,
PF16399,20,1.0,core,Aquarius_N_1st,Intron-binding protein aquarius N-terminal,CL0020,TPR
PF16381,20,1.0,core,Coatomer_g_Cpla,Coatomer subunit gamma-1 C-terminal appendage platform,CL0545,APCOP-app_sub
PF16363,20,1.0,core,GDP_Man_Dehyd,"GDP-mannose 4,6 dehydratase",CL0063,NADP_Rossmann
PF16320,20,1.0,core,Ribosomal_L12_N,Ribosomal protein L7/L12 dimerisation domain,,
PF16300,20,1.0,core,WD40_4,Type of WD40 repeat,CL0186,Beta_propeller
PF16282,20,1.0,core,SANT_DAMP1_like,SANT/Myb-like domain of DAMP1,CL0123,HTH
PF16275,20,1.0,core,SF1-HH,Splicing factor 1 helix-hairpin domain,,
PF16212,20,1.0,core,PhoLip_ATPase_C,Phospholipid-translocating P-type ATPase C-terminal,CL0137,HAD
PF16211,20,1.0,core,Histone_H2A_C,C-terminus of histone H2A,,
PF16209,20,1.0,core,PhoLip_ATPase_N,Phospholipid-translocating ATPase N-terminal,,
PF16205,20,1.0,core,Ribosomal_S17_N,Ribosomal_S17 N-terminal,,
PF16203,20,1.0,core,ERCC3_RAD25_C,ERCC3/RAD25/XPB C-terminal helicase,CL0023,P-loop_NTPase
PF16199,20,1.0,core,Radical_SAM_C,Radical_SAM C-terminal domain,,
PF16198,20,1.0,core,TruB_C_2,tRNA pseudouridylate synthase B C-terminal domain,CL0649,PseudoU_synth
PF16189,20,1.0,core,Creatinase_N_2,Creatinase/Prolidase N-terminal domain,CL0356,AMP_N-like
PF16188,20,1.0,core,Peptidase_M24_C,C-terminal region of peptidase_M24,,
PF16186,20,1.0,core,Arm_3,Atypical Arm repeat ,CL0020,TPR
PF16177,20,1.0,core,ACAS_N,Acetyl-coenzyme A synthetase N-terminus,CL0378,ANL
PF14691,20,1.0,core,Fer4_20,"Dihydroprymidine dehydrogenase domain II, 4Fe-4S cluster",CL0344,4Fe-4S
PF14655,20,1.0,core,RAB3GAP2_N,Rab3 GTPase-activating protein regulatory subunit N-terminus,CL0186,Beta_propeller
PF13537,20,1.0,core,GATase_7,Glutamine amidotransferase domain,CL0052,NTN
PF13920,20,1.0,core,zf-C3HC4_3,"Zinc finger, C3HC4 type (RING finger)",CL0229,RING
PF13898,20,1.0,core,MINDY-3_4_CD,"Deubiquitinating enzyme MINDY-3/4, conserved domain",,
PF13869,20,1.0,core,NUDIX_2,Nucleotide hydrolase,CL0261,NUDIX
PF13868,20,1.0,core,TPH,Trichohyalin-plectin-homology domain,,
PF13865,20,1.0,core,FoP_duplication,C-terminal duplication domain of Friend of PRMT1,,
PF13862,20,1.0,core,BCCIP,BCCIP,,
PF13851,20,1.0,core,GAS,Growth-arrest specific micro-tubule binding,,
PF13848,20,1.0,core,Thioredoxin_6,Thioredoxin-like domain,CL0172,Thioredoxin
PF13847,20,1.0,core,Methyltransf_31,Methyltransferase domain,CL0063,NADP_Rossmann
PF13832,20,1.0,core,zf-HC5HC2H_2,PHD-zinc-finger like domain,CL0229,RING
PF13793,20,1.0,core,Pribosyltran_N,N-terminal domain of ribose phosphate pyrophosphokinase,CL0533,PRTase-like
PF13774,20,1.0,core,Longin,Regulated-SNARE-like domain,CL0431,PF
PF13771,20,1.0,core,zf-HC5HC2H,PHD-like zinc-binding domain,CL0229,RING
PF13716,20,1.0,core,CRAL_TRIO_2,Divergent CRAL/TRIO domain,CL0512,CRAL_TRIO
PF13664,20,1.0,core,DUF4149,Domain of unknown function (DUF4149),CL0430,CopD_like
PF13656,20,1.0,core,RNA_pol_L_2,RNA polymerase Rpb3/Rpb11 dimerisation domain,CL0509,RBP11-like
PF13646,20,1.0,core,HEAT_2,HEAT repeats,CL0020,TPR
PF13639,20,1.0,core,zf-RING_2,Ring finger domain,CL0229,RING
PF13637,20,1.0,core,Ank_4,Ankyrin repeats (many copies),CL0465,Ank
PF13625,20,1.0,core,Helicase_C_3,Helicase conserved C-terminal domain,,
PF13621,20,1.0,core,Cupin_8,Cupin-like domain,CL0029,Cupin
PF13607,20,1.0,core,Succ_CoA_lig,Succinyl-CoA ligase like flavodoxin domain,CL0506,Succ_CoA_synth
PF13589,20,1.0,core,HATPase_c_3,"Histidine kinase-, DNA gyrase B-, and HSP90-like ATPase",CL0025,His_Kinase_A
PF13561,20,1.0,core,adh_short_C2,Enoyl-(Acyl carrier protein) reductase,CL0063,NADP_Rossmann
PF13549,20,1.0,core,ATP-grasp_5,ATP-grasp domain,CL0179,ATP-grasp
PF13540,20,1.0,core,RCC1_2,Regulator of chromosome condensation (RCC1) repeat,CL0186,Beta_propeller
PF13905,20,1.0,core,Thioredoxin_8,Thioredoxin-like,CL0172,Thioredoxin
PF13921,20,1.0,core,Myb_DNA-bind_6,Myb-like DNA-binding domain,CL0123,HTH
PF14635,20,1.0,core,HHH_7,Helix-hairpin-helix motif                       ,CL0198,HHH
PF13932,20,1.0,core,SAM_GIDA_C,tRNA modifying enzyme MnmG/GidA C-terminal helical bundle,CL0003,SAM
PF14630,20,1.0,core,ORC5_C,Origin recognition complex (ORC) subunit 5 C-terminus,CL0123,HTH
PF14580,20,1.0,core,LRR_9,Leucine-rich repeat,CL0022,LRR
PF14578,20,1.0,core,GTP_EFTU_D4,Elongation factor Tu domain 4,CL0866,ALR_C-like
PF14573,20,1.0,core,PP-binding_2,Acyl-carrier,CL0314,PP-binding
PF14572,20,1.0,core,Pribosyl_synth,Phosphoribosyl synthetase-associated domain,CL0533,PRTase-like
PF14570,20,1.0,core,zf-RING_4,RING/Ubox like zinc-binding domain,CL0229,RING
PF14560,20,1.0,core,Ubiquitin_2,Ubiquitin-like domain,CL0072,Ubiquitin
PF14551,20,1.0,core,MCM_N,MCM N-terminal domain,CL0903,MCM_N
PF14543,20,1.0,core,TAXi_N,Xylanase inhibitor N-terminal,CL0129,Peptidase_AA
PF14523,20,1.0,core,Syntaxin_2,Syntaxin-like protein,CL0445,SNARE-fusion
PF14520,20,1.0,core,HHH_5,SAM-like Helix-hairpin-helix tandem,CL0198,HHH
PF14500,20,1.0,core,MMS19_N,Dos2-interacting transcription regulator of RNA-Pol-II,,
PF14497,20,1.0,core,GST_C_3,"Glutathione S-transferase, C-terminal domain",CL0497,GST_C
PF14492,20,1.0,core,EFG_III,"Elongation Factor G, domain III",CL0437,EF-G_C
PF14418,20,1.0,core,OHA,OST-HTH Associated domain,,
PF14413,20,1.0,core,Thg1C,Thg1 C terminal domain,,
PF14381,20,1.0,core,EDR1_CTR1_ARMC3_pept,"EDR1/CTR1/ARMC3, peptidase-like",CL0125,Peptidase_CA
PF14374,20,1.0,core,Ribos_L4_asso_C,60S ribosomal protein L4 C-terminal domain,,
PF14370,20,1.0,core,Topo_C_assoc,C-terminal topoisomerase domain,,
PF14360,20,1.0,core,PAP2_C,PAP2 superfamily C-terminal,CL0525,pap2
PF14308,20,1.0,core,DnaJ-X,X-domain of DnaJ-containing,,
PF14204,20,1.0,core,Ribosomal_L18_c,Ribosomal L18 C-terminal region,,
PF14145,20,1.0,core,YrhK,YrhK-like protein,,
PF14050,20,1.0,core,Nudc_N,N-terminal conserved domain of Nudc.,,
PF13959,20,1.0,core,CTE_SPB4,"ATP-dependent rRNA helicase SPB4-like, C-terminal extension",,
PF03477,20,1.0,core,ATP-cone,ATP cone domain,,
PF05764,20,1.0,core,YL1,YL1 nuclear protein,,
PF03465,20,1.0,core,eRF1_3,eRF1 domain 3,CL0101,PELOTA
PF01142,20,1.0,core,TruD,tRNA pseudouridine synthase D (TruD),CL0649,PseudoU_synth
PF01138,20,1.0,core,RNase_PH,"3' exoribonuclease family, domain 1",CL0329,S5
PF01137,20,1.0,core,RTC,RNA 3'-terminal phosphate cyclase,CL0290,EPT_RTPC
PF01135,20,1.0,core,PCMT,Protein-L-isoaspartate(D-aspartate) O-methyltransferase (PCMT),CL0063,NADP_Rossmann
PF01134,20,1.0,core,GIDA,Glucose inhibited division protein A,CL0063,NADP_Rossmann
PF01133,20,1.0,core,ER,Enhancer of rudimentary,,
PF01131,20,1.0,core,Topoisom_bac,DNA topoisomerase,,
PF01125,20,1.0,core,BUD31,Pre-mRNA-splicing factor BUD31,,
PF01121,20,1.0,core,CoaE,Dephospho-CoA kinase,CL0023,P-loop_NTPase
PF01119,20,1.0,core,DNA_mis_repair,"DNA mismatch repair protein, C-terminal domain",CL0329,S5
PF01115,20,1.0,core,F_actin_cap_B,"F-actin capping protein, beta subunit",,
PF01111,20,1.0,core,CKS,Cyclin-dependent kinase regulatory subunit,,
PF01106,20,1.0,core,NifU,NifU-like domain,CL0232,NifU
PF01105,20,1.0,core,EMP24_GP25L,emp24/gp25L/p24 family/GOLD,CL0521,GOLD-like
PF01096,20,1.0,core,Zn_ribbon_TFIIS,Transcription factor S-II (TFIIS),CL0167,Zn_Beta_Ribbon
PF01092,20,1.0,core,Ribosomal_S6e,Ribosomal protein S6e,,
PF01090,20,1.0,core,Ribosomal_S19e,Ribosomal protein S19e,CL0123,HTH
PF01088,20,1.0,core,Peptidase_C12,"Ubiquitin carboxyl-terminal hydrolase, family 1",CL0125,Peptidase_CA
PF01084,20,1.0,core,Ribosomal_S18,Ribosomal protein S18,CL0123,HTH
PF01068,20,1.0,core,DNA_ligase_A_M,ATP dependent DNA ligase domain,CL0179,ATP-grasp
PF01066,20,1.0,core,CDP-OH_P_transf,CDP-alcohol phosphatidyltransferase,,
PF01063,20,1.0,core,Aminotran_4,Amino-transferase class IV,,
PF01048,20,1.0,core,PNP_UDP_1,Phosphorylase superfamily,CL0408,PUP
PF01040,20,1.0,core,UbiA,UbiA prenyltransferase family,CL0613,Terp_synthase
PF01039,20,1.0,core,Carboxyl_trans,Carboxyl transferase domain,CL0127,ClpP_crotonase
PF01031,20,1.0,core,Dynamin_M,Dynamin central region,,
PF01028,20,1.0,core,Topoisom_I,"Eukaryotic DNA topoisomerase I, catalytic core",CL0382,DNA-mend
PF01027,20,1.0,core,Bax1-I,Inhibitor of apoptosis-promoting Bax1,CL0453,Apoptosis-Inhib
PF01139,20,1.0,core,RtcB,tRNA-splicing ligase RtcB,,
PF01145,20,1.0,core,Band_7,SPFH domain / Band 7 family,CL0433,SPFH
PF01018,20,1.0,core,GTP1_OBG,GTP1/OBG,CL0762,GlyR
PF01148,20,1.0,core,CTP_transf_1,Cytidylyltransferase family,CL0234,CTPT
PF01214,20,1.0,core,CK_II_beta,Casein kinase II regulatory subunit,,
PF01210,20,1.0,core,NAD_Gly3P_dh_N,NAD-dependent glycerol-3-phosphate dehydrogenase N-terminus,CL0063,NADP_Rossmann
PF01209,20,1.0,core,Ubie_methyltran,ubiE/COQ5 methyltransferase family,CL0063,NADP_Rossmann
PF01208,20,1.0,core,URO-D,Uroporphyrinogen decarboxylase (URO-D),CL0036,TIM_barrel
PF01207,20,1.0,core,Dus,Dihydrouridine synthase (Dus),CL0036,TIM_barrel
PF01201,20,1.0,core,Ribosomal_S8e,Ribosomal protein S8e,,
PF01199,20,1.0,core,Ribosomal_L34e,Ribosomal protein L34e,,
PF01198,20,1.0,core,Ribosomal_L31e,Ribosomal protein L31e,,
PF01196,20,1.0,core,Ribosomal_L17,Ribosomal protein L17,,
PF01193,20,1.0,core,RNA_pol_L,RNA polymerase Rpb3/Rpb11 dimerisation domain,CL0509,RBP11-like
PF01192,20,1.0,core,RNA_pol_Rpb6,RNA polymerase Rpb6 ,,
PF01191,20,1.0,core,RNA_pol_Rpb5_C,"RNA polymerase Rpb5, C-terminal domain",,
PF01189,20,1.0,core,Methyltr_RsmB-F,16S rRNA methyltransferase RsmB/F,CL0063,NADP_Rossmann
PF01187,20,1.0,core,MIF,Macrophage migration inhibitory factor (MIF),CL0082,MIF
PF03464,20,1.0,core,eRF1_2,eRF1 domain 2,CL0267,S11_L18p
PF01180,20,1.0,core,DHO_dh,Dihydroorotate dehydrogenase,CL0036,TIM_barrel
PF01176,20,1.0,core,eIF-1a,Translation initiation factor 1A / IF-1,CL0021,OB
PF01174,20,1.0,core,SNO,SNO glutamine amidotransferase family,CL0014,Glutaminase_I
PF01172,20,1.0,core,SBDS_N,Shwachman-Bodian-Diamond syndrome (SBDS) N-terminal domain ,,
PF01171,20,1.0,core,ATP_bind_3,PP-loop domain,CL0039,HUP
PF01163,20,1.0,core,RIO1,RIO domain,CL0016,PKinase
PF01161,20,1.0,core,PBP,Phosphatidylethanolamine-binding protein,,
PF01159,20,1.0,core,Ribosomal_L6e,Ribosomal protein L6e ,,
PF01158,20,1.0,core,Ribosomal_L36e,Ribosomal protein L36e,,
PF01157,20,1.0,core,Ribosomal_L21e,Ribosomal protein L21e,CL0010,SH3
PF01151,20,1.0,core,ELO,GNS1/SUR4 family,,
PF01150,20,1.0,core,GDA1_CD39,GDA1/CD39 (nucleoside phosphatase) family,CL0108,Actin_ATPase
PF01025,20,1.0,core,GrpE,GrpE,,
PF01016,20,1.0,core,Ribosomal_L27,Ribosomal L27 protein,,
PF01798,20,1.0,core,Nop,"snoRNA binding domain, fibrillarin",,
PF00850,20,1.0,core,Hist_deacetyl,Histone deacetylase domain,CL0302,Arginase
PF00847,20,1.0,core,AP2,AP2 domain,CL0081,MBD-like
PF00838,20,1.0,core,TCTP,Translationally controlled tumour protein,CL0080,Beta-tent
PF00834,20,1.0,core,Ribul_P_3_epim,Ribulose-phosphate 3 epimerase family,CL0036,TIM_barrel
PF00833,20,1.0,core,Ribosomal_S17e,Ribosomal S17,,
PF00829,20,1.0,core,Ribosomal_L21p,Ribosomal prokaryotic L21 protein,,
PF00828,20,1.0,core,Ribosomal_L27A,"Ribosomal proteins 50S-L15, 50S-L18e, 60S-L27A",CL0588,Ribos_L15p_L18e
PF00827,20,1.0,core,Ribosomal_L15e,Ribosomal L15,CL0652,S24e_L23_L15e
PF00814,20,1.0,core,TsaD,tRNA N6-adenosine threonylcarbamoyltransferase,CL0108,Actin_ATPase
PF00810,20,1.0,core,ER_lumen_recept,ER lumen protein retaining receptor,CL0141,MtN3-like
PF00809,20,1.0,core,Pterin_bind,Pterin binding enzyme,CL0036,TIM_barrel
PF00808,20,1.0,core,CBFD_NFYB_HMF,Histone-like transcription factor (CBF/NF-Y) and archaeal histone,CL0012,Histone
PF00806,20,1.0,core,PUF,Pumilio-family RNA binding repeat,CL0020,TPR
PF00789,20,1.0,core,UBX,UBX domain,CL0072,Ubiquitin
PF00787,20,1.0,core,PX,PX domain,,
PF00782,20,1.0,core,DSPc,"Dual specificity phosphatase, catalytic domain",CL0031,Phosphatase
PF00781,20,1.0,core,DAGK_cat,Diacylglycerol kinase catalytic domain,CL0240,PFK
PF00778,20,1.0,core,DIX,DIX domain,CL0072,Ubiquitin
PF00773,20,1.0,core,RNB,RNB domain,CL0021,OB
PF00763,20,1.0,core,THF_DHG_CYH,"Tetrahydrofolate dehydrogenase/cyclohydrolase, catalytic domain",CL0603,AA_dh_N
PF00762,20,1.0,core,Ferrochelatase,Ferrochelatase,CL0043,Chelatase
PF00754,20,1.0,core,F5_F8_type_C,F5/8 type C domain,CL0202,GBD
PF00753,20,1.0,core,Lactamase_B,Metallo-beta-lactamase superfamily,CL0381,Metallo-HOrase
PF00752,20,1.0,core,XPG_N,XPG N-terminal domain,CL0280,PIN
PF00750,20,1.0,core,tRNA-synt_1d,"tRNA synthetases class I (R), catalytic domain",CL0039,HUP
PF00749,20,1.0,core,tRNA-synt_1c,"tRNA synthetases class I (E and Q), catalytic domain",CL0039,HUP
PF00736,20,1.0,core,EF1_GNE,EF-1 guanine nucleotide exchange domain,,
PF00733,20,1.0,core,Asn_synthase,Asparagine synthase,CL0039,HUP
PF00849,20,1.0,core,PseudoU_synth_2,RNA pseudouridylate synthase,CL0649,PseudoU_synth
PF00856,20,1.0,core,SET,SET domain,CL0489,SAF
PF01015,20,1.0,core,Ribosomal_S3Ae,Ribosomal S3Ae family,,
PF00857,20,1.0,core,Isochorismatase,Isochorismatase domain,,
PF01008,20,1.0,core,IF-2B,Initiation factor 2 subunit family,CL0063,NADP_Rossmann
PF01000,20,1.0,core,RNA_pol_A_bac,RNA polymerase Rpb3/RpoA insert domain,,
PF00996,20,1.0,core,GDI,GDP dissociation inhibitor,CL0063,NADP_Rossmann
PF00995,20,1.0,core,Sec1,Sec1 family,,
PF00988,20,1.0,core,CPSase_sm_chain,"Carbamoyl-phosphate synthase small chain, CPSase domain",CL0364,Leu-IlvD
PF00986,20,1.0,core,DNA_gyraseB_C,"DNA gyrase B subunit, carboxyl terminus",,
PF00970,20,1.0,core,FAD_binding_6,Oxidoreductase FAD-binding domain,CL0866,ALR_C-like
PF00962,20,1.0,core,A_deaminase,Adenosine deaminase,CL0036,TIM_barrel
PF00958,20,1.0,core,GMP_synt_C,GMP synthase C terminal domain,,
PF00957,20,1.0,core,Synaptobrevin,Synaptobrevin,CL0445,SNARE-fusion
PF00956,20,1.0,core,NAP,Nucleosome assembly protein (NAP),,
PF00940,20,1.0,core,RNA_pol,DNA-dependent RNA polymerase,,
PF00928,20,1.0,core,Adap_comp_sub,Adaptor complexes medium subunit family,CL0448,Cargo_bd_muHD
PF00924,20,1.0,core,MS_channel_2nd,"Mechanosensitive ion channel, beta-domain",CL0986,Sm-like
PF00919,20,1.0,core,UPF0004,Uncharacterized protein family UPF0004,CL0304,CheY
PF00916,20,1.0,core,Sulfate_transp,Sulfate permease family,CL0062,APC
PF00903,20,1.0,core,Glyoxalase,Glyoxalase/Bleomycin resistance protein/Dioxygenase superfamily,CL0104,Glyoxalase
PF00900,20,1.0,core,Ribosomal_S4e,Ribosomal family S4e,CL0021,OB
PF00899,20,1.0,core,ThiF,ThiF family,CL0063,NADP_Rossmann
PF00892,20,1.0,core,EamA,EamA-like transporter family,CL0184,DMT
PF00890,20,1.0,core,FAD_binding_2,FAD binding domain,CL0063,NADP_Rossmann
PF00889,20,1.0,core,EF_TS,Elongation factor TS,,
PF00888,20,1.0,core,Cullin,Cullin alpha solenoid domain,CL0020,TPR
PF00886,20,1.0,core,Ribosomal_S16,Ribosomal protein S16,,
PF00883,20,1.0,core,Peptidase_M17,"Cytosol aminopeptidase family, catalytic domain",CL0865,ZnExoPePases
PF00867,20,1.0,core,XPG_I,XPG I-region,CL0464,5_3_exonuc_C
PF00861,20,1.0,core,Ribosomal_L18p,"Ribosomal L18 of archaea, bacteria, mitoch. and chloroplast",CL0267,S11_L18p
PF01215,20,1.0,core,COX5B,Cytochrome c oxidase subunit Vb,CL0167,Zn_Beta_Ribbon
PF01217,20,1.0,core,Clat_adaptor_s,Clathrin adaptor complex small chain,CL0431,PF
PF01218,20,1.0,core,Coprogen_oxidas,Coproporphyrinogen III oxidase,CL1005,CPO_III-like
PF01602,20,1.0,core,Adaptin_N,Adaptin N terminal region,CL0020,TPR
PF01597,20,1.0,core,GCV_H,Glycine cleavage H-protein,CL0105,Hybrid
PF01595,20,1.0,core,CNNM,Cyclin M transmembrane N-terminal domain,,
PF01593,20,1.0,core,Amino_oxidase,Flavin containing amine oxidoreductase,CL0063,NADP_Rossmann
PF01592,20,1.0,core,NifU_N,NifU-like N terminal domain,CL0233,SufE_NifU
PF01590,20,1.0,core,GAF,GAF domain,CL0161,GAF
PF01588,20,1.0,core,tRNA_bind,Putative tRNA binding domain,CL0021,OB
PF01585,20,1.0,core,G-patch,G-patch domain,CL0449,G-PATCH
PF01571,20,1.0,core,GCV_T,GCVT N-terminal domain,CL0289,FBD
PF01566,20,1.0,core,Nramp,Natural resistance-associated macrophage protein-like,CL0062,APC
PF01564,20,1.0,core,Spermine_synth,Spermine/spermidine synthase domain,CL0063,NADP_Rossmann
PF01556,20,1.0,core,DnaJ_C,DnaJ C terminal domain,,
PF01553,20,1.0,core,Acyltransferase,Acyltransferase,CL0228,Acyltransferase
PF01545,20,1.0,core,Cation_efflux,Cation efflux transmembrane domain,,
PF01536,20,1.0,core,SAM_decarbox,Adenosylmethionine decarboxylase,,
PF01535,20,1.0,core,PPR,PPR repeat,CL0020,TPR
PF01529,20,1.0,core,DHHC,DHHC palmitoyltransferase,,
PF01521,20,1.0,core,Fe-S_biosyn,Iron-sulphur cluster biosynthesis,CL0980,HesB-like
PF01509,20,1.0,core,TruB_N,TruB family pseudouridylate synthase (N terminal domain),CL0649,PseudoU_synth
PF01507,20,1.0,core,PAPS_reduct,Phosphoadenosine phosphosulfate reductase domain,CL0039,HUP
PF01504,20,1.0,core,PIP5K,Phosphatidylinositol-4-phosphate 5-Kinase,CL0016,PKinase
PF01496,20,1.0,core,V_ATPase_I,V-type ATPase 116kDa subunit family  ,,
PF01494,20,1.0,core,FAD_binding_3,FAD binding domain,CL0063,NADP_Rossmann
PF01493,20,1.0,core,GXGXG,GXGXG motif,,
PF01490,20,1.0,core,Aa_trans,Transmembrane amino acid transporter protein,CL0062,APC
PF01485,20,1.0,core,IBR,"IBR domain, a half RING-finger domain",CL0229,RING
PF01480,20,1.0,core,PWI,PWI domain,CL0805,PWI-like
PF01479,20,1.0,core,S4,S4 domain,CL0492,S4
PF01599,20,1.0,core,Ribosomal_S27,Ribosomal protein S27a,CL0167,Zn_Beta_Ribbon
PF01612,20,1.0,core,DNA_pol_A_exo1,3'-5' exonuclease,CL0219,RNase_H
PF01221,20,1.0,core,Dynein_light,Dynein light chain type 1 ,,
PF01624,20,1.0,core,MutS_I,MutS domain I,,
PF01778,20,1.0,core,Ribosomal_L28e,Ribosomal L28e protein family,,
PF01777,20,1.0,core,Ribosomal_L27e,Ribosomal L27e protein family,CL0010,SH3
PF01776,20,1.0,core,Ribosomal_L22e,Ribosomal L22e protein family,,
PF01775,20,1.0,core,Ribosomal_L18A,Ribosomal proteins 50S-L18Ae/60S-L20/60S-L18A,,
PF01765,20,1.0,core,RRF,Ribosome recycling factor,,
PF01764,20,1.0,core,Lipase_3,Lipase (class 3),CL0028,AB_hydrolase
PF01754,20,1.0,core,zf-A20,A20-like zinc finger,CL0839,Tbcl_zf
PF01753,20,1.0,core,zf-MYND,MYND finger,CL0175,TRASH
PF01751,20,1.0,core,Toprim,Toprim domain,CL0413,Toprim-like
PF01749,20,1.0,core,IBB,Importin beta binding domain,CL0020,TPR
PF01743,20,1.0,core,PolyA_pol,Poly A polymerase head domain,CL0260,NTP_transf
PF01734,20,1.0,core,Patatin,Patatin-like phospholipase,CL0323,Patatin
PF01728,20,1.0,core,FtsJ,FtsJ-like methyltransferase,CL0063,NADP_Rossmann
PF01725,20,1.0,core,Ham1p_like,Ham1 family,CL0269,Maf
PF01704,20,1.0,core,UDPGP,UTP--glucose-1-phosphate uridylyltransferase,CL0110,GT-A
PF01702,20,1.0,core,TGT,Queuine tRNA-ribosyltransferase,CL0036,TIM_barrel
PF01699,20,1.0,core,Na_Ca_ex,Sodium/calcium exchanger protein,,
PF01694,20,1.0,core,Rhomboid,Rhomboid domain,CL0207,Rhomboid-like
PF01687,20,1.0,core,Flavokinase,Riboflavin kinase,CL0866,ALR_C-like
PF01680,20,1.0,core,SOR_SNZ,SOR/SNZ family,CL0036,TIM_barrel
PF01661,20,1.0,core,Macro,Macro domain,CL0223,MACRO
PF01658,20,1.0,core,Inos-1-P_synth,Myo-inositol-1-phosphate synthase,CL0139,GADPH_aa-bio_dh
PF01655,20,1.0,core,Ribosomal_L32e,Ribosomal protein L32,,
PF01652,20,1.0,core,IF4E,Eukaryotic initiation factor 4E,CL0625,eIF4e
PF01650,20,1.0,core,Peptidase_C13,Peptidase C13 family,CL0093,Peptidase_CD
PF01645,20,1.0,core,Glu_synthase,Conserved region in glutamate synthase,CL0036,TIM_barrel
PF01633,20,1.0,core,Choline_kinase,Choline/ethanolamine kinase,CL0016,PKinase
PF01477,20,1.0,core,PLAT,PLAT/LH2 domain,CL0321,PLAT
PF01472,20,1.0,core,PUA,PUA domain,CL0178,PUA
PF01467,20,1.0,core,CTP_transf_like,Cytidylyltransferase-like,CL0039,HUP
PF01466,20,1.0,core,Skp1,"Skp1 family, dimerisation domain",,
PF01293,20,1.0,core,PEPCK_ATP,Phosphoenolpyruvate carboxykinase,CL0374,PEP-carboxyk
PF01287,20,1.0,core,eIF-5a,"Eukaryotic elongation factor 5A hypusine, DNA-binding OB fold",CL0021,OB
PF01283,20,1.0,core,Ribosomal_S26e,Ribosomal protein S26e,CL0839,Tbcl_zf
PF01282,20,1.0,core,Ribosomal_S24e,Ribosomal protein S24e,,
PF01281,20,1.0,core,Ribosomal_L9_N,"Ribosomal protein L9, N-terminal domain",CL0885,L9_N_sp
PF01280,20,1.0,core,Ribosomal_L19e,"Ribosomal protein L19e, N-terminal domain",,
PF01276,20,1.0,core,OKR_DC_1,"Orn/Lys/Arg decarboxylase, major domain",CL0061,PLP_aminotran
PF01267,20,1.0,core,F-actin_cap_A,F-actin capping protein alpha subunit,,
PF01266,20,1.0,core,DAO,FAD dependent oxidoreductase,CL0063,NADP_Rossmann
PF01265,20,1.0,core,Cyto_heme_lyase,Cytochrome c/c1 heme lyase,,
PF01262,20,1.0,core,AlaDh_PNT_C,"Alanine dehydrogenase/PNT, C-terminal domain",CL0063,NADP_Rossmann
PF01261,20,1.0,core,AP_endonuc_2,Xylose isomerase-like TIM barrel,CL0036,TIM_barrel
PF01256,20,1.0,core,Carb_kinase,NAD(P)H-hydrate dehydratase,CL0118,Ribokinase
PF01255,20,1.0,core,Prenyltransf,Putative undecaprenyl diphosphate synthase,,
PF01253,20,1.0,core,SUI1,Translation initiation factor SUI1,,
PF01251,20,1.0,core,Ribosomal_S7e,Ribosomal protein S7e,CL0652,S24e_L23_L15e
PF01250,20,1.0,core,Ribosomal_S6,Ribosomal protein S6,,
PF01248,20,1.0,core,Ribosomal_L7Ae,Ribosomal protein L7Ae/L30e/S12e/Gadd45 family,CL0101,PELOTA
PF01247,20,1.0,core,Ribosomal_L35Ae,Ribosomal protein L35Ae,CL0866,ALR_C-like
PF01246,20,1.0,core,Ribosomal_L24e,Ribosomal protein L24e,CL0175,TRASH
PF01245,20,1.0,core,Ribosomal_L19,Ribosomal protein L19,CL0010,SH3
PF01242,20,1.0,core,PTPS,6-pyruvoyl tetrahydropterin synthase,CL0334,THBO-biosyn
PF01239,20,1.0,core,PPTA,Protein prenyltransferase alpha subunit repeat,CL0020,TPR
PF01237,20,1.0,core,Oxysterol_BP,Oxysterol-binding protein ,,
PF01233,20,1.0,core,NMT,"Myristoyl-CoA:protein N-myristoyltransferase, N-terminal domain",CL0257,Acetyltrans
PF01230,20,1.0,core,HIT,HIT domain,CL0265,HIT
PF01226,20,1.0,core,Form_Nir_trans,Formate/nitrite transporter,CL0716,Aquaporin-like
PF01294,20,1.0,core,Ribosomal_L13e,Ribosomal protein L13e,,
PF01300,20,1.0,core,Sua5_yciO_yrdC,Telomere recombination,,
PF01302,20,1.0,core,CAP_GLY,CAP-Gly domain,CL0010,SH3
PF01409,20,1.0,core,tRNA-synt_2d,tRNA synthetases class II core domain (F),CL0040,tRNA_synt_II
PF01459,20,1.0,core,Porin_3,Eukaryotic porin,CL0193,MBB
PF01458,20,1.0,core,SUFBD_core,"SUF system FeS cluster assembly, SufBD core domain",,
PF01434,20,1.0,core,Peptidase_M41,Peptidase family M41,CL0126,Peptidase_MA
PF01433,20,1.0,core,Peptidase_M1,Peptidase family M1 domain,CL0126,Peptidase_MA
PF01432,20,1.0,core,Peptidase_M3,Peptidase family M3,CL0126,Peptidase_MA
PF01428,20,1.0,core,zf-AN1,AN1-like Zinc finger,CL0229,RING
PF01425,20,1.0,core,Amidase,Amidase,,
PF01423,20,1.0,core,LSM,LSM domain,CL0986,Sm-like
PF01417,20,1.0,core,ENTH,ENTH domain,CL0020,TPR
PF01416,20,1.0,core,PseudoU_synth_1,tRNA pseudouridine synthase,CL0649,PseudoU_synth
PF01412,20,1.0,core,ArfGap,Putative GTPase activating protein for Arf,,
PF01411,20,1.0,core,tRNA-synt_2c,tRNA synthetases class II (A),CL0040,tRNA_synt_II
PF01406,20,1.0,core,tRNA-synt_1e,tRNA synthetases class I (C) catalytic domain,CL0039,HUP
PF01321,20,1.0,core,Creatinase_N,Creatinase/Prolidase N-terminal domain,CL0356,AMP_N-like
PF01399,20,1.0,core,PCI,PCI domain,CL0123,HTH
PF01398,20,1.0,core,JAB,JAB1/Mov34/MPN/PAD-1 ubiquitin protease,CL0366,JAB
PF01388,20,1.0,core,ARID,ARID/BRIGHT DNA binding domain,CL0123,HTH
PF01384,20,1.0,core,PHO4,Phosphate transporter family,,
PF01381,20,1.0,core,HTH_3,Helix-turn-helix,CL0123,HTH
PF01380,20,1.0,core,SIS,SIS domain,CL0067,SIS
PF01379,20,1.0,core,Porphobil_deam,"Porphobilinogen deaminase, dipyromethane cofactor binding domain",CL0177,PBP
PF01367,20,1.0,core,5_3_exonuc,"5'-3' exonuclease, C-terminal SAM fold",CL0464,5_3_exonuc_C
PF01351,20,1.0,core,RNase_HII,Ribonuclease HII,CL0219,RNase_H
PF01336,20,1.0,core,tRNA_anti-codon,OB-fold nucleic acid binding domain,CL0021,OB
PF01331,20,1.0,core,mRNA_cap_enzyme,"mRNA capping enzyme, catalytic domain",CL0179,ATP-grasp
PF01327,20,1.0,core,Pep_deformylase,Polypeptide deformylase,,
PF00730,20,1.0,core,HhH-GPD,HhH-GPD superfamily base excision DNA repair protein,CL0198,HHH
PF00719,20,1.0,core,Pyrophosphatase,Inorganic pyrophosphatase,,
PF00717,20,1.0,core,Peptidase_S24,Peptidase S24-like,CL0299,Peptidase_SF
PF00254,20,1.0,core,FKBP_C,FKBP-type peptidyl-prolyl cis-trans isomerase,CL0487,FKBP
PF00249,20,1.0,core,Myb_DNA-binding,Myb-like DNA-binding domain,CL0123,HTH
PF00248,20,1.0,core,Aldo_ket_red,Aldo/keto reductase family,CL0036,TIM_barrel
PF00244,20,1.0,core,14-3-3,14-3-3 protein,CL0020,TPR
PF00241,20,1.0,core,Cofilin_ADF,Cofilin/tropomyosin-type actin-binding protein,CL0092,ADF
PF00240,20,1.0,core,ubiquitin,Ubiquitin family,CL0072,Ubiquitin
PF00238,20,1.0,core,Ribosomal_L14,Ribosomal protein L14p/L23e,,
PF00237,20,1.0,core,Ribosomal_L22,Ribosomal protein L22p/L17e,,
PF00235,20,1.0,core,Profilin,Profilin,CL0431,PF
PF00233,20,1.0,core,PDEase_I,3'5'-cyclic nucleotide phosphodiesterase,CL0237,HD_PDEase
PF00231,20,1.0,core,ATP-synt,ATP synthase,,
PF00230,20,1.0,core,MIP,Major intrinsic protein,CL0716,Aquaporin-like
PF00227,20,1.0,core,Proteasome,Proteasome subunit,CL0052,NTN
PF00226,20,1.0,core,DnaJ,DnaJ domain,CL0392,Chaperone-J
PF00225,20,1.0,core,Kinesin,Kinesin motor domain,CL0023,P-loop_NTPase
PF00224,20,1.0,core,PK,"Pyruvate kinase, barrel domain",CL0036,TIM_barrel
PF00216,20,1.0,core,Bac_DNA_binding,Bacterial DNA-binding protein,CL0548,IHF-likeDNA-bdg
PF00215,20,1.0,core,OMPdecase,Orotidine 5'-phosphate decarboxylase / HUMPS family,CL0036,TIM_barrel
PF00213,20,1.0,core,OSCP,ATP synthase delta (OSCP) subunit,CL0255,ATP_synthase
PF00211,20,1.0,core,Guanylate_cyc,Adenylate and Guanylate cyclase catalytic domain,CL0276,Nucleot_cyclase
PF00208,20,1.0,core,ELFV_dehydrog,Glutamate/Leucine/Phenylalanine/Valine dehydrogenase,CL0063,NADP_Rossmann
PF00206,20,1.0,core,Lyase_1,Lyase,,
PF00204,20,1.0,core,DNA_gyraseB,DNA gyrase B,CL0329,S5
PF00203,20,1.0,core,Ribosomal_S19,Ribosomal protein S19,,
PF00202,20,1.0,core,Aminotran_3,Aminotransferase class-III,CL0061,PLP_aminotran
PF00198,20,1.0,core,2-oxoacid_dh,2-oxoacid dehydrogenases acyltransferase (catalytic domain),CL0149,CoA-acyltrans
PF00189,20,1.0,core,Ribosomal_S3_C,"Ribosomal protein S3, C-terminal domain",,
PF00186,20,1.0,core,DHFR_1,Dihydrofolate reductase,CL0387,DHFred
PF00252,20,1.0,core,Ribosomal_L16,Ribosomal protein L16p/L10e,CL0021,OB
PF00255,20,1.0,core,GSHPx,Glutathione peroxidase,CL0172,Thioredoxin
PF00347,20,1.0,core,Ribosomal_L6,Ribosomal protein L6,,
PF00258,20,1.0,core,Flavodoxin_1,Flavodoxin,CL0042,Flavoprotein
PF00342,20,1.0,core,PGI,Phosphoglucose isomerase,CL0067,SIS
PF00338,20,1.0,core,Ribosomal_S10,Ribosomal protein S10p/S20e,,
PF00334,20,1.0,core,NDK,Nucleoside diphosphate kinase,,
PF00333,20,1.0,core,Ribosomal_S5,"Ribosomal protein S5, N-terminal domain",CL0196,DSRM
PF00330,20,1.0,core,Aconitase,Aconitase family (aconitate hydratase),,
PF00328,20,1.0,core,His_Phos_2,Histidine phosphatase superfamily (branch 2),CL0071,His_phosphatase
PF00327,20,1.0,core,Ribosomal_L30,Ribosomal protein L30p/L7e,,
PF00326,20,1.0,core,Peptidase_S9,Prolyl oligopeptidase family,CL0028,AB_hydrolase
PF00318,20,1.0,core,Ribosomal_S2,Ribosomal protein S2,CL0067,SIS
PF00317,20,1.0,core,Ribonuc_red_lgN,"Ribonucleotide reductase, all-alpha domain",,
PF00312,20,1.0,core,Ribosomal_S15,Ribosomal protein S15,CL0600,S15_NS1
PF00311,20,1.0,core,PEPcase,Phosphoenolpyruvate carboxylase,CL0036,TIM_barrel
PF00310,20,1.0,core,GATase_2,Glutamine amidotransferases class-II,CL0052,NTN
PF00306,20,1.0,core,ATP-synt_ab_C,"ATP synthase alpha/beta chain, C terminal domain",,
PF00303,20,1.0,core,Thymidylat_synt,Thymidylate synthase,,
PF00300,20,1.0,core,His_Phos_1,Histidine phosphatase superfamily (branch 1),CL0071,His_phosphatase
PF00298,20,1.0,core,Ribosomal_L11,"Ribosomal protein L11, RNA binding domain",,
PF00297,20,1.0,core,Ribosomal_L3,Ribosomal protein L3,CL0866,ALR_C-like
PF00293,20,1.0,core,NUDIX,NUDIX domain,CL0261,NUDIX
PF00289,20,1.0,core,Biotin_carb_N,"Biotin carboxylase, N-terminal domain",CL0063,NADP_Rossmann
PF00285,20,1.0,core,Citrate_synt,"Citrate synthase, C-terminal domain",,
PF00276,20,1.0,core,Ribosomal_L23,Ribosomal protein L23,,
PF00274,20,1.0,core,Glycolytic,Fructose-bisphosphate aldolase class-I,CL0036,TIM_barrel
PF00271,20,1.0,core,Helicase_C,Helicase conserved C-terminal domain,CL0023,P-loop_NTPase
PF00270,20,1.0,core,DEAD,DEAD/DEAH box helicase,CL0023,P-loop_NTPase
PF00268,20,1.0,core,Ribonuc_red_sm,"Ribonucleotide reductase, small chain",CL0044,Ferritin
PF00266,20,1.0,core,Aminotran_5,Aminotransferase class-V,CL0061,PLP_aminotran
PF00185,20,1.0,core,OTCace,"Aspartate/ornithine carbamoyltransferase, Asp/Orn binding domain",CL0063,NADP_Rossmann
PF00183,20,1.0,core,HSP90,Hsp90 protein,,
PF00181,20,1.0,core,Ribosomal_L2_N,"Ribosomal Proteins L2, RNA binding N-terminal domain",CL0021,OB
PF00180,20,1.0,core,Iso_dh,Isocitrate/isopropylmalate dehydrogenase,CL0270,Iso_DH
PF00108,20,1.0,core,Thiolase_N,"Thiolase, N-terminal domain",CL0046,Thiolase
PF00106,20,1.0,core,adh_short,short chain dehydrogenase,CL0063,NADP_Rossmann
PF00097,20,1.0,core,zf-C3HC4,"Zinc finger, C3HC4 type (RING finger)",CL0229,RING
PF00096,20,1.0,core,zf-C2H2,"Zinc finger, C2H2 type",CL0361,C2H2-zf
PF00092,20,1.0,core,VWA,von Willebrand factor type A domain,CL0128,vWA-like
PF00091,20,1.0,core,Tubulin,"Tubulin/FtsZ family, GTPase domain",CL0063,NADP_Rossmann
PF00090,20,1.0,core,TSP_1,Thrombospondin type 1 domain,CL0692,TSP1
PF00085,20,1.0,core,Thioredoxin,Thioredoxin,CL0172,Thioredoxin
PF00083,20,1.0,core,Sugar_tr,Sugar (and other) transporter,CL0015,MFS
PF00082,20,1.0,core,Peptidase_S8,Subtilase family,,
PF00081,20,1.0,core,Sod_Fe_N,"Iron/manganese superoxide dismutases, alpha-hairpin domain",,
PF00076,20,1.0,core,RRM_1,RNA recognition motif,CL0221,RRM
PF00071,20,1.0,core,Ras,Ras family,CL0023,P-loop_NTPase
PF00069,20,1.0,core,Pkinase,Protein kinase domain,CL0016,PKinase
PF00063,20,1.0,core,Myosin_head,Myosin head (motor domain),CL0023,P-loop_NTPase
PF00056,20,1.0,core,Ldh_1_N,"lactate/malate dehydrogenase, NAD binding domain",CL0063,NADP_Rossmann
PF00037,20,1.0,core,Fer4,4Fe-4S binding domain,CL0344,4Fe-4S
PF00034,20,1.0,core,Cytochrom_C,Cytochrome c,CL0318,Cytochrome-c
PF00027,20,1.0,core,cNMP_binding,Cyclic nucleotide-binding domain,CL0029,Cupin
PF00026,20,1.0,core,Asp,Eukaryotic aspartyl protease,CL0129,Peptidase_AA
PF00025,20,1.0,core,Arf,ADP-ribosylation factor family,CL0023,P-loop_NTPase
PF00022,20,1.0,core,Actin,Actin,CL0108,Actin_ATPase
PF00013,20,1.0,core,KH_1,KH domain,CL0007,KH
PF00012,20,1.0,core,HSP70,Hsp70 protein,CL0108,Actin_ATPase
PF00011,20,1.0,core,HSP20,Hsp20/alpha crystallin family,CL0190,HSP20
PF00009,20,1.0,core,GTP_EFTU,Elongation factor Tu GTP binding domain,CL0023,P-loop_NTPase
PF00006,20,1.0,core,ATP-synt_ab,"ATP synthase alpha/beta family, nucleotide-binding domain",CL0023,P-loop_NTPase
PF00109,20,1.0,core,ketoacyl-synt,"Beta-ketoacyl synthase, N-terminal domain",CL0046,Thiolase
PF00111,20,1.0,core,Fer2,2Fe-2S iron-sulfur cluster binding domain,CL0486,Fer2
PF00112,20,1.0,core,Peptidase_C1,Papain family cysteine protease,CL0125,Peptidase_CA
PF00155,20,1.0,core,Aminotran_1_2,Aminotransferase class I and II,CL0061,PLP_aminotran
PF00179,20,1.0,core,UQ_con,Ubiquitin-conjugating enzyme,CL0208,UBC
PF00177,20,1.0,core,Ribosomal_S7,Ribosomal protein S7p/S5e,,
PF00176,20,1.0,core,SNF2-rel_dom,SNF2-related domain,CL0023,P-loop_NTPase
PF00175,20,1.0,core,NAD_binding_1,Oxidoreductase NAD-binding domain ,CL0091,NAD_Ferredoxin
PF00173,20,1.0,core,Cyt-b5,Cytochrome b5-like Heme/Steroid binding domain,,
PF00169,20,1.0,core,PH,PH domain,CL0266,PH
PF00168,20,1.0,core,C2,C2 domain,CL0154,C2
PF00166,20,1.0,core,Cpn10,Chaperonin 10 Kd subunit,CL0296,GroES
PF00164,20,1.0,core,Ribosom_S12_S23,Ribosomal protein S12/S23,CL0021,OB
PF00163,20,1.0,core,Ribosomal_S4,Ribosomal protein S4/S9 N-terminal domain,CL0492,S4
PF00160,20,1.0,core,Pro_isomerase,Cyclophilin type peptidyl-prolyl cis-trans isomerase/CLD,CL0475,Cyclophil-like
PF00156,20,1.0,core,Pribosyltran,Phosphoribosyl transferase domain,CL0533,PRTase-like
PF00153,20,1.0,core,Mito_carr,Mitochondrial carrier protein,,
PF00113,20,1.0,core,Enolase_C,"Enolase, C-terminal TIM barrel domain",CL0036,TIM_barrel
PF00152,20,1.0,core,tRNA-synt_2,"tRNA synthetases class II (D, K and N) ",CL0040,tRNA_synt_II
PF00149,20,1.0,core,Metallophos,Calcineurin-like phosphoesterase,CL0163,Calcineurin
PF00137,20,1.0,core,ATP-synt_C,ATP synthase subunit C,,
PF00136,20,1.0,core,DNA_pol_B,DNA polymerase family B,CL0194,DNA_pol_B-like
PF00134,20,1.0,core,Cyclin_N,"Cyclin, N-terminal domain",CL0065,Cyclin
PF00133,20,1.0,core,tRNA-synt_1,"tRNA synthetases class I (I, L, M and V)",CL0039,HUP
PF00125,20,1.0,core,Histone,Core histone H2A/H2B/H3/H4 domain,CL0012,Histone
PF00122,20,1.0,core,E1-E2_ATPase,P-type ATPase actuator domain,,
PF00121,20,1.0,core,TIM,Triosephosphate isomerase,CL0036,TIM_barrel
PF00118,20,1.0,core,Cpn60_TCP1,TCP-1/cpn60 chaperonin family,,
PF00117,20,1.0,core,GATase,Glutamine amidotransferase class-I,CL0014,Glutaminase_I
PF00116,20,1.0,core,COX2,"Cytochrome C oxidase subunit II, periplasmic domain",CL0026,CU_oxidase
PF00344,20,1.0,core,SecY,SecY,CL0376,Oxa1
PF00348,20,1.0,core,polyprenyl_synt,Polyprenyl synthetase,CL0613,Terp_synthase
PF00709,20,1.0,core,Adenylsucc_synt,Adenylosuccinate synthetase,CL0023,P-loop_NTPase
PF00633,20,1.0,core,HHH,Helix-hairpin-helix motif,CL0198,HHH
PF00630,20,1.0,core,Filamin,Filamin/ABP280 repeat,CL0159,E-set
PF00628,20,1.0,core,PHD,PHD-finger,CL0229,RING
PF00627,20,1.0,core,UBA,UBA/TS-N domain,CL0214,UBA
PF00626,20,1.0,core,Gelsolin,Gelsolin repeat,CL0092,ADF
PF00625,20,1.0,core,Guanylate_kin,Guanylate kinase,CL0023,P-loop_NTPase
PF00623,20,1.0,core,RNA_pol_Rpb1_2,"RNA polymerase Rpb1, domain 2",,
PF00622,20,1.0,core,SPRY,SPRY domain,CL0004,Concanavalin
PF00620,20,1.0,core,RhoGAP,RhoGAP domain,CL0409,GAP
PF00613,20,1.0,core,PI3Ka,"Phosphoinositide 3-kinase family, accessory domain (PIK domain)",CL0020,TPR
PF00612,20,1.0,core,IQ,IQ calmodulin-binding motif,CL0220,EF_hand
PF00609,20,1.0,core,DAGK_acc,Diacylglycerol kinase accessory domain,CL0701,NAD_kinase_C
PF00590,20,1.0,core,TP_methylase,Tetrapyrrole (Corrin/Porphyrin) Methylases,,
PF00588,20,1.0,core,SpoU_methylase,SpoU rRNA Methylase family,CL0098,SPOUT
PF00587,20,1.0,core,tRNA-synt_2b,"tRNA synthetase class II core domain (G, H, P, S and T)",CL0040,tRNA_synt_II
PF00586,20,1.0,core,AIRS,"AIR synthase related protein, N-terminal domain",CL0804,PurM_N-like
PF00583,20,1.0,core,Acetyltransf_1,Acetyltransferase (GNAT) family,CL0257,Acetyltrans
PF00581,20,1.0,core,Rhodanese,Rhodanese-like domain,CL0031,Phosphatase
PF00580,20,1.0,core,UvrD-helicase,UvrD/REP helicase N-terminal domain,CL0023,P-loop_NTPase
PF00579,20,1.0,core,tRNA-synt_1b,tRNA synthetases class I (W and Y),CL0039,HUP
PF00578,20,1.0,core,AhpC-TSA,AhpC/TSA family,CL0172,Thioredoxin
PF00575,20,1.0,core,S1,S1 RNA binding domain,CL0021,OB
PF00574,20,1.0,core,CLP_protease,Clp protease,CL0127,ClpP_crotonase
PF00573,20,1.0,core,Ribosomal_L4,Ribosomal protein L4/L1 family,,
PF00572,20,1.0,core,Ribosomal_L13,Ribosomal protein L13,,
PF00567,20,1.0,core,TUDOR,Tudor domain,CL0010,SH3
PF00566,20,1.0,core,RabGAP-TBC,Rab-GTPase-TBC domain,CL0816,TBC-like
PF00565,20,1.0,core,SNase,Staphylococcal nuclease homologue,CL0010,SH3
PF00632,20,1.0,core,HECT,HECT-domain (ubiquitin-transferase),CL0552,Hect
PF00635,20,1.0,core,Motile_Sperm,MSP (Major sperm protein) domain,CL0159,E-set
PF00349,20,1.0,core,Hexokinase_1,Hexokinase,CL0108,Actin_ATPase
PF00637,20,1.0,core,Clathrin,Region in Clathrin and VPS,CL0020,TPR
PF00708,20,1.0,core,Acylphosphatase,Acylphosphatase,CL0622,Acylphosphatase
PF00707,20,1.0,core,IF3_C,"Translation initiation factor IF-3, C-terminal domain",,
PF00705,20,1.0,core,PCNA_N,"Proliferating cell nuclear antigen, N-terminal domain",CL0060,DNA_clamp
PF00704,20,1.0,core,Glyco_hydro_18,Glycosyl hydrolases family 18,CL0036,TIM_barrel
PF00702,20,1.0,core,Hydrolase,haloacid dehalogenase-like hydrolase,CL0137,HAD
PF00698,20,1.0,core,Acyl_transf_1,Acyl transferase domain,CL0323,Patatin
PF00694,20,1.0,core,Aconitase_C,Aconitase C-terminal domain,CL0364,Leu-IlvD
PF00692,20,1.0,core,dUTPase,dUTPase,CL0153,dUTPase
PF00690,20,1.0,core,Cation_ATPase_N,"Cation transporter/ATPase, N-terminus",,
PF00689,20,1.0,core,Cation_ATPase_C,"Cation transporting ATPase, C-terminus",,
PF00687,20,1.0,core,Ribosomal_L1,Ribosomal protein L1p/L10e family,,
PF00684,20,1.0,core,DnaJ_CXXCXGXG,DnaJ central domain,CL0895,DnaJ_CRD
PF00679,20,1.0,core,EFG_C,Elongation factor G C-terminus,CL0437,EF-G_C
PF00676,20,1.0,core,E1_dh,Dehydrogenase E1 component,CL0254,THDP-binding
PF00675,20,1.0,core,Peptidase_M16,Insulinase (Peptidase family M16),CL0094,Peptidase_ME
PF00673,20,1.0,core,Ribosomal_L5_C,ribosomal L5P family C-terminus,,
PF00670,20,1.0,core,AdoHcyase_NAD,"S-adenosyl-L-homocysteine hydrolase, NAD binding domain",CL0063,NADP_Rossmann
PF00667,20,1.0,core,FAD_binding_1,FAD binding domain,CL0866,ALR_C-like
PF00664,20,1.0,core,ABC_membrane,ABC transporter transmembrane region,CL0241,ABC_membrane
PF00658,20,1.0,core,MLLE,MLLE domain,CL0828,PABC-like
PF00656,20,1.0,core,Peptidase_C14,Caspase domain,CL0093,Peptidase_CD
PF00650,20,1.0,core,CRAL_TRIO,CRAL/TRIO domain,CL0512,CRAL_TRIO
PF00648,20,1.0,core,Peptidase_C2,Calpain family cysteine protease,CL0125,Peptidase_CA
PF00647,20,1.0,core,EF1G,"Elongation factor 1 gamma, conserved domain",,
PF00643,20,1.0,core,zf-B_box,B-box zinc finger,CL0782,BBOX
PF00642,20,1.0,core,zf-CCCH,Zinc finger C-x8-C-x5-C-x3-H type (and similar),CL0537,CCCH_zf
PF00638,20,1.0,core,Ran_BP1,RanBP1 domain,CL0266,PH
PF00562,20,1.0,core,RNA_pol_Rpb2_6,"RNA polymerase Rpb2, domain 6",CL0410,LEF-8-like
PF00561,20,1.0,core,Abhydrolase_1,alpha/beta hydrolase fold,CL0028,AB_hydrolase
PF00557,20,1.0,core,Peptidase_M24,Metallopeptidase family M24,,
PF00551,20,1.0,core,Formyl_trans_N,Formyl transferase,,
PF00439,20,1.0,core,Bromodomain,Bromodomain,,
PF00438,20,1.0,core,S-AdoMet_synt_N,"S-adenosylmethionine synthetase, N-terminal domain",,
PF00436,20,1.0,core,SSB,Single-strand binding protein family,CL0021,OB
PF00432,20,1.0,core,Prenyltrans,Prenyltransferase alpha-alpha toroid domain,CL0059,6_Hairpin
PF00428,20,1.0,core,Ribosomal_60s,60s Acidic ribosomal protein,,
PF00416,20,1.0,core,Ribosomal_S13,Ribosomal protein S13/S18,CL0303,H2TH
PF00415,20,1.0,core,RCC1,Regulator of chromosome condensation (RCC1) repeat,CL0186,Beta_propeller
PF00411,20,1.0,core,Ribosomal_S11,Ribosomal protein S11,CL0267,S11_L18p
PF00410,20,1.0,core,Ribosomal_S8,Ribosomal protein S8,,
PF00406,20,1.0,core,ADK,Adenylate kinase,CL0023,P-loop_NTPase
PF00400,20,1.0,core,WD40,"WD domain, G-beta repeat",CL0186,Beta_propeller
PF00398,20,1.0,core,RrnaAD,Ribosomal RNA adenine dimethylase,CL0063,NADP_Rossmann
PF00397,20,1.0,core,WW,WW domain,CL0680,WW
PF00393,20,1.0,core,6PGD,"6-phosphogluconate dehydrogenase, C-terminal domain",CL0106,6PGD_C
PF00388,20,1.0,core,PI-PLC-X,"Phosphatidylinositol-specific phospholipase C, X domain",CL0036,TIM_barrel
PF00387,20,1.0,core,PI-PLC-Y,"Phosphatidylinositol-specific phospholipase C, Y domain",CL0036,TIM_barrel
PF00385,20,1.0,core,Chromo,Chromo (CHRromatin Organisation MOdifier) domain,CL0010,SH3
PF00382,20,1.0,core,TFIIB,Transcription factor TFIIB repeat,CL0065,Cyclin
PF00380,20,1.0,core,Ribosomal_S9,Ribosomal protein S9/S16,CL0329,S5
PF00378,20,1.0,core,ECH_1,Enoyl-CoA hydratase/isomerase,CL0127,ClpP_crotonase
PF00370,20,1.0,core,FGGY_N,"FGGY family of carbohydrate kinases, N-terminal domain",CL0108,Actin_ATPase
PF00366,20,1.0,core,Ribosomal_S17,Ribosomal protein S17,CL0021,OB
PF00365,20,1.0,core,PFK,Phosphofructokinase,CL0240,PFK
PF00364,20,1.0,core,Biotin_lipoyl,Biotin-requiring enzyme,CL0105,Hybrid
PF00355,20,1.0,core,Rieske,Rieske [2Fe-2S] domain,CL0516,ISP-domain
PF00352,20,1.0,core,TBP,"Transcription factor TFIID (or TATA-binding protein, TBP)",CL0407,TBP-like
PF00350,20,1.0,core,Dynamin_N,Dynamin family,CL0023,P-loop_NTPase
PF00443,20,1.0,core,UCH,Ubiquitin carboxyl-terminal hydrolase,CL0125,Peptidase_CA
PF00448,20,1.0,core,SRP54,"SRP54-type protein, GTPase domain",CL0023,P-loop_NTPase
PF00454,20,1.0,core,PI3_PI4_kinase,Phosphatidylinositol 3- and 4-kinase,CL0016,PKinase
PF00498,20,1.0,core,FHA,FHA domain,CL0357,SMAD-FHA
PF00550,20,1.0,core,PP-binding,Phosphopantetheine attachment site,CL0314,PP-binding
PF00549,20,1.0,core,Ligase_CoA,CoA-ligase,CL0506,Succ_CoA_synth
PF00542,20,1.0,core,Ribosomal_L12,Ribosomal protein L7/L12 C-terminal domain,,
PF00535,20,1.0,core,Glycos_transf_2,Glycosyl transferase family 2,CL0110,GT-A
PF00534,20,1.0,core,Glycos_transf_1,Glycosyl transferases group 1,CL0113,GT-B
PF00533,20,1.0,core,BRCT,BRCA1 C Terminus (BRCT) domain,CL0459,BRCT-like
PF00530,20,1.0,core,SRCR,Scavenger receptor cysteine-rich domain,CL0550,SRCR
PF00521,20,1.0,core,DNA_topoisoIV,"DNA gyrase/topoisomerase IV, subunit A",,
PF00515,20,1.0,core,TPR_1,Tetratricopeptide repeat,CL0020,TPR
PF00514,20,1.0,core,Arm,Armadillo/beta-catenin-like repeat,CL0020,TPR
PF00505,20,1.0,core,HMG_box,HMG (high mobility group) box,CL0114,HMG-box
PF00501,20,1.0,core,AMP-binding,AMP-binding enzyme,CL0378,ANL
PF00493,20,1.0,core,MCM,MCM P-loop domain,CL0023,P-loop_NTPase
PF00456,20,1.0,core,Transketolase_N,"Transketolase, thiamine diphosphate binding domain",CL0254,THDP-binding
PF00491,20,1.0,core,Arginase,Arginase family,CL0302,Arginase
PF00488,20,1.0,core,MutS_V,MutS domain V,CL0023,P-loop_NTPase
PF00483,20,1.0,core,NTP_transferase,Nucleotidyl transferase,CL0110,GT-A
PF00481,20,1.0,core,PP2C,Protein phosphatase 2C,CL0238,PP2C
PF00479,20,1.0,core,G6PD_N,"Glucose-6-phosphate dehydrogenase, NAD binding domain",CL0063,NADP_Rossmann
PF00478,20,1.0,core,IMPDH,IMP dehydrogenase / GMP reductase domain,CL0036,TIM_barrel
PF00476,20,1.0,core,DNA_pol_A,DNA polymerase family A,,
PF00472,20,1.0,core,RF-1,RF-1 domain,CL0337,RF
PF00467,20,1.0,core,KOW,KOW motif,CL0010,SH3
PF00466,20,1.0,core,Ribosomal_L10,Ribosomal protein L10,,
PF00464,20,1.0,core,SHMT,Serine hydroxymethyltransferase,CL0061,PLP_aminotran
PF00462,20,1.0,core,Glutaredoxin,Glutaredoxin,CL0172,Thioredoxin
PF01795,20,1.0,core,Methyltransf_5,MraW methylase family,CL0063,NADP_Rossmann
PF01182,20,1.0,core,Glucosamine_iso,Glucosamine-6-phosphate isomerases/6-phosphogluconolactonase,CL0063,NADP_Rossmann
PF02516,20,1.0,core,STT3,"Oligosaccharyl transferase STT3, N-terminal",CL0111,GT-C
PF02628,20,1.0,core,COX15-CtaA,Cytochrome oxidase assembly protein,CL0328,2heme_cytochrom
PF02598,20,1.0,core,Methyltrn_RNA_3,Putative RNA methyltransferase,CL0098,SPOUT
PF02594,20,1.0,core,PF1765-like,PF1765 protein family,,
PF02582,20,1.0,core,DUF155,"RMND1/Sif2-Sif3/Mrx10, DUF155",,
PF02580,20,1.0,core,Tyr_Deacylase,D-Tyr-tRNA(Tyr) deacylase,,
PF02574,20,1.0,core,S-methyl_trans,Homocysteine S-methyltransferase,CL0036,TIM_barrel
PF02545,20,1.0,core,Maf,Maf-like protein,CL0269,Maf
PF02544,20,1.0,core,Steroid_dh,3-oxo-5-alpha-steroid 4-dehydrogenase ,CL0115,Steroid_dh
PF02540,20,1.0,core,NAD_synthase,NAD synthase,CL0039,HUP
PF02536,20,1.0,core,mTERF,mTERF,,
PF02535,20,1.0,core,Zip,ZIP Zinc transporter,CL0184,DMT
PF02518,20,1.0,core,HATPase_c,"Histidine kinase-, DNA gyrase B-, and HSP90-like ATPase",CL0025,His_Kinase_A
PF02493,20,1.0,core,MORN,MORN repeat,CL0251,MORN
PF02492,20,1.0,core,cobW,"CobW/HypB/UreG, nucleotide-binding domain",CL0023,P-loop_NTPase
PF02475,20,1.0,core,TRM5-TYW2_MTfase,TRM5/TYW2 methyltransferase domain,CL0063,NADP_Rossmann
PF02469,20,1.0,core,Fasciclin,Fasciclin domain,,
PF02466,20,1.0,core,Tim17,Tim17/Tim22/Tim23/Pmp24 family,CL0990,Tim22-like
PF02463,20,1.0,core,SMC_N,RecF/RecN/SMC N terminal domain,CL0023,P-loop_NTPase
PF02617,20,1.0,core,ClpS,ATP-dependent Clp protease adaptor protein ClpS,,
PF02629,20,1.0,core,CoA_binding,CoA binding domain,CL0063,NADP_Rossmann
PF02441,20,1.0,core,Flavoprotein,Flavoprotein,,
PF02630,20,1.0,core,SCO1-SenC,SCO1/SenC,CL0172,Thioredoxin
PF02782,20,1.0,core,FGGY_C,"FGGY family of carbohydrate kinases, C-terminal domain",CL0108,Actin_ATPase
PF02781,20,1.0,core,G6PD_C,"Glucose-6-phosphate dehydrogenase, C-terminal domain",CL0139,GADPH_aa-bio_dh
PF02780,20,1.0,core,Transketolase_C,"Transketolase, C-terminal domain",CL0591,TKC_like
PF02779,20,1.0,core,Transket_pyr,"Transketolase, pyrimidine binding domain",CL0254,THDP-binding
PF02777,20,1.0,core,Sod_Fe_C,"Iron/manganese superoxide dismutases, C-terminal domain",,
PF02775,20,1.0,core,TPP_enzyme_C,"Thiamine pyrophosphate enzyme, C-terminal TPP binding domain",CL0254,THDP-binding
PF02773,20,1.0,core,S-AdoMet_synt_C,"S-adenosylmethionine synthetase, C-terminal domain",,
PF02772,20,1.0,core,S-AdoMet_synt_M,"S-adenosylmethionine synthetase, central domain",,
PF02747,20,1.0,core,PCNA_C,"Proliferating cell nuclear antigen, C-terminal domain",CL0060,DNA_clamp
PF02739,20,1.0,core,5_3_exonuc_N,"5'-3' exonuclease, N-terminal resolvase-like domain",CL0280,PIN
PF02732,20,1.0,core,ERCC4,ERCC4 domain,CL0236,PDDEXK
PF02731,20,1.0,core,SKIP_SNW,SKIP/SNW domain,,
PF02729,20,1.0,core,OTCace_N,"Aspartate/ornithine carbamoyltransferase, carbamoyl-P binding domain",,
PF02714,20,1.0,core,RSN1_7TM,"Calcium-dependent channel, 7TM region, putative phosphate",CL0416,Anoctamin-like
PF02670,20,1.0,core,DXP_reductoisom,1-deoxy-D-xylulose 5-phosphate reductoisomerase,CL0063,NADP_Rossmann
PF02666,20,1.0,core,PS_Dcarbxylase,Phosphatidylserine decarboxylase,CL0105,Hybrid
PF02657,20,1.0,core,SufE,Fe-S metabolism associated domain,CL0233,SufE_NifU
PF02450,20,1.0,core,LCAT,Lecithin:cholesterol acyltransferase,CL0028,AB_hydrolase
PF02430,20,1.0,core,AMA-1,Apical membrane antigen 1,CL0168,PAN
PF02785,20,1.0,core,Biotin_carb_C,Biotin carboxylase C-terminal domain,CL0105,Hybrid
PF02201,20,1.0,core,SWIB,SWIB/MDM2 domain,CL0906,SWIB
PF02181,20,1.0,core,FH2,Formin Homology 2 Domain,,
PF02167,20,1.0,core,Cytochrom_C1,Cytochrome C1 family,CL0318,Cytochrome-c
PF02148,20,1.0,core,zf-UBP,Zn-finger in ubiquitin-hydrolases and other protein,CL0229,RING
PF02146,20,1.0,core,SIR2,Sir2 family,CL0063,NADP_Rossmann
PF02138,20,1.0,core,Beach,Beige/BEACH domain,,
PF02136,20,1.0,core,NTF2,Nuclear transport factor 2 (NTF2) domain,CL0051,NTF2
PF02127,20,1.0,core,Peptidase_M18,Aminopeptidase I zinc metalloprotease (M18),CL0865,ZnExoPePases
PF02121,20,1.0,core,IP_trans,Phosphatidylinositol transfer protein,CL0209,Bet_v_1_like
PF02114,20,1.0,core,Phosducin,Phosducin,CL0172,Thioredoxin
PF02104,20,1.0,core,SURF1,SURF1 family,,
PF02099,20,1.0,core,Josephin,Josephin,CL0125,Peptidase_CA
PF02096,20,1.0,core,60KD_IMP,60Kd inner membrane protein,CL0376,Oxa1
PF02033,20,1.0,core,RBFA,Ribosome-binding factor A,CL0494,DnaA_N
PF02005,20,1.0,core,TRM,"N2,N2-dimethylguanosine tRNA methyltransferase",CL0063,NADP_Rossmann
PF02002,20,1.0,core,TFIIE_alpha,TFIIE alpha subunit,CL0123,HTH
PF01992,20,1.0,core,vATP-synt_AC39,ATP synthase (C/AC39) subunit,,
PF01991,20,1.0,core,vATP-synt_E,ATP synthase (E/31 kDa) subunit,CL0255,ATP_synthase
PF02190,20,1.0,core,LON_substr_bdg,ATP-dependent protease La (LON) substrate-binding domain ,CL0178,PUA
PF02204,20,1.0,core,VPS9,Vacuolar sorting protein 9 (VPS9) domain,CL0785,VPS9
PF02403,20,1.0,core,Seryl_tRNA_N,Seryl-tRNA synthetase N-terminal domain,CL0298,tRNA_bind_arm
PF02212,20,1.0,core,GED,Dynamin GTPase effector domain,,
PF02401,20,1.0,core,LYTB,LytB protein,,
PF02390,20,1.0,core,Methyltransf_4,Putative methyltransferase ,CL0063,NADP_Rossmann
PF02383,20,1.0,core,Syja_N,SacI homology domain,CL0031,Phosphatase
PF02374,20,1.0,core,ArsA_ATPase,Anion-transporting ATPase,CL0023,P-loop_NTPase
PF02359,20,1.0,core,CDC48_N,"Cell division protein 48 (CDC48), N-terminal domain",CL0199,DPBB
PF02338,20,1.0,core,OTU,OTU-like cysteine protease,CL0125,Peptidase_CA
PF02330,20,1.0,core,MAM33,Mitochondrial glycoprotein,,
PF02301,20,1.0,core,HORMA,HORMA domain,CL0651,Mad2
PF02297,20,1.0,core,COX6B,Cytochrome oxidase c subunit VIb,CL0351,CHCH
PF02290,20,1.0,core,SRP14,Signal recognition particle 14kD protein,CL0623,SRP9_14
PF02271,20,1.0,core,UCR_14kD,Ubiquinol-cytochrome C reductase complex 14kD subunit,,
PF02265,20,1.0,core,S1-P1_nuclease,S1/P1 Nuclease,CL0368,PhosC-NucP1
PF02252,20,1.0,core,PA28_C,"Proteasome activator PA28, C-terminal",,
PF02245,20,1.0,core,Pur_DNA_glyco,Methylpurine-DNA glycosylase (MPG),,
PF02233,20,1.0,core,PNTB,NAD(P) transhydrogenase beta subunit,CL0063,NADP_Rossmann
PF02214,20,1.0,core,BTB_2,BTB/POZ domain,CL0033,POZ
PF02213,20,1.0,core,GYF,GYF domain,CL0673,GYF
PF02784,20,1.0,core,Orn_Arg_deC_N,"Pyridoxal-dependent decarboxylase, pyridoxal binding domain",CL0036,TIM_barrel
PF02786,20,1.0,core,CPSase_L_D2,"Carbamoyl-phosphate synthase L chain, ATP binding domain",CL0179,ATP-grasp
PF01988,20,1.0,core,VIT1,VIT family,,
PF03194,20,1.0,core,LUC7,LUC7 N_terminus,,
PF03178,20,1.0,core,CPSF_A,CPSF A subunit region,CL0186,Beta_propeller
PF03167,20,1.0,core,UDG,Uracil DNA glycosylase superfamily,CL0771,UDG-like
PF03159,20,1.0,core,XRN_N,XRN 5'-3' exonuclease N-terminus,CL0280,PIN
PF03152,20,1.0,core,UFD1_N1,"Ubiquitin fusion degradation protein UFD1, N-terminal subdomain 1",CL0199,DPBB
PF03151,20,1.0,core,TPT,Triose-phosphate Transporter family,CL0184,DMT
PF03147,20,1.0,core,FDX-ACB,Ferredoxin-fold anticodon binding domain,,
PF03144,20,1.0,core,GTP_EFTU_D2,Elongation factor Tu domain 2,CL0866,ALR_C-like
PF03143,20,1.0,core,GTP_EFTU_D3,Elongation factor Tu C-terminal domain,CL0740,GCV_T_C
PF03134,20,1.0,core,TB2_DP1_HVA22,"TB2/DP1, HVA22 family",,
PF03133,20,1.0,core,TTL,Tubulin-tyrosine ligase family,CL0179,ATP-grasp
PF03129,20,1.0,core,HGTP_anticodon,Anticodon binding domain,CL0458,IIaaRS-ABD
PF03124,20,1.0,core,EXS,EXS family,CL0182,IT
PF03109,20,1.0,core,ABC1,ABC1 atypical kinase-like domain,CL0016,PKinase
PF03104,20,1.0,core,DNA_pol_B_exo1,"DNA polymerase family B, exonuclease domain",CL0219,RNase_H
PF03097,20,1.0,core,BRO1,BRO1-like domain,CL0020,TPR
PF03095,20,1.0,core,PTPA,Phosphotyrosyl phosphate activator (PTPA) protein,,
PF03092,20,1.0,core,BT1,BT1 family,CL0015,MFS
PF03179,20,1.0,core,V-ATPase_G,Vacuolar (H+)-ATPase G subunit,CL0255,ATP_synthase
PF03199,20,1.0,core,GSH_synthase,Eukaryotic glutathione synthase,CL0063,NADP_Rossmann
PF03062,20,1.0,core,MBOAT,"MBOAT, membrane-bound O-acyltransferase family",CL0517,MBOAT-like
PF03223,20,1.0,core,V-ATPase_C,V-ATPase subunit C,,
PF03463,20,1.0,core,eRF1_1,eRF1 domain 1,CL0267,S11_L18p
PF03462,20,1.0,core,PCRF,PCRF domain,,
PF03439,20,1.0,core,Spt5-NGN,"Early transcription elongation factor of RNA pol II, NGN section",CL0439,NusG-like
PF03416,20,1.0,core,Peptidase_C54,Peptidase C54 catalytic domain,CL0125,Peptidase_CA
PF03381,20,1.0,core,CDC50,LEM3 (ligand-effect modulator 3) family / CDC50 family,,
PF03378,20,1.0,core,CAS_CSE1,"CAS/CSE protein, C-terminus",CL0020,TPR
PF03372,20,1.0,core,Exo_endo_phos,Endonuclease/Exonuclease/phosphatase family,CL0530,DNase_I-like
PF03371,20,1.0,core,PRP38,PRP38 family,,
PF03367,20,1.0,core,Zn_ribbon_ZPR1,ZPR1 zinc-finger domain,CL0167,Zn_Beta_Ribbon
PF03366,20,1.0,core,YEATS,YEATS family,CL0154,C2
PF03357,20,1.0,core,Snf7,Snf7,CL0235,PspA
PF03345,20,1.0,core,OST48_N,"OST48, N-terminal domain",CL0014,Glutaminase_I
PF03343,20,1.0,core,SART-1,SART-1 family,,
PF03259,20,1.0,core,Robl_LC7,Roadblock/LC7 domain,CL0431,PF
PF03256,20,1.0,core,ANAPC10,"Anaphase-promoting complex, subunit 10 (APC10)",CL0202,GBD
PF03248,20,1.0,core,Rer1,Rer1 family,,
PF03226,20,1.0,core,Yippee-Mis18,"Yippee zinc-binding/DNA-binding /Mis18, centromere assembly",CL0080,Beta-tent
PF03074,20,1.0,core,GCS,Glutamate-cysteine ligase,CL0286,GCS
PF03031,20,1.0,core,NIF,NLI interacting factor-like phosphatase,CL0137,HAD
PF02787,20,1.0,core,CPSase_L_D3,"Carbamoyl-phosphate synthetase large chain, oligomerisation domain",CL0123,HTH
PF02881,20,1.0,core,SRP54_N,"SRP54-type protein, helical bundle domain",,
PF02879,20,1.0,core,PGM_PMM_II,"Phosphoglucomutase/phosphomannomutase, alpha/beta/alpha domain II",CL0754,PGM_I-III
PF02878,20,1.0,core,PGM_PMM_I,"Phosphoglucomutase/phosphomannomutase, alpha/beta/alpha domain I",CL0754,PGM_I-III
PF02874,20,1.0,core,ATP-synt_ab_N,"ATP synthase alpha/beta family, beta-barrel domain",CL0866,ALR_C-like
PF02867,20,1.0,core,Ribonuc_red_lgC,"Ribonucleotide reductase, barrel domain",CL0339,PFL-like
PF02866,20,1.0,core,Ldh_1_C,"lactate/malate dehydrogenase, alpha/beta C-terminal domain",CL0341,LDH_C
PF02862,20,1.0,core,DDHD,DDHD domain,,
PF02861,20,1.0,core,Clp_N,Clp repeat (R) N-terminal domain,,
PF02852,20,1.0,core,Pyr_redox_dim,"Pyridine nucleotide-disulphide oxidoreductase, dimerisation domain",CL0608,Reductase_C
PF02847,20,1.0,core,MA3,MA3 domain,CL0020,TPR
PF02840,20,1.0,core,Prp18,Prp18 domain,,
PF02824,20,1.0,core,TGS,TGS domain,CL0072,Ubiquitin
PF02812,20,1.0,core,ELFV_dehydrog_N,"Glu/Leu/Phe/Val dehydrogenase, dimerisation domain",CL0603,AA_dh_N
PF02810,20,1.0,core,SEC-C,SEC-C motif,CL0821,C4-like
PF02803,20,1.0,core,Thiolase_C,"Thiolase, C-terminal domain",CL0046,Thiolase
PF02801,20,1.0,core,Ketoacyl-synt_C,"Beta-ketoacyl synthase, C-terminal domain",CL0046,Thiolase
PF02798,20,1.0,core,GST_N,"Glutathione S-transferase, N-terminal domain",CL0172,Thioredoxin
PF02792,20,1.0,core,Mago_nashi,Mago nashi protein,,
PF02880,20,1.0,core,PGM_PMM_III,"Phosphoglucomutase/phosphomannomutase, alpha/beta/alpha domain III",CL0754,PGM_I-III
PF02883,20,1.0,core,Alpha_adaptinC2,Adaptin C-terminal domain,CL0159,E-set
PF03030,20,1.0,core,H_PPase,Inorganic H+ pyrophosphatase,,
PF02887,20,1.0,core,PK_C,"Pyruvate kinase, alpha/beta domain",CL0947,PK_C
PF03029,20,1.0,core,ATP_bind_1,Conserved hypothetical ATP binding protein,CL0023,P-loop_NTPase
PF03028,20,1.0,core,Dynein_heavy,Dynein heavy chain region D6 P-loop domain ,CL0023,P-loop_NTPase
PF03009,20,1.0,core,GDPD,Glycerophosphoryl diester phosphodiesterase family,CL0036,TIM_barrel
PF02996,20,1.0,core,Prefoldin,Prefoldin subunit,CL0200,Prefoldin
PF02978,20,1.0,core,SRP_SPB,Signal peptide binding domain,CL0123,HTH
PF02970,20,1.0,core,TBCA,Tubulin binding cofactor A,CL0743,Spectrin
PF02966,20,1.0,core,DIM1,Mitosis protein DIM1,CL0172,Thioredoxin
PF02953,20,1.0,core,zf-Tim10_DDP,Tim10/DDP family zinc finger,,
PF02934,20,1.0,core,GatB_N,GatB/GatE catalytic domain,CL0286,GCS
PF02933,20,1.0,core,CDC48_2,"Cell division protein 48 (CDC48), domain 2",CL0402,Cdc48_2-like
PF02919,20,1.0,core,Topoisom_I_N,"Eukaryotic DNA topoisomerase I, DNA binding fragment",,
PF02911,20,1.0,core,Formyl_trans_C,"Formyl transferase, C-terminal domain",,
PF02910,20,1.0,core,Succ_DH_flav_C,Fumarate reductase flavoprotein C-term,,
PF02902,20,1.0,core,Peptidase_C48,"Ulp1 protease family, C-terminal catalytic domain",CL0125,Peptidase_CA
PF02893,20,1.0,core,GRAM,GRAM domain,CL0266,PH
PF02891,20,1.0,core,zf-MIZ,MIZ/SP-RING zinc finger,CL0229,RING
PF02889,20,1.0,core,Sec63,Sec63 Brl domain,,
PF01990,20,1.0,core,ATP-synt_F,ATP synthase (F/14-kDa) subunit,,
PF28441,20,1.0,core,RRM_11,RRM domain,CL0221,RRM
PF01813,20,1.0,core,ATP-synt_D,ATP synthase subunit D ,,
PF01883,20,1.0,core,FeS_assembly_P,Iron-sulfur cluster assembly protein,CL0232,NifU
PF01937,20,1.0,core,ARMT1-like_dom,Damage-control phosphatase ARMT1-like domain,,
PF01981,20,1.0,core,PTH2,Peptidyl-tRNA hydrolase PTH2,CL0305,PTH2
PF01805,20,1.0,core,Surp,Surp module,,
PF01871,20,1.0,core,AMMECR1,AMMECR1,,
PF01922,20,1.0,core,SRP19,SRP19 protein,CL0123,HTH
PF01851,20,1.0,core,PC_rep,Proteasome/cyclosome repeat,CL0020,TPR
PF01984,20,1.0,core,dsDNA_bind,Double-stranded DNA-binding domain,,
PF01929,20,1.0,core,Ribosomal_L14e,Ribosomal protein L14,CL0010,SH3
PF01846,20,1.0,core,FF,FF domain,CL0584,FF
PF01875,20,1.0,core,Memo,Memo-like protein,CL0283,LigB
PF01868,20,1.0,core,RNase_P-MRP_p29,"Ribonuclease P/MRP, subunit p29",CL0986,Sm-like
PF01849,20,1.0,core,NAC,NAC domain,,
PF01926,20,1.0,core,MMR_HSR1,50S ribosome-binding GTPase,CL0023,P-loop_NTPase
PF01812,20,1.0,core,5-FTHF_cyc-lig,5-formyltetrahydrofolate cyclo-ligase family,CL0063,NADP_Rossmann
PF01873,20,1.0,core,eIF-5_eIF-2B,Domain found in IF2B/IF5,CL0123,HTH
PF01966,20,1.0,core,HD,HD domain,CL0237,HD_PDEase
PF01956,20,1.0,core,EMC3_TMCO1,Integral membrane protein EMC3/TMCO1-like,CL0376,Oxa1
PF01853,20,1.0,core,MOZ_SAS,MOZ/SAS family,CL0257,Acetyltrans
PF01920,20,1.0,core,Prefoldin_2,Prefoldin subunit,CL0200,Prefoldin
PF01912,20,1.0,core,eIF-6,eIF-6 family,CL0197,GME
PF01823,20,1.0,core,MACPF,MAC/Perforin domain,CL0293,CDC
PF01916,20,1.0,core,DS,Deoxyhypusine synthase,CL0063,NADP_Rossmann
PF01965,20,1.0,core,DJ-1_PfpI,DJ-1/PfpI family,CL0014,Glutaminase_I
PF01951,20,1.0,core,Archease,Archease protein family (MTH1598/TM1083),CL0319,SHS2
PF01866,20,1.0,core,Diphthamide_syn,Putative diphthamide synthesis protein,,
PF01918,20,1.0,core,Alba,Alba,CL0441,AlbA
PF01876,20,1.0,core,RNase_P_p30,RNase P subunit p30,CL0036,TIM_barrel
PF22808,19,0.95,soft_core,RhopH3_C,RhopH3 C-terminal domain,,
PF03091,19,0.95,soft_core,CutA1,CutA1 divalent ion tolerance protein,CL0089,GlnB-like
PF00218,19,0.95,soft_core,IGPS,Indole-3-glycerol phosphate synthase,CL0036,TIM_barrel
PF13234,19,0.95,soft_core,MTR4_beta-barrel,"Mtr4-like, beta-barrel domain",CL0010,SH3
PF04495,19,0.95,soft_core,GRASP55_65,GRASP55/65 PDZ-like domain ,CL0466,PDZ-like
PF00935,19,0.95,soft_core,Ribosomal_L44,Ribosomal protein L44,CL0167,Zn_Beta_Ribbon
PF06859,19,0.95,soft_core,Bin3,Bicoid-interacting protein 3 (Bin3),CL0063,NADP_Rossmann
PF03951,19,0.95,soft_core,Gln-synt_N,"Glutamine synthetase, beta-Grasp domain",CL1002,GS_N
PF03099,19,0.95,soft_core,BPL_LplA_LipB,Biotin/lipoate A/B protein ligase family,CL0040,tRNA_synt_II
PF13339,19,0.95,soft_core,AATF-Che1,Apoptosis antagonizing transcription factor,,
PF03083,19,0.95,soft_core,MtN3_slv,Sugar efflux transporter for intercellular exchange,CL0141,MtN3-like
PF03006,19,0.95,soft_core,HlyIII,Haemolysin-III related,CL0192,GPCR_A
PF00830,19,0.95,soft_core,Ribosomal_L28,Ribosomal L28 family,,
PF00831,19,0.95,soft_core,Ribosomal_L29,Ribosomal L29 protein,CL0346,Ribo_L29
PF22062,19,0.95,soft_core,OB_DPOA2,"DNA polymerase alpha subunit B, OB domain",CL0021,OB
PF22241,19,0.95,soft_core,PSMD12-CSN4_N,"PSMD12/CSN4, N-terminal",CL0020,TPR
PF05158,19,0.95,soft_core,RNA_pol_Rpc34,RNA polymerase Rpc34 subunit,CL0123,HTH
PF02410,19,0.95,soft_core,RsfS,Ribosomal silencing factor during starvation,CL0260,NTP_transf
PF08660,19,0.95,soft_core,Alg14,Oligosaccharide biosynthesis protein Alg14 like,CL0113,GT-B
PF00875,19,0.95,soft_core,DNA_photolyase,DNA photolyase,CL0039,HUP
PF03034,19,0.95,soft_core,PSS,Phosphatidyl serine synthase,,
PF03054,19,0.95,soft_core,tRNA_Me_trans,tRNA methyl transferase HUP domain,CL0039,HUP
PF03998,19,0.95,soft_core,Utp11,Utp11 protein,,
PF00887,19,0.95,soft_core,ACBP,Acyl CoA binding protein,CL0632,FERM_M
PF06862,19,0.95,soft_core,Utp25_C,"Utp25, C-terminal domain",,
PF05191,19,0.95,soft_core,ADK_lid,"Adenylate kinase, active site lid",CL0167,Zn_Beta_Ribbon
PF13177,19,0.95,soft_core,DNA_pol3_delta2,"DNA polymerase III, delta subunit",CL0023,P-loop_NTPase
PF13365,19,0.95,soft_core,Trypsin_2,Trypsin-like peptidase domain,CL0124,Peptidase_PA
PF00209,19,0.95,soft_core,SNF,Sodium:neurotransmitter symporter family,CL0062,APC
PF12907,19,0.95,soft_core,zf-met2,Zinc-binding,CL0361,C2H2-zf
PF00953,19,0.95,soft_core,Glycos_transf_4,Glycosyl transferase family 4,,
PF05254,19,0.95,soft_core,UPF0203,Uncharacterised protein family (UPF0203),,
PF12537,19,0.95,soft_core,GPHR_N,The Golgi pH Regulator (GPHR) Family N-terminal,,
PF06842,19,0.95,soft_core,DUF1242,Protein of unknown function (DUF1242),,
PF23519,19,0.95,soft_core,Microp_apicomplexa_10,Apicomplexa microprotein,,
PF02263,19,0.95,soft_core,GBP,"Guanylate-binding protein, N-terminal domain",CL0023,P-loop_NTPase
PF12420,19,0.95,soft_core,DUF3671,"Fam-L, Fam-M like protein",,
PF23531,19,0.95,soft_core,Microp_apicomplexa_17,Apicomplexa microprotein,,
PF23533,19,0.95,soft_core,Microp_apicomplexa_19,Apicomplexa microprotein,,
PF08071,19,0.95,soft_core,RS4NT,RS4NT (NUC023) domain,,
PF12340,19,0.95,soft_core,DUF3638,Protein of unknown function (DUF3638),,
PF23579,19,0.95,soft_core,ARM_TBCD,"Tubulin-specific chaperone D-like, ARM repeat",CL0020,TPR
PF00162,19,0.95,soft_core,PGK,Phosphoglycerate kinase,,
PF08059,19,0.95,soft_core,SEP,SEP domain,,
PF12295,19,0.95,soft_core,Symplekin_C,Symplekin tight junction protein C terminal,,
PF24105,19,0.95,soft_core,Beta-prop_CAF1B_HIR1,CAF1B/HIR1 beta-propeller domain,CL0186,Beta_propeller
PF12247,19,0.95,soft_core,MKT1_N,Temperature dependent protein affecting M2 dsRNA replication,,
PF12237,19,0.95,soft_core,PCIF1_WW,Phosphorylated CTD interacting factor 1 WW domain,,
PF00145,19,0.95,soft_core,DNA_methylase,C-5 cytosine-specific DNA methylase,CL0063,NADP_Rossmann
PF12554,19,0.95,soft_core,MOZART1,Mitotic-spindle organizing gamma-tubulin ring associated,,
PF01086,19,0.95,soft_core,Clathrin_lg_ch,Clathrin light chain,,
PF12589,19,0.95,soft_core,WBS_methylT,Methyltransferase involved in Williams-Beuren syndrome,,
PF08145,19,0.95,soft_core,BOP1NT,BOP1NT (NUC169) domain,,
PF01722,19,0.95,soft_core,BolA,BolA-like protein,,
PF02325,19,0.95,soft_core,CCB3_YggT,CCB3/YggT,,
PF22958,19,0.95,soft_core,Ltn1_1st,"E3 ubiquitin-protein ligase listerin, N-terminal domain",CL0020,TPR
PF23025,19,0.95,soft_core,YbjQ_2,"C2 domain-containing protein 5, YbjQ-like domain",CL0522,YbjQ-like
PF05127,19,0.95,soft_core,NAT10_TcmA_helicase,"RNA cytidine acetyltransferase NAT10/TcmA, helicase domain",CL0023,P-loop_NTPase
PF05362,19,0.95,soft_core,Lon_C,Lon protease (S16) C-terminal proteolytic domain,CL0329,S5
PF00999,19,0.95,soft_core,Na_H_Exchanger,"Sodium/hydrogen exchanger, transmembrane",CL0064,CPA_AT
PF03908,19,0.95,soft_core,Sec20,Sec20,CL0445,SNARE-fusion
PF05608,19,0.95,soft_core,RTE1,RTE1-like,CL0125,Peptidase_CA
PF03901,19,0.95,soft_core,Glyco_transf_22,Alg9-like mannosyltransferase family,CL0111,GT-C
PF01020,19,0.95,soft_core,Ribosomal_L40e,Ribosomal L40e family,CL0167,Zn_Beta_Ribbon
PF01026,19,0.95,soft_core,TatD_DNase,TatD related DNase,CL0036,TIM_barrel
PF23264,19,0.95,soft_core,DUF7073,Domain of unknown function (DUF7073),,
PF01061,19,0.95,soft_core,ABC2_membrane,ABC-2 type transporter,CL0181,ABC-2
PF03878,19,0.95,soft_core,YIF1,YIF1,CL0112,Yip1
PF23511,19,0.95,soft_core,ISD11,ISD11 family,CL0491,LYR-like
PF05131,19,0.95,soft_core,Pep3_Vps18,Pep3/Vps18/deep orange beta-propeller domain,CL0186,Beta_propeller
PF05063,19,0.95,soft_core,MT-A70,MT-A70 ,CL0063,NADP_Rossmann
PF02991,19,0.95,soft_core,ATG8,Autophagy protein Atg8 ubiquitin like,CL0072,Ubiquitin
PF04652,19,0.95,soft_core,Vta1,Vta1 like,,
PF01896,19,0.95,soft_core,DNA_primase_S,DNA primase small subunit,CL0243,AEP
PF18307,19,0.95,soft_core,Tfb2_C,Transcription factor Tfb2 (p52) C-terminal domain,,
PF04676,19,0.95,soft_core,CwfJ_C_2,Protein similar to CwfJ C-terminus 2,,
PF02769,19,0.95,soft_core,AIRS_C,"AIR synthase related protein, C-terminal domain",,
PF16213,19,0.95,soft_core,DCB,"Mon2/Sec7/BIG1-like, dimerisation and cyclophilin-binding domain",CL0020,TPR
PF04696,19,0.95,soft_core,Pinin_SDK_memA,pinin/SDK/memA/ protein conserved region,,
PF16200,19,0.95,soft_core,Band_7_C,C-terminal region of band_7,,
PF08292,19,0.95,soft_core,RNA_pol_Rbc25,RNA polymerase III subunit Rpc25,CL0021,OB
PF00589,19,0.95,soft_core,Phage_integrase,Phage integrase family,CL0382,DNA-mend
PF08541,19,0.95,soft_core,ACP_syn_III_C,3-Oxoacyl-[acyl-carrier-protein (ACP)] synthase III C terminal  ,CL0046,Thiolase
PF04161,19,0.95,soft_core,Arv1,Arv1-like family ,,
PF16093,19,0.95,soft_core,PAC4,Proteasome assembly chaperone 4,CL0765,PAC
PF18995,19,0.95,soft_core,PRT6_C,Proteolysis_6 C-terminal,,
PF02676,19,0.95,soft_core,TYW3,Methyltransferase TYW3,,
PF19031,19,0.95,soft_core,Intu_longin_1,"First Longin domain of INTU, CCZ1 and HPS4",CL0431,PF
PF08545,19,0.95,soft_core,ACP_syn_III,3-Oxoacyl-[acyl-carrier-protein (ACP)] synthase III,CL0046,Thiolase
PF02656,19,0.95,soft_core,DUF202,Domain of unknown function (DUF202),,
PF01632,19,0.95,soft_core,Ribosomal_L35p,Ribosomal protein L35,,
PF04258,19,0.95,soft_core,Peptidase_A22B,Signal peptide peptidase,CL0130,Peptidase_AD
PF02990,19,0.95,soft_core,EMP70,Endomembrane protein 70,,
PF08351,19,0.95,soft_core,TmcA_N,"tRNA(Met) cytidine acetyltransferase TmcA, N-terminal",CL0023,P-loop_NTPase
PF07491,19,0.95,soft_core,PPI_Ypi1,Protein phosphatase inhibitor  ,,
PF02800,19,0.95,soft_core,Gp_dh_C,"Glyceraldehyde 3-phosphate dehydrogenase, C-terminal domain",CL0139,GADPH_aa-bio_dh
PF17292,19,0.95,soft_core,POB3_N,POB3-like N-terminal PH domain,CL0266,PH
PF02799,19,0.95,soft_core,NMT_C,"Myristoyl-CoA:protein N-myristoyltransferase, C-terminal domain",CL0257,Acetyltrans
PF00471,19,0.95,soft_core,Ribosomal_L33,Ribosomal protein L33,CL0167,Zn_Beta_Ribbon
PF17807,19,0.95,soft_core,zf-UBP_var,Variant UBP zinc finger,CL0229,RING
PF04419,19,0.95,soft_core,SERF-like_N,"Small EDRK-rich factor 1/2-like, N-terminal",,
PF02823,19,0.95,soft_core,ATP-synt_DE_N,"ATP synthase, Delta/Epsilon chain, beta-sandwich domain",,
PF00453,19,0.95,soft_core,Ribosomal_L20,Ribosomal protein L20,,
PF17098,19,0.95,soft_core,Wtap,WTAP/Mum2p family,,
PF16916,19,0.95,soft_core,ZT_dimer,"Cation efflux protein, cytoplasmic domain",CL0232,NifU
PF01902,19,0.95,soft_core,Diphthami_syn_2_N,Diphthamide synthase N-terminal domain,CL0039,HUP
PF17867,19,0.95,soft_core,AAA_lid_7,Midasin AAA lid domain,CL0671,AAA_lid
PF04571,19,0.95,soft_core,Lipin_N,"lipin, N-terminal conserved region",,
PF07522,19,0.95,soft_core,DRMBL,DNA repair metallo-beta-lactamase,CL0398,RMMBL_DRMBL
PF00408,19,0.95,soft_core,PGM_PMM_IV,"Phosphoglucomutase/phosphomannomutase, C-terminal domain",CL0407,TBP-like
PF02776,19,0.95,soft_core,TPP_enzyme_N,"Thiamine pyrophosphate enzyme, N-terminal TPP binding domain",CL0254,THDP-binding
PF19036,19,0.95,soft_core,Fuz_longin_1,"First Longin domain of FUZ, MON1 and HPS1",CL0431,PF
PF19037,19,0.95,soft_core,Fuz_longin_2,"Second Longin domain of FUZ, MON1 and HPS1",CL0431,PF
PF15519,19,0.95,soft_core,RBM39linker,linker between RRM2 and RRM3 domains in RBM39 protein,,
PF15511,19,0.95,soft_core,CENP-T_C,Centromere kinetochore component CENP-T histone fold,CL0012,Histone
PF05011,19,0.95,soft_core,DBR1,"Lariat debranching enzyme, C-terminal domain",,
PF08231,19,0.95,soft_core,SYF2,SYF2 splicing factor,,
PF00281,19,0.95,soft_core,Ribosomal_L5,Ribosomal protein L5,CL0652,S24e_L23_L15e
PF00278,19,0.95,soft_core,Orn_DAP_Arg_deC,"Pyridoxal-dependent decarboxylase, C-terminal sheet domain",CL0866,ALR_C-like
PF05046,19,0.95,soft_core,Img2,Mitochondrial large subunit ribosomal protein (Img2),,
PF13893,19,0.95,soft_core,RRM_5,"RNA recognition motif. (a.k.a. RRM, RBD, or RNP domain)",CL0221,RRM
PF21404,19,0.95,soft_core,AMG1_III,"Phosphoacetylglucosamine mutase AMG1, domain III",CL0754,PGM_I-III
PF21405,19,0.95,soft_core,AMG1_II,"Phosphoacetylglucosamine mutase AMG1, domain II",CL0754,PGM_I-III
PF05051,19,0.95,soft_core,COX17,Cytochrome C oxidase copper chaperone (COX17),CL0351,CHCH
PF13864,19,0.95,soft_core,Enkurin,Calmodulin-binding,,
PF05057,19,0.95,soft_core,DUF676,Putative serine esterase (DUF676),CL0028,AB_hydrolase
PF24541,19,0.95,soft_core,Thioredox_PDIA6_C,"PDIA6-like, C-terminal thioredoxin-like domain",CL0172,Thioredoxin
PF21516,19,0.95,soft_core,YqeH-like_C,"YqeH-like, C-terminal",,
PF06991,19,0.95,soft_core,MFAP1,Microfibril-associated/Pre-mRNA processing,,
PF02460,19,0.95,soft_core,Patched,Patched SSD,CL0322,RND_permease
PF13725,19,0.95,soft_core,tRNA_bind_2,Possible tRNA binding domain,CL0123,HTH
PF13718,19,0.95,soft_core,GNAT_acetyltr_2,GNAT acetyltransferase 2,CL0257,Acetyltrans
PF00288,19,0.95,soft_core,GHMP_kinases_N,GHMP kinases N terminal domain,CL0329,S5
PF14260,19,0.95,soft_core,zf-C4pol,C4-type zinc-finger of DNA polymerase delta,,
PF04086,19,0.95,soft_core,SRP-alpha_N,"Signal recognition particle, alpha subunit, N-terminal",CL0431,PF
PF08576,19,0.95,soft_core,DUF1764,Eukaryotic protein of unknown function (DUF1764),,
PF08245,19,0.95,soft_core,Mur_ligase_M,Mur ligase middle domain,CL0023,P-loop_NTPase
PF19326,19,0.95,soft_core,AMP_deaminase,AMP deaminase,CL0036,TIM_barrel
PF14990,19,0.95,soft_core,DUF4516,Domain of unknown function (DUF4516),,
PF20662,19,0.95,soft_core,COG4_C,"Conserved oligomeric Golgi complex subunit 4, C-terminal",CL0020,TPR
PF01667,19,0.95,soft_core,Ribosomal_S27e,Ribosomal protein S27,CL0167,Zn_Beta_Ribbon
PF21021,19,0.95,soft_core,FAF1,Fas-associated factor 1,CL0172,Thioredoxin
PF04921,19,0.95,soft_core,XAP5,"XAP5, circadian clock regulator C-terminal domain",CL0072,Ubiquitin
PF21038,19,0.95,soft_core,CEP104_N,"Centrosomal protein CEP104, N-terminal domain",CL0202,GBD
PF14438,19,0.95,soft_core,SM-ATX,Ataxin 2 SM domain,CL0986,Sm-like
PF21039,19,0.95,soft_core,CEP104_ZnF,"Centrosomal protein CEP104, ZnF",CL0361,C2H2-zf
PF08585,19,0.95,soft_core,RMI1_N_C,"RMI1, N-terminal OB-fold domain",CL0021,OB
PF14555,19,0.95,soft_core,UBA_4,UBA-like domain,CL0214,UBA
PF07106,19,0.95,soft_core,WHD_TBPIP,TBPIP/Hop2 winged helix domain,CL0123,HTH
PF21091,19,0.95,soft_core,SPT16_C,"FACT complex subunit SPT16, C-terminal domain",,
PF02542,19,0.95,soft_core,YgbB,YgbB family,,
PF21154,19,0.95,soft_core,RPN7_PSMD6_C,26S proteasome regulatory subunit RPN7/PSMD6 C-terminal helix,,
PF02223,19,0.95,soft_core,Thymidylate_kin,Thymidylate kinase,CL0023,P-loop_NTPase
PF00490,19,0.95,soft_core,ALAD,Delta-aminolevulinic acid dehydratase,CL0036,TIM_barrel
PF26962,19,0.95,soft_core,DUF8302,Domain of unknown function (DUF8302),,
PF07967,19,0.95,soft_core,zf-C3HC,NuBaID N-terminal domain (aka zf-C3HC),CL0417,BIR-like
PF03291,19,0.95,soft_core,mRNA_G-N7_MeTrfase,mRNA (guanine-N(7))-methyltransferase domain,CL0063,NADP_Rossmann
PF06741,19,0.95,soft_core,LsmAD,LsmAD domain,,
PF03271,19,0.95,soft_core,EB1,EB1-like C-terminal motif,,
PF09725,19,0.95,soft_core,Fra10Ac1,Folate-sensitive fragile site protein Fra10Ac1,,
PF06762,19,0.95,soft_core,LMF1,Lipase maturation factor transmembrane domain,CL0131,DoxD-like
PF26801,19,0.95,soft_core,CH_HOOK_api,Apicomplexan hook protein Calponin-homology domain,CL0188,CH
PF01370,19,0.95,soft_core,Epimerase,NAD dependent epimerase/dehydratase family,CL0063,NADP_Rossmann
PF06454,19,0.95,soft_core,THH1_TOM1-3_dom,THH1/TOM1/TOM3 domain,CL0192,GPCR_A
PF09280,19,0.95,soft_core,XPC-binding,XPC-binding domain,,
PF10197,19,0.95,soft_core,Cir_N,N-terminal domain of CBF1 interacting co-repressor CIR,,
PF26729,19,0.95,soft_core,TMA17_helical,TMA17 helical domain,,
PF03483,19,0.95,soft_core,B3_4,B3/4 domain,CL0383,PheT-TilS
PF01170,19,0.95,soft_core,UPF0020,"RMKL-like, methyltransferase domain",CL0063,NADP_Rossmann
PF11566,19,0.95,soft_core,PI31_Prot_N,PI31 proteasome regulator N-terminal,,
PF26148,19,0.95,soft_core,VPS18_RING_C,VPS18 RING C-terminal domain,CL0229,RING
PF10181,19,0.95,soft_core,PIG-H,"GPI-GlcNAc transferase complex, PIG-H component",CL0266,PH
PF26172,19,0.95,soft_core,RESC8,RNA-editing substrate-binding complex 8 protein,CL0020,TPR
PF26192,19,0.95,soft_core,RNF157-like_N,RNF157-like N-terminal domain,CL0159,E-set
PF10104,19,0.95,soft_core,Brr6_like_C_C,Di-sulfide bridge nucleocytoplasmic transport domain,,
PF01167,19,0.95,soft_core,Tub,Tub family,CL0395,Tubby_C
PF26254,19,0.95,soft_core,Ig_TRAPPC9-Trs120_1st,"Trs120/TRAPPC9, first Ig-like domain",CL0159,E-set
PF03665,19,0.95,soft_core,UPF0172,Uncharacterised protein family (UPF0172),CL0366,JAB
PF26753,19,0.95,soft_core,SIS3_N,"SIS3, N-terminal domain",,
PF02142,19,0.95,soft_core,MGS,MGS-like domain,,
PF06624,19,0.95,soft_core,RAMP4,Ribosome associated membrane protein RAMP4,,
PF00044,19,0.95,soft_core,Gp_dh_N,"Glyceraldehyde 3-phosphate dehydrogenase, NAD binding domain",CL0063,NADP_Rossmann
PF01195,19,0.95,soft_core,Pept_tRNA_hydro,Peptidyl-tRNA hydrolase,CL0408,PUP
PF06155,19,0.95,soft_core,GBBH-like_N,"Gamma-butyrobetaine hydroxylase-like, N-terminal",,
PF03660,19,0.95,soft_core,PHF5,PHF5-like protein,,
PF01227,19,0.95,soft_core,GTP_cyclohydroI,GTP cyclohydrolase I,CL0334,THBO-biosyn
PF02109,19,0.95,soft_core,DAD,DAD family,,
PF01194,19,0.95,soft_core,RNA_pol_N,RNA polymerases N / 8 kDa subunit,,
PF03332,19,0.95,soft_core,PMM,Eukaryotic phosphomannomutase,CL0137,HAD
PF10601,19,0.95,soft_core,zf-LITAF-like,LITAF-like zinc ribbon domain,CL0167,Zn_Beta_Ribbon
PF10382,19,0.95,soft_core,ZGRF1-like_N,"DNA helicase ZGRF1-like, N-terminal domain",,
PF09358,19,0.95,soft_core,E1_UFD,Ubiquitin fold domain,,
PF10263,19,0.95,soft_core,SprT-like,SprT-like family,CL0126,Peptidase_MA
PF03517,19,0.95,soft_core,Voldacs,Regulator of volume decrease after cellular swelling,CL0266,PH
PF09174,19,0.95,soft_core,Maf1,Maf1 regulator,,
PF06221,19,0.95,soft_core,zf-C2HC5,"Putative zinc finger motif, C2HC5-type",,
PF06244,19,0.95,soft_core,Ccdc124,Coiled-coil domain-containing protein 124 /Oxs1,CL0114,HMG-box
PF01782,19,0.95,soft_core,RimM,RimM N-terminal domain,CL0866,ALR_C-like
PF03446,19,0.95,soft_core,NAD_binding_2,NAD binding domain of 6-phosphogluconate dehydrogenase,CL0063,NADP_Rossmann
PF03485,19,0.95,soft_core,Arg_tRNA_synt_N,Arginyl tRNA synthetase N terminal domain,,
PF01344,19,0.95,soft_core,Kelch_1,Kelch motif,CL0186,Beta_propeller
PF03807,19,0.95,soft_core,F420_oxidored,NADP oxidoreductase coenzyme F420-dependent,CL0063,NADP_Rossmann
PF01249,19,0.95,soft_core,Ribosomal_S21e,Ribosomal protein S21e ,,
PF01974,19,0.95,soft_core,tRNA_int_endo,"tRNA intron endonuclease, catalytic C-terminal domain",CL0236,PDDEXK
PF06775,19,0.95,soft_core,Seipin,Putative adipose-regulatory protein (Seipin),,
PF02037,19,0.95,soft_core,SAP,SAP domain,CL0306,HeH
PF09751,19,0.95,soft_core,Es2,Nuclear protein Es2,,
PF03399,19,0.95,soft_core,SAC3_GANP,SAC3/GANP family,CL0123,HTH
PF02207,19,0.95,soft_core,zf-UBR,Putative zinc finger in N-recognin (UBR box),CL0782,BBOX
PF25390,19,0.95,soft_core,WD40_RLD,RCC1-like domain,CL0186,Beta_propeller
PF08839,19,0.95,soft_core,CDT1,DNA replication factor CDT1 like,CL0123,HTH
PF26466,19,0.95,soft_core,DNA_primase_lrg_N,"Eukaryotic and archaeal DNA primase, large subunit N-terminal domain",,
PF03224,19,0.95,soft_core,V-ATPase_H_N,V-ATPase subunit H,CL0020,TPR
PF02130,19,0.95,soft_core,YbeY,Endoribonuclease YbeY,CL0126,Peptidase_MA
PF06645,19,0.95,soft_core,SPC12,Microsomal signal peptidase 12 kDa subunit (SPC12),,
PF01363,19,0.95,soft_core,FYVE,FYVE zinc finger,CL0229,RING
PF24635,19,0.95,soft_core,DUF7632,Domain of unknown function (DUF7632),,
PF25400,19,0.95,soft_core,PH_FAN,FAN protein N-terminal PH domain,CL0266,PH
PF25342,19,0.95,soft_core,GT_PLOD,PLOD GT domain,CL0110,GT-A
PF26726,19,0.95,soft_core,Helical_RasGEFs,RasGEFs all helical domain,,
PF05746,19,0.95,soft_core,DALR_1,DALR anticodon binding domain,CL0258,DALR
PF12009,19,0.95,soft_core,Telomerase_RBD,Telomerase ribonucleoprotein complex - RNA binding domain,,
PF01791,19,0.95,soft_core,DeoC,DeoC/LacD family aldolase,CL0036,TIM_barrel
PF05739,19,0.95,soft_core,SNARE,SNARE domain,CL0445,SNARE-fusion
PF03803,19,0.95,soft_core,Scramblase,Scramblase ,CL0395,Tubby_C
PF06423,19,0.95,soft_core,GWT1,GWT1,CL0316,Acyl_transf_3
PF01132,19,0.95,soft_core,EFP,Elongation factor P (EF-P) OB domain,CL0021,OB
PF09767,19,0.95,soft_core,DUF2053,Predicted membrane protein (DUF2053),,
PF01269,19,0.95,soft_core,Fibrillarin,Fibrillarin,CL0063,NADP_Rossmann
PF26292,19,0.95,soft_core,PUA_elF2D,"elF2D, PUA domain",CL0178,PUA
PF01368,19,0.95,soft_core,DHH,"DHH family, N-terminal domain",CL0137,HAD
PF06432,19,0.95,soft_core,GPI2,Phosphatidylinositol N-acetylglucosaminyltransferase,,
PF06814,19,0.95,soft_core,GOST_TM,"GOST, seven transmembrane domain",CL0192,GPCR_A
PF25179,19,0.95,soft_core,LMF1_C,Lipase maturation factor C-terminal domain,,
PF01779,19,0.95,soft_core,Ribosomal_L29e,Ribosomal L29e protein family,,
PF24807,19,0.95,soft_core,WD40_CDC20-Fz,CDC20/Fizzy WD40 domain,CL0186,Beta_propeller
PF06102,19,0.95,soft_core,RRP36,rRNA biogenesis protein RRP36,,
PF09430,19,0.95,soft_core,EMC7_beta-sandw,"ER membrane protein complex subunit 7, beta-sandwich domain",CL0287,Transthyretin
PF07780,19,0.95,soft_core,Spb1_C,Spb1 C-terminal domain,,
PF09429,19,0.95,soft_core,Wbp11,WW domain binding protein 11,,
PF06703,19,0.95,soft_core,SPC25,Microsomal signal peptidase 25 kDa subunit (SPC25),,
PF24796,19,0.95,soft_core,WDR55,WDR55,CL0186,Beta_propeller
PF09377,19,0.95,soft_core,SBDS_domain_II,"SBDS protein, domain II",CL0437,EF-G_C
PF11815,19,0.95,soft_core,DUF3336,Domain of unknown function (DUF3336),,
PF10338,19,0.95,soft_core,YBL028C_N,"YBL028C ribosome biogenesis factor, N-terminal domain",CL0820,RBAF-like
PF00120,19,0.95,soft_core,Gln-synt_C,"Glutamine synthetase, catalytic domain",CL0286,GCS
PF24652,19,0.95,soft_core,CEP76_C,Centrosomal protein of 76 kDa C-terminal domain,CL0659,CAP
PF11861,19,0.95,soft_core,DUF3381,"Ribosomal RNA methyltransferase Spb1, DUF3381",,
PF09423,19,0.95,soft_core,PhoD,PhoD-like phosphatase,CL0163,Calcineurin
PF05832,19,0.95,soft_core,DUF846,Eukaryotic protein of unknown function (DUF846),,
PF06978,18,0.9,shell,POP1_N,"Ribonucleases P/MRP protein subunit POP1, N-terminal",,
PF04063,18,0.9,shell,DUF383,Domain of unknown function (DUF383),CL0020,TPR
PF06098,18,0.9,shell,Radial_spoke_3,Radial spoke protein 3,,
PF08953,18,0.9,shell,DUF1899,Domain of unknown function (DUF1899),CL0186,Beta_propeller
PF01780,18,0.9,shell,Ribosomal_L37ae,Ribosomal L37ae protein family,CL0167,Zn_Beta_Ribbon
PF01781,18,0.9,shell,Ribosomal_L38e,Ribosomal L38e protein family,,
PF21933,18,0.9,shell,MCM5_C,"MCM5, C-terminal domain",CL0123,HTH
PF13679,18,0.9,shell,Methyltransf_32,Methyltransferase domain,CL0063,NADP_Rossmann
PF13649,18,0.9,shell,Methyltransf_25,Methyltransferase domain,CL0063,NADP_Rossmann
PF00253,18,0.9,shell,Ribosomal_S14,Ribosomal protein S14p/S29e,CL0839,Tbcl_zf
PF10394,18,0.9,shell,Hat1_N,Histone acetyl transferase HAT1 N-terminus,CL0361,C2H2-zf
PF14382,18,0.9,shell,ECR1_N,Exosome complex exonuclease RRP4 N-terminal region,CL0105,Hybrid
PF06159,18,0.9,shell,TRAPPC13_N,"Trafficking protein particle complex subunit 13, N-terminal",CL0159,E-set
PF04387,18,0.9,shell,PTPLA,"Protein tyrosine phosphatase-like protein, PTPLA",,
PF16876,18,0.9,shell,Lipin_mid,Lipin/Ned1/Smp2 multi-domain protein middle domain,,
PF14880,18,0.9,shell,COX14,Cytochrome oxidase c assembly,,
PF19445,18,0.9,shell,eIF3h_C,C-terminal region of eIF3h,,
PF20600,18,0.9,shell,ExoX-like_C,Exodeoxyribonuclease X-like C-terminal,,
PF06424,18,0.9,shell,PRP1_N,"PRP1 splicing factor, N-terminal",,
PF04117,18,0.9,shell,Mpv17_PMP22,Mpv17 / PMP22 family ,,
PF04113,18,0.9,shell,Gpi16,"Gpi16 subunit, GPI transamidase component",,
PF07189,18,0.9,shell,SF3b10,Splicing factor 3B subunit 10 (SF3b10),,
PF14703,18,0.9,shell,PHM7_cyt,Cytosolic domain of 10TM putative phosphate transporter,CL0221,RRM
PF04110,18,0.9,shell,APG12,Ubiquitin-like autophagy protein Apg12 ,CL0072,Ubiquitin
PF26356,18,0.9,shell,Pelota_N,Pelota N-terminal domain,,
PF02585,18,0.9,shell,PIG-L,GlcNAc-PI de-N-acetylase,,
PF00307,18,0.9,shell,CH,Calponin homology (CH) domain,CL0188,CH
PF14608,18,0.9,shell,zf-CCCH_2,"RNA-binding, Nab2-type zinc finger",CL0537,CCCH_zf
PF09809,18,0.9,shell,MRP-L27,Mitochondrial ribosomal protein L27,,
PF01264,18,0.9,shell,Chorismate_synt,Chorismate synthase,,
PF15963,18,0.9,shell,Myb_DNA-bind_7,Myb DNA-binding like,CL0123,HTH
PF26142,18,0.9,shell,DD_DDX21-DDX50,DDX21/DDX50 dimerisation domain,,
PF08235,18,0.9,shell,LNS2,LNS2 (Lipin/Ned1/Smp2),CL0137,HAD
PF16191,18,0.9,shell,E1_4HB,Ubiquitin-activating enzyme E1 four-helix bundle,,
PF02517,18,0.9,shell,Rce1-like,Type II CAAX prenyl endopeptidase Rce1-like,CL0472,Peptidase_U
PF06331,18,0.9,shell,Tfb5,Transcription factor TFIIH complex subunit Tfb5,,
PF04791,18,0.9,shell,LMBR1,LMBR1-like membrane protein,,
PF17865,18,0.9,shell,AAA_lid_5,Midasin AAA lid domain,CL0671,AAA_lid
PF25757,18,0.9,shell,TPR_DNAAF5,"Dynein axonemal assembly factor 5-like, TPR repeats",CL0020,TPR
PF13855,18,0.9,shell,LRR_8,Leucine rich repeat,CL0022,LRR
PF02985,18,0.9,shell,HEAT,HEAT repeat,CL0020,TPR
PF16190,18,0.9,shell,E1_FCCH,Ubiquitin-activating enzyme E1 FCCH domain,CL0866,ALR_C-like
PF01128,18,0.9,shell,IspD,2-C-methyl-D-erythritol 4-phosphate cytidylyltransferase,CL0110,GT-A
PF01907,18,0.9,shell,Ribosomal_L37e,Ribosomal protein L37e,CL0167,Zn_Beta_Ribbon
PF12348,18,0.9,shell,CLASP_N,CLASP N terminal,CL0020,TPR
PF00584,18,0.9,shell,SecE,SecE/Sec61-gamma subunits of protein translocation complex,,
PF12352,18,0.9,shell,V-SNARE_C,Snare region anchored in the vesicle membrane C-terminus,CL0445,SNARE-fusion
PF22770,18,0.9,shell,POP1_C,POP1 C-terminal domain,CL0740,GCV_T_C
PF01715,18,0.9,shell,IPPT,IPP transferase,CL0023,P-loop_NTPase
PF03297,18,0.9,shell,Ribosomal_S25,S25 ribosomal protein,CL0123,HTH
PF02854,18,0.9,shell,MIF4G,MIF4G domain,CL0020,TPR
PF12400,18,0.9,shell,STIMATE,STIMATE family,,
PF05997,18,0.9,shell,Nop52,"Nucleolar protein,Nop52",,
PF22934,18,0.9,shell,SPRTN_ZBD,Spartan-like zinc binding domain,,
PF05990,18,0.9,shell,DUF900,Alpha/beta hydrolase of unknown function (DUF900),CL0028,AB_hydrolase
PF12422,18,0.9,shell,Condensin2nSMC,Condensin II non structural maintenance of chromosomes subunit,,
PF11923,18,0.9,shell,NFACT-C,NFACT protein C-terminal domain,,
PF22978,18,0.9,shell,HAD_Pex22,"Peroxisome biogenesis protein 22, Haloacid dehydrogenase-like domain",,
PF02320,18,0.9,shell,UCR_hinge,Ubiquinol-cytochrome C reductase hinge protein,,
PF02150,18,0.9,shell,Zn_ribbon_RPB9,RNA polymerases M/15 Kd subunit,CL0167,Zn_Beta_Ribbon
PF08152,18,0.9,shell,GUCT,GUCT (NUC152) domain,CL0221,RRM
PF16415,18,0.9,shell,CNOT1_CAF1_bind,CCR4-NOT transcription complex subunit 1 CAF1-binding domain,CL0020,TPR
PF05365,18,0.9,shell,UCR_UQCRX_QCR9,Cytochrome b-c1 complex subunit 9,,
PF03911,18,0.9,shell,Sec61_beta,Sec61beta family,,
PF24816,18,0.9,shell,Ig_CFAP65__9th,"Cilia- and flagella-associated protein 65-like, Ig-like domain",CL0159,E-set
PF28410,18,0.9,shell,Diphthami_syn_2_C,Diphthamide synthase C-terminal domain,,
PF05206,18,0.9,shell,TRM13,Methyltransferase TRM13,CL0063,NADP_Rossmann
PF11789,18,0.9,shell,zf-Nse,Zinc-finger of the MIZ type in Nse subunit,CL0229,RING
PF01200,18,0.9,shell,Ribosomal_S28e,Ribosomal protein S28e,CL0021,OB
PF19252,18,0.9,shell,HIND,HIND motif,,
PF08170,18,0.9,shell,POPLD,POPLD (NUC188) domain,,
PF12022,18,0.9,shell,COG2_C,"COG complex component, COG2, C-terminal",CL0020,TPR
PF18098,18,0.9,shell,RPN5_C,26S proteasome regulatory subunit RPN5 C-terminal domain,,
PF10557,18,0.9,shell,Cullin_Nedd8,Cullin protein neddylation domain,CL0123,HTH
PF04627,18,0.9,shell,ATP-synt_Eps,Mitochondrial ATP synthase epsilon chain,,
PF03435,18,0.9,shell,Sacchrp_dh_NADP,Saccharopine dehydrogenase NADP binding domain,CL0063,NADP_Rossmann
PF07743,18,0.9,shell,HSCB_C,HSCB C-terminal oligomerisation domain,,
PF13367,18,0.9,shell,PrsW-protease,PrsW family intramembrane metalloprotease,CL0472,Peptidase_U
PF04615,18,0.9,shell,Utp14,Utp14 protein,,
PF15001,17,0.85,shell,AP-5_subunit_s1,AP-5 complex subunit sigma-1,CL0431,PF
PF02197,17,0.85,shell,RIIa,Regulatory subunit of type II PKA R-subunit,CL0068,RIIa
PF05620,17,0.85,shell,TMEM208_SND2,SRP-independent targeting protein 2/TMEM208,,
PF04707,17,0.85,shell,PRELI,PRELI-like family,CL0209,Bet_v_1_like
PF18045,17,0.85,shell,ISP3_C,ISP3 C-terminal,CL0266,PH
PF05684,17,0.85,shell,DUF819,Protein of unknown function (DUF819),CL0064,CPA_AT
PF05427,17,0.85,shell,FIBP,Acidic fibroblast growth factor binding (FIBP) ,,
PF03568,17,0.85,shell,Separin_C,"Separin, protease domain",CL0093,Peptidase_CD
PF12451,17,0.85,shell,VPS11_C,Vacuolar protein sorting protein 11 C terminal,,
PF00425,17,0.85,shell,Chorismate_bind,chorismate binding enzyme,CL0969,Chorimate_bind
PF07975,17,0.85,shell,C1_4,TFIIH C1-like domain,CL0229,RING
PF12923,17,0.85,shell,RRP7,Ribosomal RNA-processing protein 7 (RRP7) C-terminal domain,,
PF10235,17,0.85,shell,Cript,Microtubule-associated protein CRIPT,,
PF14446,17,0.85,shell,Prok-RING_1,Prokaryotic RING finger family 1,CL0229,RING
PF10199,17,0.85,shell,Adaptin_binding,Alpha and gamma adaptin binding protein p34,,
PF20655,17,0.85,shell,Vps52_C,"Vps52, C-terminal",CL0020,TPR
PF23529,17,0.85,shell,Microp_apicomplexa_16,Apicomplexa microprotein,,
PF13923,17,0.85,shell,zf-C3HC4_2,"Zinc finger, C3HC4 type (RING finger)",CL0229,RING
PF05424,17,0.85,shell,Duffy_binding,Duffy binding domain,CL0195,DBL
PF00560,17,0.85,shell,LRR_1,Leucine Rich Repeat,CL0022,LRR
PF03966,17,0.85,shell,Trm112p,Trm112p-like protein,CL0167,Zn_Beta_Ribbon
PF01288,17,0.85,shell,HPPK,"7,8-dihydro-6-hydroxymethylpterin-pyrophosphokinase (HPPK)",,
PF04129,17,0.85,shell,Vps52_CC,"Vps52/Sac2 family, coiled-coil",CL0020,TPR
PF12353,17,0.85,shell,eIF3g,Eukaryotic translation initiation factor 3 subunit G ,CL0511,Retroviral_zf
PF00817,17,0.85,shell,IMS,impB/mucB/samB family,,
PF06677,17,0.85,shell,Auto_anti-p27,Sjogren's syndrome/scleroderma autoantigen 1 (Autoantigen p27),CL0167,Zn_Beta_Ribbon
PF02110,17,0.85,shell,HK,Hydroxyethylthiazole kinase family,CL0118,Ribokinase
PF08701,17,0.85,shell,GN3L_Grn1,GNL3L/Grn1 putative GTPase,,
PF07426,17,0.85,shell,Dynactin_p22,Dynactin subunit p22,,
PF02882,17,0.85,shell,THF_DHG_CYH_C,"Tetrahydrofolate dehydrogenase/cyclohydrolase, NAD(P)-binding domain",CL0063,NADP_Rossmann
PF15906,17,0.85,shell,zf-NOSIP,Zinc-finger of nitric oxide synthase-interacting protein,CL0229,RING
PF00313,17,0.85,shell,CSD,'Cold-shock' DNA-binding domain,CL0021,OB
PF04938,17,0.85,shell,SIP1,Survival motor neuron (SMN) interacting protein 1 (SIP1),,
PF13401,17,0.85,shell,AAA_22,AAA domain,CL0023,P-loop_NTPase
PF08032,17,0.85,shell,SpoU_sub_bind,RNA 2'-O ribose methyltransferase substrate binding,CL0101,PELOTA
PF22606,17,0.85,shell,Cdc6-ORC-like_ATPase_lid,"Cdc6/ORC-like, ATPase lid domain",CL0671,AAA_lid
PF08510,17,0.85,shell,PIG-P,PIG-P,,
PF12807,17,0.85,shell,eIF3_p135,Translation initiation factor eIF3 subunit 135,,
PF02581,16,0.8,shell,TMP-TENI,Thiamine monophosphate synthase,CL0036,TIM_barrel
PF12631,16,0.8,shell,MnmE_helical,MnmE helical domain,,
PF02586,16,0.8,shell,SRAP,SOS response associated peptidase (SRAP),,
PF06437,16,0.8,shell,ISN1,IMP-specific 5'-nucleotidase,CL0137,HAD
PF04135,16,0.8,shell,Nop10p,"Nucleolar RNA-binding protein, Nop10p family",CL0167,Zn_Beta_Ribbon
PF09216,16,0.8,shell,Pfg27,Pfg27,,
PF27639,16,0.8,shell,VMP1_C,Vacuole membrane protein 1 C-terminal helical domain,,
PF09742,16,0.8,shell,Dymeclin,Dyggve-Melchior-Clausen syndrome protein,CL0456,Golgi_traff
PF08014,16,0.8,shell,MATCAP,Microtubule-associated tyrosine carboxypeptidase,CL0126,Peptidase_MA
PF19035,16,0.8,shell,TSP1_CCN,CCN3 Nov like TSP1 domain,CL0692,TSP1
PF01844,16,0.8,shell,HNH,HNH endonuclease,CL0263,His-Me_finger
PF22298,16,0.8,shell,Tsr1_G-like,"Tsr1, G-like domain",CL0023,P-loop_NTPase
PF08620,16,0.8,shell,RPAP1_C,"RPAP1-like, C-terminal",,
PF23291,16,0.8,shell,KOW4_SPT5,"Transcription elongation factor SPT5, fourth KOW domain",CL0010,SH3
PF07133,16,0.8,shell,Merozoite_SPAM,Merozoite surface protein (SPAM),,
PF00805,16,0.8,shell,Pentapeptide,Pentapeptide repeats (8 copies),CL0505,Pentapeptide
PF05088,16,0.8,shell,Bac_GDH_CD,"Bacterial NAD-glutamate dehydrogenase, catalytic domain",CL0063,NADP_Rossmann
PF22717,16,0.8,shell,SNaCT10,"Short NACHT-associated C-Terminal domain, family 10",CL0806,SNaCT
PF08164,16,0.8,shell,TRAUB,"Apoptosis-antagonizing transcription factor, C-terminal",,
PF03604,16,0.8,shell,Zn_ribbon_RPAB4,"DNA directed RNA polymerase, 7 kDa subunit",CL0167,Zn_Beta_Ribbon
PF13374,16,0.8,shell,TPR_10,Tetratricopeptide repeat,CL0020,TPR
PF02373,16,0.8,shell,JmjC,"JmjC domain, hydroxylase",CL0029,Cupin
PF08524,16,0.8,shell,rRNA_processing,rRNA processing,,
PF13634,16,0.8,shell,Nucleoporin_FG,Nucleoporin FG repeat region,CL0647,FG_rpt
PF00832,16,0.8,shell,Ribosomal_L39,Ribosomal L39 protein,,
PF13424,16,0.8,shell,TPR_12,Tetratricopeptide repeat,CL0020,TPR
PF22379,16,0.8,shell,OB_MCM10,MCM10 OB-fold,CL0021,OB
PF00084,16,0.8,shell,Sushi,Sushi repeat (SCR repeat),CL0001,EGF
PF13516,16,0.8,shell,LRR_6,Leucine Rich repeat,CL0022,LRR
PF13517,16,0.8,shell,FG-GAP_3,FG-GAP-like repeat,CL0186,Beta_propeller
PF22782,16,0.8,shell,SDE2,"Splicing regulator SDE2, SDE2 domain",,
PF01663,16,0.8,shell,Phosphodiest,Type I phosphodiesterase / nucleotide pyrophosphatase,CL0088,Alk_phosphatase
PF13207,16,0.8,shell,AAA_17,AAA domain,CL0023,P-loop_NTPase
PF14532,16,0.8,shell,Sigma54_activ_2,Sigma-54 interaction domain,CL0023,P-loop_NTPase
PF24981,16,0.8,shell,Beta-prop_ATRN-LZTR1,Attractin/LZTR1 beta-propeller,CL0186,Beta_propeller
PF01569,16,0.8,shell,PAP2,PAP2 superfamily,CL0525,pap2
PF07034,16,0.8,shell,ORC3_N,Origin recognition complex (ORC) subunit 3 N-terminus,CL0023,P-loop_NTPase
PF16166,16,0.8,shell,TIC20,Chloroplast import apparatus Tic20-like,CL0902,Tic20_MamF_MmsF
PF02020,16,0.8,shell,W2,eIF4-gamma/eIF5/eIF2-epsilon,CL0020,TPR
PF05301,16,0.8,shell,Acetyltransf_16,"GNAT acetyltransferase, Mec-17",CL0257,Acetyltrans
PF00383,16,0.8,shell,dCMP_cyt_deam_1,Cytidine and deoxycytidylate deaminase zinc-binding region,CL0109,CDA
PF05493,16,0.8,shell,ATP_synt_H,ATP synthase subunit H ,,
PF01648,16,0.8,shell,ACPS,4'-phosphopantetheinyl transferase superfamily,CL0670,4PPT
PF00188,16,0.8,shell,CAP,Cysteine-rich secretory protein family,CL0659,CAP
PF16420,16,0.8,shell,ATG7_N,Ubiquitin-like modifier-activating enzyme ATG7 N-terminus,CL0909,ATG7_N
PF01301,16,0.8,shell,Glyco_hydro_35,Glycosyl hydrolases family 35,CL0036,TIM_barrel
PF09072,15,0.75,shell,TMA7,Translation machinery associated TMA7,,
PF04193,15,0.75,shell,PQ-loop,PQ loop repeat ,CL0141,MtN3-like
PF00023,15,0.75,shell,Ank,Ankyrin repeat,CL0465,Ank
PF09745,15,0.75,shell,NSRP1_N,"Nuclear speckle splicing regulatory protein 1, N-terminal",,
PF18097,15,0.75,shell,Vta1_C,Vta1 C-terminal domain,,
PF19270,15,0.75,shell,FBO_C,F-box only protein C-terminal region,,
PF21131,15,0.75,shell,eEFSec_4th,eEFSec C-terminal RIFT domain,CL0866,ALR_C-like
PF05795,15,0.75,shell,Plasmodium_Vir,Plasmodium vivax Vir protein,CL0411,Vir
PF12739,15,0.75,shell,TRAPPC-Trs85,ER-Golgi trafficking TRAPP I complex 85 kDa subunit,,
PF03939,15,0.75,shell,Ribosomal_L23eN,"Ribosomal protein L23, N-terminal domain",,
PF01448,15,0.75,shell,ELM2,ELM2 domain,,
PF10699,15,0.75,shell,HAP2-GCS1,Male gamete fusion factor,,
PF06747,15,0.75,shell,CHCH,CHCH domain,CL0351,CHCH
PF10447,15,0.75,shell,EXOSC1,Exosome component EXOSC1/CSL4,CL0021,OB
PF05020,15,0.75,shell,zf-NPL4,"NPL4 family, putative zinc binding region",,
PF08625,15,0.75,shell,Utp13,Utp13 specific WD40 associated domain,,
PF14327,15,0.75,shell,CSTF2_hinge,Hinge domain of cleavage stimulation factor subunit 2,,
PF21166,15,0.75,shell,LSM12_LSM,"LSM12, LSM domain",CL0986,Sm-like
PF03364,15,0.75,shell,Polyketide_cyc,Polyketide cyclase / dehydrase and lipid transport,CL0209,Bet_v_1_like
PF00651,15,0.75,shell,BTB,BTB/POZ domain,CL0033,POZ
PF08571,15,0.75,shell,Yos1,Yos1-like,,
PF00641,15,0.75,shell,Zn_ribbon_RanBP,Zn-finger in Ran binding protein and others,CL0167,Zn_Beta_Ribbon
PF08507,15,0.75,shell,COPI_assoc,COPI associated protein,,
PF04893,15,0.75,shell,Yip1,Yip1 domain,CL0112,Yip1
PF21590,14,0.7,shell,AP5B1_C,"AP5B1, C-terminal",CL0545,APCOP-app_sub
PF01369,14,0.7,shell,Sec7,Sec7 domain,,
PF02140,14,0.7,shell,SUEL_Lectin,D-galactoside/L-rhamnose binding SUEL lectin domain,CL0881,SUEL-RBL_sf
PF12814,14,0.7,shell,Mcp5_PH,Meiotic cell cortex C-terminal pleckstrin homology,CL0266,PH
PF00115,14,0.7,shell,COX1,Cytochrome C and Quinol oxidase polypeptide I,CL0714,COX1-like
PF18515,14,0.7,shell,Rh5,Rh5 coiled-coil domain,,
PF22493,14,0.7,shell,PUF_NOP9,NOP9-like PUF repeat domain,CL0020,TPR
PF00570,14,0.7,shell,HRDC,HRDC domain,CL0426,HRDC-like
PF09329,14,0.7,shell,zf-primase,Primase zinc finger,,
PF15786,14,0.7,shell,PET117,"PET assembly of cytochrome c oxidase, mitochondrial",,
PF24901,14,0.7,shell,WHD_MCM7,"DNA replication licensing factor MCM7, winged helix",CL0123,HTH
PF09468,14,0.7,shell,RNase_H2-Ydr279,Ydr279p protein family (RNase H2 complex component) wHTH domain,CL0123,HTH
PF23356,14,0.7,shell,TPR_PEP5_VPS11,PEP5/VPS11 Clathrin repeat,CL0020,TPR
PF05162,14,0.7,shell,Ribosomal_L41,Ribosomal protein L41,CL0652,S24e_L23_L15e
PF08659,14,0.7,shell,KR,KR domain,CL0063,NADP_Rossmann
PF04858,14,0.7,shell,TH1,TH1 protein,,
PF09756,14,0.7,shell,DDRGK,DDRGK domain,CL0123,HTH
PF04756,14,0.7,shell,OST3_OST6,"OST3 / OST6 family, transporter family",CL0172,Thioredoxin
PF21292,14,0.7,shell,EME1-MUS81_C,"EME1/MUS81, C-terminal",CL0198,HHH
PF04758,14,0.7,shell,Ribosomal_S30,Ribosomal protein S30,,
PF08729,14,0.7,shell,HUN,HPC2 and ubinuclein domain,,
PF05008,14,0.7,shell,V-SNARE,Vesicle transport v-SNARE protein N-terminus,CL0445,SNARE-fusion
PF11977,14,0.7,shell,RNase_Zc3h12a,Zc3h12a-like Ribonuclease NYN domain,CL0280,PIN
PF05708,14,0.7,shell,Peptidase_C92,"Permuted papain-like amidase enzyme, YaeF/YiiX, C92 family",CL0125,Peptidase_CA
PF12879,14,0.7,shell,SICA_C,SICA C-terminal inner membrane domain ,,
PF07529,13,0.65,shell,HSA,HSA domain,,
PF05486,13,0.65,shell,SRP9-21,Signal recognition particle 9 kDa protein (SRP9),CL0623,SRP9_14
PF11675,13,0.65,shell,DUF3271,Protein of unknown function (DUF3271),,
PF01329,13,0.65,shell,Pterin_4a,Pterin 4 alpha carbinolamine dehydratase,,
PF16589,13,0.65,shell,BRCT_2,BRCT domain,CL0459,BRCT-like
PF10639,13,0.65,shell,TMEM234,Putative transmembrane family 234,CL0184,DMT
PF01394,13,0.65,shell,Clathrin_propel,Clathrin propeller repeat,CL0186,Beta_propeller
PF10672,13,0.65,shell,Methyltrans_SAM,S-adenosylmethionine-dependent methyltransferase,CL0063,NADP_Rossmann
PF04935,13,0.65,shell,SURF6,Surfeit locus protein 6,,
PF17815,13,0.65,shell,PDZ_3,PDZ domain,CL0466,PDZ-like
PF24987,13,0.65,shell,HEAT_EF3_N,EF3 N-terminal HEAT repeat,CL0020,TPR
PF00033,13,0.65,shell,Cytochrome_B,Cytochrome b/b6/petB,CL0328,2heme_cytochrom
PF16004,13,0.65,shell,EFTUD2,116 kDa U5 small nuclear ribonucleoprotein component N-terminus,,
PF17986,13,0.65,shell,EKAL,EMP3-KAHRP-like N-terminal domain,,
PF03105,13,0.65,shell,SPX,SPX domain,,
PF16078,13,0.65,shell,2-oxogl_dehyd_N,2-oxoglutarate dehydrogenase N-terminus,,
PF13812,13,0.65,shell,PPR_3,Pentatricopeptide repeat domain,CL0020,TPR
PF08285,13,0.65,shell,DPM3,Dolichol-phosphate mannosyltransferase subunit 3 (DPM3),,
PF10213,13,0.65,shell,MRP-S28,Mitochondrial ribosomal subunit protein ,CL0337,RF
PF08506,12,0.6,shell,Cse1,Cse1,CL0020,TPR
PF09341,12,0.6,shell,Pcc1,Transcription factor Pcc1,,
PF17406,12,0.6,shell,Nrap_D5,Nrap protein PAP/OAS1-like domain 5,,
PF00510,12,0.6,shell,COX3,Cytochrome c oxidase subunit III,,
PF04281,12,0.6,shell,Tom22,Mitochondrial import receptor subunit Tom22 ,,
PF00051,12,0.6,shell,Kringle,Kringle domain,CL0602,Kringle
PF01938,12,0.6,shell,TRAM,TRAM domain,CL0021,OB
PF14632,12,0.6,shell,SPT6_acidic,Acidic N-terminal SPT6,,
PF06012,12,0.6,shell,DUF908,Domain of Unknown Function (DUF908),,
PF13405,12,0.6,shell,EF-hand_6,EF-hand domain,CL0220,EF_hand
PF22191,12,0.6,shell,IBR_1,IBR domain,CL0229,RING
PF21581,12,0.6,shell,SCD,Stromalin conservative domain,CL0020,TPR
PF21041,12,0.6,shell,XMAP215_CLASP_TOG,"XMAP215/Dis1/CLASP, TOG domain",CL0020,TPR
PF09802,12,0.6,shell,Sec66,Preprotein translocase subunit Sec66,,
PF07819,12,0.6,shell,PGAP1,PGAP1-like alpha/beta domain,CL0028,AB_hydrolase
PF02940,12,0.6,shell,mRNA_triPase,"mRNA capping enzyme, beta chain",CL0273,CYTH
PF00032,12,0.6,shell,Cytochrom_B_C,Cytochrome b(C-terminal)/b6/petD,,
PF02906,12,0.6,shell,Fe_hyd_lg_C,"Iron only hydrogenase large subunit, C-terminal domain",,
PF08553,12,0.6,shell,VID27,VID27 C-terminal WD40-like domain,CL0186,Beta_propeller
PF15678,11,0.55,shell,SPICE,Centriole duplication and mitotic chromosome congression,,
PF13180,11,0.55,shell,PDZ_2,PDZ domain,CL0466,PDZ-like
PF17780,11,0.55,shell,OCRE,OCRE domain,,
PF05189,11,0.55,shell,RTC_insert,"RNA 3'-terminal phosphate cyclase (RTC), insert domain",,
PF07719,11,0.55,shell,TPR_2,Tetratricopeptide repeat,CL0020,TPR
PF05502,11,0.55,shell,Dynactin_p62,Dynactin p62 family,,
PF23284,11,0.55,shell,KOW2_Spt5,"Transcription elongation factor SPT5, second KOW domain",CL0010,SH3
PF13174,11,0.55,shell,TPR_6,Tetratricopeptide repeat,CL0020,TPR
PF00444,11,0.55,shell,Ribosomal_L36,Ribosomal protein L36,,
PF21436,11,0.55,shell,STT3-PglB_core,STT3/PglB/AglB core domain,CL0801,OST_core
PF12234,11,0.55,shell,Rav1p_C,RAVE protein 1 C terminal,,
PF13899,11,0.55,shell,Thioredoxin_7,Thioredoxin-like,CL0172,Thioredoxin
PF00043,11,0.55,shell,GST_C,"Glutathione S-transferase, C-terminal domain",CL0497,GST_C
PF00194,10,0.5,shell,Carb_anhydrase,Eukaryotic-type carbonic anhydrase,,
PF23513,10,0.5,shell,Microp_apicomplexa_9,Apicomplexa microprotein,,
PF23381,10,0.5,shell,Beta-prop_IFT122_1st,IFT122 first beta-propeller,CL0186,Beta_propeller
PF22544,10,0.5,shell,HYDIN_VesB_CFA65-like_Ig,"HYDIN/CFA65/VesB-like, Ig-like domain",CL0159,E-set
PF08312,10,0.5,shell,cwf21,cwf21 domain,,
PF26291,10,0.5,shell,SWIB_eIF2D,"eIF2D, SWIB domain",CL0906,SWIB
PF08207,10,0.5,shell,EFP_N,Elongation factor P (EF-P) KOW-like domain,CL0010,SH3
PF00246,10,0.5,shell,Peptidase_M14,Zinc carboxypeptidase,CL0865,ZnExoPePases
PF07542,10,0.5,shell,ATP12,ATP12 chaperone protein,,
PF00275,10,0.5,shell,EPSP_synthase,EPSP synthase (3-phosphoshikimate 1-carboxyvinyltransferase),CL0290,EPT_RTPC
PF03398,10,0.5,shell,Ist1,Regulator of Vps4 activity in the MVB pathway,CL0235,PspA
PF07928,10,0.5,shell,Vps54,Vps54-like protein,,
PF04774,10,0.5,shell,HABP4_PAI-RBP1,Hyaluronan / mRNA binding family,,
PF16092,10,0.5,shell,CFAP61_N,"Cilia- and flagella-associated protein 61, N-terminal domain",CL0257,Acetyltrans
PF13833,10,0.5,shell,EF-hand_8,EF-hand domain pair,CL0220,EF_hand
PF01443,10,0.5,shell,Viral_helicase1,Viral superfamily 1 RNA helicase core domain,CL0023,P-loop_NTPase
PF06827,10,0.5,shell,zf-FPG_IleRS,Zinc finger found in FPG and IleRS,CL0839,Tbcl_zf
PF05698,10,0.5,shell,Trigger_C,Bacterial trigger factor protein (TF) C-terminus,CL0262,Trigger_C
PF13041,10,0.5,shell,PPR_2,PPR repeat family ,CL0020,TPR
PF05251,10,0.5,shell,Ost5,Oligosaccharyltransferase subunit 5,,
PF02434,10,0.5,shell,Fringe,Fringe-like,CL0110,GT-A
PF16969,10,0.5,shell,SRP68,RNA-binding signal recognition particle 68,,
PF00571,10,0.5,shell,CBS,CBS domain,,
PF07160,10,0.5,shell,SKA1,Spindle and kinetochore-associated protein 1 ,CL0123,HTH
PF00646,10,0.5,shell,F-box,F-box domain,CL0271,F-box
PF14807,10,0.5,shell,AP4E_app_platf,Adaptin AP4 complex epsilon appendage platform,CL0545,APCOP-app_sub
PF13857,9,0.45,shell,Ank_5,Ankyrin repeats (many copies),CL0465,Ank
PF18151,9,0.45,shell,DUF5601,Domain of unknown function (DUF5601),,
PF14559,9,0.45,shell,TPR_19,Tetratricopeptide repeat,CL0020,TPR
PF23276,9,0.45,shell,TPR_24,Pentatricopeptide repeat-containing protein,CL0020,TPR
PF22421,9,0.45,shell,SYY_C-terminal,Tyrosine--tRNA ligase SYY-like C-terminal domain,CL0492,S4
PF13422,9,0.45,shell,DUF4110,Domain of unknown function (DUF4110),,
PF13245,9,0.45,shell,AAA_19,AAA domain,CL0023,P-loop_NTPase
PF00595,9,0.45,shell,PDZ,PDZ domain,CL0466,PDZ-like
PF03121,9,0.45,shell,Herpes_UL52,Herpesviridae UL52/UL70 DNA primase,,
PF00652,9,0.45,shell,Ricin_B_lectin,Ricin-type beta-trefoil lectin domain,CL0066,Trefoil
PF01852,9,0.45,shell,START,START domain,CL0209,Bet_v_1_like
PF01469,9,0.45,shell,Pentapeptide_2,Pentapeptide repeats (8 copies),CL0505,Pentapeptide
PF09190,9,0.45,shell,DALR_2,DALR domain,CL0258,DALR
PF22956,9,0.45,shell,PIK3R4-like_middle,"PIK3R4-like, middle domain",CL0020,TPR
PF24984,9,0.45,shell,HEAT_EF3_GNC1,Elongation factor 3/GNC1 HEAT repeat,CL0020,TPR
PF25790,9,0.45,shell,BCD1,BCD1 domain,CL0951,Cns1_TTC4-like
PF06148,9,0.45,shell,COG2_N,COG2 N-terminal,CL0020,TPR
PF09597,9,0.45,shell,SAM_Ribosomal_mS41,Small ribosomal subunit protein mS41 SAM domain,CL0003,SAM
PF09753,9,0.45,shell,Use1,Membrane fusion protein Use1,,
PF08713,9,0.45,shell,DNA_alkylation,DNA alkylation repair enzyme,CL0020,TPR
PF01391,9,0.45,shell,Collagen,Collagen triple helix repeat (20 copies),,
PF12895,8,0.4,shell,ANAPC3,"Anaphase-promoting complex, cyclosome, subunit 3",CL0020,TPR
PF06025,8,0.4,shell,DUF913,Domain of Unknown Function (DUF913),,
PF05047,8,0.4,shell,L51_S25_CI-B8,Mitochondrial ribosomal protein L51 / S25 / CI-B8 domain ,CL0172,Thioredoxin
PF13863,8,0.4,shell,DUF4200,Domain of unknown function (DUF4200),,
PF16830,8,0.4,shell,NBD94,Nucleotide-Binding Domain 94 of RH,,
PF13638,8,0.4,shell,PIN_4,PIN domain,CL0280,PIN
PF10510,8,0.4,shell,PIG-S,Phosphatidylinositol-glycan biosynthesis class S protein,,
PF20638,8,0.4,shell,ATG5_UblA,"Autophagy protein ATG5, UblA domain",CL0072,Ubiquitin
PF00107,8,0.4,shell,ADH_zinc_N,Zinc-binding dehydrogenase,CL0063,NADP_Rossmann
PF09794,8,0.4,shell,Avl9,Transport protein Avl9,CL0330,AVL9
PF08240,8,0.4,shell,ADH_N,Alcohol dehydrogenase GroES-like domain,CL0296,GroES
PF07896,8,0.4,shell,DUF1674,Protein of unknown function (DUF1674),,
PF12047,8,0.4,shell,DNMT1-RFD,Cytosine specific DNA methyltransferase replication foci domain,,
PF05001,7,0.35,shell,RNA_pol_Rpb1_R,RNA polymerase Rpb1 C-terminal repeat ,,
PF14649,7,0.35,shell,Spatacsin_C,Spatacsin C-terminus,,
PF20520,7,0.35,shell,Ac45-VOA1_TM,V0 complex accessory subunit Ac45/VOA1 transmembrane domain,,
PF14633,7,0.35,shell,SH2_2,SH2 domain,CL0541,SH2-like
PF20428,7,0.35,shell,Sey1_3HB,Sey1 three-helix bundle domain,,
PF20653,7,0.35,shell,COG6_C,"Conserved Oligomeric Golgi complex subunit 6, C-terminal",CL0020,TPR
PF09801,7,0.35,shell,SYS1,Integral membrane protein S linking to the trans Golgi network,,
PF01067,7,0.35,shell,Calpain_III,"Calpain large subunit, domain III",CL0202,GBD
PF10193,7,0.35,shell,Telomere_reg-2,Telomere length regulation protein,,
PF05030,7,0.35,shell,SSXT,SSXT protein (N-terminal region),,
PF23410,7,0.35,shell,Beta-prop_VPS8,Vps8 beta-propeller,CL0186,Beta_propeller
PF13603,7,0.35,shell,tRNA-synt_1_2,"Leucyl-tRNA synthetase, editing domain",CL0039,HUP
PF13428,7,0.35,shell,TPR_14,Tetratricopeptide repeat,CL0020,TPR
PF03711,7,0.35,shell,OKR_DC_1_C,"Orn/Lys/Arg decarboxylase, C-terminal domain",,
PF13419,7,0.35,shell,HAD_2,Haloacid dehalogenase-like hydrolase,CL0137,HAD
PF06022,7,0.35,shell,Cir_Bir_Yir,Plasmodium variant antigen protein Cir/Yir/Bir,CL0411,Vir
PF11969,7,0.35,shell,DcpS_C,Scavenger mRNA decapping enzyme C-term binding,CL0265,HIT
PF05756,7,0.35,shell,S-antigen,S-antigen protein,,
PF23670,7,0.35,shell,PIGBOS1,PIGBOS1-like,,
PF12894,7,0.35,shell,ANAPC4_WD40,Anaphase-promoting complex subunit 4 WD40 domain,CL0186,Beta_propeller
PF23227,7,0.35,shell,HEAT_MROH2B_C,"MROH2B-like, HEAT repeats",CL0020,TPR
PF12361,7,0.35,shell,DBP,Duffy-antigen binding protein ,,
PF13831,7,0.35,shell,PHD_2,PHD-finger,CL0229,RING
PF04499,7,0.35,shell,SAPS,SIT4 phosphatase-associated protein,,
PF00569,7,0.35,shell,ZZ,"Zinc finger, ZZ type",CL0229,RING
PF17745,7,0.35,shell,Ydr279_N,Ydr279p protein triple barrel domain,CL0662,Triple_barrel
PF13001,6,0.3,shell,ECM29_N,"Proteasome component ECM29, N-terminal",CL0020,TPR
PF12309,6,0.3,shell,KBP_C,KIF-1 binding protein C terminal,CL0020,TPR
PF09808,6,0.3,shell,SNAPC1,"Small nuclear RNA activating complex (SNAPc), subunit 1",,
PF18517,6,0.3,shell,LZ3wCH,Leucine zipper with capping helix domain,,
PF04874,6,0.3,shell,Mak16,Mak16 protein C-terminal region,,
PF01202,6,0.3,shell,SKI,Shikimate kinase,CL0023,P-loop_NTPase
PF20258,6,0.3,shell,tRNA_Me_trans_C,Aminomethyltransferase beta-barrel domain,CL0740,GCV_T_C
PF17177,6,0.3,shell,PPR_long,Pentacotripeptide-repeat region of PRORP,CL0020,TPR
PF04417,6,0.3,shell,DUF501,Protein of unknown function (DUF501),,
PF08221,6,0.3,shell,HTH_9,RNA polymerase III subunit RPC82 helix-turn-helix domain,CL0123,HTH
PF18044,6,0.3,shell,zf-CCCH_4,CCCH-type zinc finger,CL0537,CCCH_zf
PF04886,6,0.3,shell,PT,PT disordered repeat,,
PF12377,6,0.3,shell,DuffyBP_N,Duffy binding protein N terminal ,,
PF00929,6,0.3,shell,RNase_T,Exonuclease,CL0219,RNase_H
PF16134,6,0.3,shell,THOC2_N,THO complex subunit 2 N-terminus,,
PF12624,6,0.3,shell,VPS13_N,VPS13-like family N-terminal region,CL0760,RBG
PF23419,6,0.3,shell,WD40_RFWD3,E3 ubiquitin-protein ligase RFWD3 WD40 domain,CL0186,Beta_propeller
PF00611,6,0.3,shell,FCH,"Fes/CIP4, and EFC/F-BAR homology domain",CL0145,Golgi-transport
PF01103,5,0.25,shell,Omp85,Omp85 superfamily domain,CL0193,MBB
PF16507,5,0.25,shell,HEAT_PSME4_mid,"Proteasome activator complex subunit 4, mid HEAT repeats region",CL0020,TPR
PF06278,5,0.25,shell,CNDH2_N,"Condensin II complex subunit CAP-H2 or CNDH2, N-terminal",,
PF09032,5,0.25,shell,Siah-Interact_N,"Siah interacting protein, N terminal ",,
PF16503,5,0.25,shell,zn-ribbon_14,Zinc-ribbon,,
PF01744,5,0.25,shell,GLTT,GLTT repeat (6 copies),,
PF14533,5,0.25,shell,USP7_C2,Ubiquitin-specific protease C-terminal,CL0072,Ubiquitin
PF06743,5,0.25,shell,FAST_1,"FAST kinase-like protein, subdomain 1",CL0020,TPR
PF22667,5,0.25,shell,Lon_lid,Lon protease AAA+ ATPase lid domain,CL0671,AAA_lid
PF10358,5,0.25,shell,NT-C2,N-terminal C2 in EEIG1 and EHBP1 proteins,CL0154,C2
PF13347,5,0.25,shell,MFS_2,MFS/sugar transport protein,CL0015,MFS
PF25168,5,0.25,shell,Beta-prop_WDR36-Utp21_2nd,WDR36/Utp21 second beta-propeller domain,CL0186,Beta_propeller
PF13432,5,0.25,shell,TPR_16,Tetratricopeptide repeat,CL0020,TPR
PF00205,5,0.25,shell,TPP_enzyme_M,"Thiamine pyrophosphate enzyme, central domain",CL0063,NADP_Rossmann
PF04539,5,0.25,shell,Sigma70_r3,Sigma-70 region 3,CL0123,HTH
PF22605,5,0.25,shell,IBR_2,IBR domain,CL0229,RING
PF03011,5,0.25,shell,PFEMP,PFEMP1 DBL domain,CL0195,DBL
PF02928,5,0.25,shell,zf-C5HC2,C5HC2 zinc finger,,
PF01126,5,0.25,shell,Heme_oxygenase,Heme oxygenase,CL0230,HO
PF12409,5,0.25,shell,P5-ATPase,P5-type ATPase cation transporter,,
PF05181,5,0.25,shell,XPA_C,XPA protein C-terminus,CL0123,HTH
PF03203,5,0.25,shell,MerC,MerC mercury resistance protein,,
PF02833,5,0.25,shell,DHHA2,DHHA2 domain,,
PF00144,5,0.25,shell,Beta-lactamase,Beta-lactamase,CL0013,Beta-lactamase
PF06027,5,0.25,shell,SLC35F,Solute carrier family 35,CL0184,DMT
PF17683,5,0.25,shell,TFIIF_beta_N,"TFIIF, beta subunit N-terminus",CL0662,Triple_barrel
PF06439,5,0.25,shell,3keto-disac_hyd,"3-keto-alpha-glucoside-1,2-lyase-like domain",CL0004,Concanavalin
PF16242,5,0.25,shell,Pyrid_ox_like,Pyridoxamine 5'-phosphate oxidase like,CL0336,FMN-binding
PF01554,5,0.25,shell,MatE,MatE,CL0222,MviN_MATE
PF09405,4,0.2,shell,Btz,CASC3/Barentsz eIF4AIII binding,,
PF02926,4,0.2,shell,THUMP,THUMP domain,CL0747,THUMP
PF10511,4,0.2,shell,Cementoin,Trappin protein transglutaminase binding domain,,
PF14237,4,0.2,shell,GYF_2,GYF domain 2,CL0673,GYF
PF22178,4,0.2,shell,Gp5_trimer_C,Bacteriophage T4 gp5 C-terminal trimerisation domain,CL0606,Phage_fibre
PF17215,4,0.2,shell,Rrp44_S1,S1 domain,CL0021,OB
PF08458,4,0.2,shell,PH_2,Plant pleckstrin homology-like region,CL0266,PH
PF03828,4,0.2,shell,PAP_assoc,Cid1 family poly A polymerase,,
PF23469,4,0.2,shell,KH_12,KH-domain,CL0007,KH
PF25092,4,0.2,shell,SH3_KIN17_C,KIN17 C-terminal SH3 domain,CL0010,SH3
PF13696,4,0.2,shell,zf-CCHC_2,Zinc knuckle,CL0511,Retroviral_zf
PF09592,4,0.2,shell,DUF2031,Protein of unknown function (DUF2031),,
PF18131,4,0.2,shell,KN17_SH3,KN17 SH3-like domain,CL0010,SH3
PF19032,4,0.2,shell,Intu_longin_2,Intu longin-like domain 2,CL0431,PF
PF07646,4,0.2,shell,Kelch_2,Kelch motif,CL0186,Beta_propeller
PF02789,4,0.2,shell,Peptidase_M17_N,"Cytosol aminopeptidase family, N-terminal domain",CL0223,MACRO
PF16690,4,0.2,shell,MMACHC,Methylmalonic aciduria and homocystinuria type C family,CL0529,FMN-dep-NRtase
PF10253,4,0.2,shell,PRCC,"Mitotic checkpoint regulator, MAD2B-interacting",,
PF08683,4,0.2,shell,CAMSAP_CKK,Microtubule-binding calmodulin-regulated spectrin-associated,CL0350,PRC-barrel
PF00433,4,0.2,shell,Pkinase_C,Protein kinase C terminal domain,,
PF10205,4,0.2,shell,KLRAQ,Predicted coiled-coil domain-containing protein,,
PF07418,4,0.2,shell,PCEMA1,Acidic phosphoprotein precursor PCEMA1,,
PF09690,4,0.2,shell,PYST-C1,Plasmodium yoelii subtelomeric region (PYST-C1),,
PF12887,4,0.2,shell,SICA_alpha,SICA extracellular alpha domain,CL0474,SICA_like
PF03130,4,0.2,shell,HEAT_PBS,PBS lyase HEAT-like repeat,CL0020,TPR
PF18552,4,0.2,shell,PheRS_DBD1,PheRS DNA binding domain 1 ,CL0123,HTH
PF01733,4,0.2,shell,Nucleoside_tran,Nucleoside transporter,CL0015,MFS
PF16837,4,0.2,shell,SF3A3,"Pre-mRNA-splicing factor SF3A3, of SF3a complex, Prp9",,
PF02637,4,0.2,shell,GatB_Yqey,GatB domain,CL0279,GatB_YqeY
PF05671,3,0.15,shell,GETHR,GETHR pentapeptide repeat (5 copies),,
PF15447,3,0.15,shell,NTS,N-terminal segments of PfEMP1,,
PF02009,3,0.15,shell,RIFIN,Rifin,CL0656,VSA
PF15445,3,0.15,shell,ATS,"acidic terminal segments, variant surface antigen of PfEMP1",,
PF24181,3,0.15,shell,TPR_TTI1_C,TTI1 C-terminal TPR domain,CL0020,TPR
PF12135,3,0.15,shell,Plasmo_rep,Plasmodium repeat family,,
PF18027,3,0.15,shell,Pepdidase_M14_N,Cytosolic carboxypeptidase N-terminal domain,,
PF08544,3,0.15,shell,GHMP_kinases_C,GHMP kinases C terminal ,CL0677,GHMP_C
PF07244,3,0.15,shell,POTRA,Surface antigen variable number repeat,CL0191,POTRA
PF27846,3,0.15,shell,tSAM_targ_Cxxx_rpt,Modification target Cys-rich repeat,,
PF22672,3,0.15,shell,DBL_C,"Duffy-binding-like domain, C-terminal subdomain",CL0195,DBL
PF12722,3,0.15,shell,Hid1,High-temperature-induced dauer-formation protein,CL0456,Golgi_traff
PF05405,3,0.15,shell,Mt_ATP-synt_B,Mitochondrial ATP synthase B chain precursor (ATP-synt_B),CL0255,ATP_synthase
PF23241,3,0.15,shell,HAT_PRP39_C,PRP39 C-terminal HAT repeat,CL0020,TPR
PF05403,3,0.15,shell,Plasmodium_HRP,Plasmodium histidine-rich protein (HRPII/III),,
PF17872,3,0.15,shell,AAA_lid_10,AAA lid domain,CL0671,AAA_lid
PF08492,3,0.15,shell,SRP72,SRP72 RNA-binding domain,,
PF00985,3,0.15,shell,MSA_2,Merozoite Surface Antigen 2 (MSA-2) family,,
PF07228,3,0.15,shell,SpoIIE,Stage II sporulation protein E (SpoIIE),CL0238,PP2C
PF12878,3,0.15,shell,SICA_beta,SICA extracellular beta domain,CL0474,SICA_like
PF13691,3,0.15,shell,Lactamase_B_4,tRNase Z endonuclease,CL0381,Metallo-HOrase
PF16495,3,0.15,shell,SWIRM-assoc_1,SWIRM-associated region 1,,
PF08433,3,0.15,shell,KTI12,Chromatin associated protein KTI12 ,CL0023,P-loop_NTPase
PF02818,3,0.15,shell,PPAK,PPAK motif,,
PF24894,3,0.15,shell,Hexapep_GlmU,"GlmU-like, C-terminal hexapeptide",CL0536,HEXAPEP
PF02526,3,0.15,shell,GBP_repeat,Glycophorin-binding protein,,
PF02809,3,0.15,shell,UIM,Ubiquitin interaction motif,CL0702,UIM
PF01979,3,0.15,shell,Amidohydro_1,Amidohydrolase family,CL0036,TIM_barrel
PF20260,3,0.15,shell,PUA_4,RNA methyltransferase PUA domain,CL0178,PUA
PF02602,3,0.15,shell,HEM4,Uroporphyrinogen-III synthase HemD,,
PF20671,3,0.15,shell,COG3_C,"Conserved oligomeric Golgi complex subunit 3, C-terminal",CL0020,TPR
PF04670,3,0.15,shell,Gtr1_RagA,Gtr1/RagA G protein conserved region,CL0023,P-loop_NTPase
PF09715,3,0.15,shell,Plasmod_dom_1,Plasmodium protein of unknown function (Plasmod_dom_1),,
PF02045,2,0.1,cloud,CBFB_NFYA,CCAAT-binding transcription factor (CBF-B/NF-YA) subunit B,,
PF10451,2,0.1,cloud,Stn1,Telomere regulation protein Stn1,CL0021,OB
PF06090,2,0.1,cloud,Ins_P5_2-kin,Inositol-pentakisphosphate 2-kinase,CL0016,PKinase
PF25966,2,0.1,cloud,Myo5a,Unconventional myosin-Va domain,,
PF07969,2,0.1,cloud,Amidohydro_3,Amidohydrolase family,CL0036,TIM_barrel
PF02272,2,0.1,cloud,DHHA1,DHHA1 domain,,
PF12738,2,0.1,cloud,PTCB-BRCT,twin BRCT domain,CL0459,BRCT-like
PF01909,2,0.1,cloud,NTP_transf_2,Nucleotidyltransferase domain,CL0260,NTP_transf
PF00078,2,0.1,cloud,RVT_1,Reverse transcriptase (RNA-dependent DNA polymerase),CL0027,RdRP
PF04434,2,0.1,cloud,SWIM,SWIM zinc finger,,
PF17410,2,0.1,cloud,Stevor,Subtelomeric Variable Open Reading frame,CL0656,VSA
PF17919,2,0.1,cloud,RT_RNaseH_2,RNase H-like domain found in reverse transcriptase,CL0219,RNase_H
PF26973,2,0.1,cloud,Thioredoxin-like_DJC16_2nd,"DJC16, Thioredoxin-like domain 2",CL0176,Chemosens_recp
PF25097,2,0.1,cloud,ARM_Cnot1,Cnot1 ARM repeat,CL0020,TPR
PF09772,2,0.1,cloud,Tmem26,Transmembrane protein 26,,
PF05677,2,0.1,cloud,DUF818,Chlamydia CHLPS protein (DUF818),CL0028,AB_hydrolase
PF09689,2,0.1,cloud,PY_rept_46,Plasmodium yoelii repeat (PY_rept_46),,
PF06293,2,0.1,cloud,Kdo,Lipopolysaccharide kinase (Kdo/WaaP) family,CL0016,PKinase
PF08719,2,0.1,cloud,NADAR,NADAR domain,CL0787,NADAR-like
PF00132,2,0.1,cloud,Hexapep,Bacterial transferase hexapeptide (six repeats),CL0536,HEXAPEP
PF11839,2,0.1,cloud,Alanine_zipper,"Alanine-zipper, major outer membrane lipoprotein",CL0590,OML_zippers
PF06513,2,0.1,cloud,DUF1103,Repeat of unknown function (DUF1103),,
PF07933,2,0.1,cloud,DUF1681,Protein of unknown function (DUF1681),CL0266,PH
PF23598,2,0.1,cloud,LRR_14,Leucine-rich repeat region,CL0022,LRR
PF24621,2,0.1,cloud,DHQS_C,3-dehydroquinate synthase C-terminal,CL0886,ADH_DHQS_C-like
PF12315,2,0.1,cloud,DA1-like,Protein DA1,CL0126,Peptidase_MA
PF06807,2,0.1,cloud,Clp1,Pre-mRNA cleavage complex II protein Clp1,,
PF01169,2,0.1,cloud,GDT1,Divalent cation/proton antiporter GDT1,CL0292,LysE
PF08777,2,0.1,cloud,RRM_3,RNA binding motif,CL0221,RRM
PF04389,2,0.1,cloud,Peptidase_M28,Peptidase family M28,CL0865,ZnExoPePases
PF06522,2,0.1,cloud,B12D,NADH-ubiquinone reductase complex 1 MLRQ subunit,,
PF24947,2,0.1,cloud,PGM1_C_vert_fung,"Phosphoglucomutase-1, C-terminal domain",CL0407,TBP-like
PF10215,2,0.1,cloud,Ost4,Oligosaccaryltransferase,,
PF18592,2,0.1,cloud,Tho1_MOS11_C,Tho1/MOS11 C-terminal domain,,
PF00982,2,0.1,cloud,Glyco_transf_20,Glycosyltransferase family 20,CL0113,GT-B
PF07709,2,0.1,cloud,SRR,Seven Residue Repeat,,
PF20175,2,0.1,cloud,Tra1_central,Tra1 HEAT repeat central region,,
PF18562,2,0.1,cloud,CIDR1_gamma,Cysteine-Rich Interdomain Region 1 gamma,,
PF07391,2,0.1,cloud,NPR,NPR nonapeptide repeat (2 copies),,
PF04003,2,0.1,cloud,Utp12,Dip2/Utp12 Family,,
PF04671,2,0.1,cloud,Ag332,Erythrocyte membrane-associated giant protein antigen 332 ,,
PF22536,2,0.1,cloud,WHD_POLR3C,"POLR3C, C-terminal winged-helix domain ",CL0123,HTH
PF04127,2,0.1,cloud,DFP,DNA/pantothenate metabolism flavoprotein C-terminal domain,CL0063,NADP_Rossmann
PF14764,2,0.1,cloud,SPG48,"AP-5 complex subunit, vesicle trafficking",CL0020,TPR
PF08318,2,0.1,cloud,COG4_m,"COG4 transport protein, middle alpha-helical bundle",CL0020,TPR
PF00686,2,0.1,cloud,CBM_20,Starch binding domain,CL0369,GHD
PF13576,2,0.1,cloud,Pentapeptide_3,Pentapeptide repeats (9 copies),CL0505,Pentapeptide
PF16842,2,0.1,cloud,RRM_occluded,Occluded RNA-recognition motif,CL0221,RRM
PF07142,2,0.1,cloud,DUF1388,Repeat of unknown function (DUF1388),,
PF04270,2,0.1,cloud,Strep_his_triad,Streptococcal histidine triad protein ,,
PF13606,2,0.1,cloud,Ank_3,Ankyrin repeat,CL0465,Ank
PF21807,2,0.1,cloud,PfEMP1_CIDRalpha1_dom,"PfEMP1 protein, CIDRalpha1 domain",,
PF04095,2,0.1,cloud,NAPRTase,Nicotinate phosphoribosyltransferase (NAPRTase) family,CL0036,TIM_barrel
PF02453,2,0.1,cloud,Reticulon,Reticulon,CL0484,Peroxisome
PF07817,2,0.1,cloud,GLE1,GLE1-like protein,CL0020,TPR
PF16561,2,0.1,cloud,AMPK1_CBM,Glycogen recognition site of AMP-activated protein kinase,CL0369,GHD
PF13926,2,0.1,cloud,DUF4211,Domain of unknown function (DUF4211),,
PF14874,2,0.1,cloud,PapD-like,Flagellar-associated PapD-like,CL0159,E-set
PF02375,2,0.1,cloud,JmjN,jmjN domain,CL0029,Cupin
PF00780,2,0.1,cloud,CNH,CNH domain,CL0186,Beta_propeller
PF15613,2,0.1,cloud,WSD,"Williams-Beuren syndrome DDT (WSD), D-TOX E motif",,
PF16880,2,0.1,cloud,EHD_N,N-terminal EH-domain containing protein,,
PF19055,2,0.1,cloud,ABC2_membrane_7,ABC-2 type transporter,CL0181,ABC-2
PF19193,2,0.1,cloud,Tectonin,Tectonin domain,CL0186,Beta_propeller
PF15227,2,0.1,cloud,zf-C3HC4_4,"zinc finger of C3HC4-type, RING",CL0229,RING
PF02358,2,0.1,cloud,Trehalose_PPase,Trehalose-phosphatase,CL0137,HAD
PF05216,2,0.1,cloud,UNC-50,UNC-50 family,,
PF02954,1,0.05,cloud,HTH_8,"Bacterial regulatory protein, Fis family",CL0123,HTH
PF00075,1,0.05,cloud,RNase_H,RNase H,CL0219,RNase_H
PF14447,1,0.05,cloud,Prok-RING_4,Prokaryotic RING finger family 4,CL0229,RING
PF04090,1,0.05,cloud,Rrn11,RNA polymerase I-specific transcription initiation factor Rrn11,CL0020,TPR
PF00301,1,0.05,cloud,Rubredoxin,Rubredoxin,CL0167,Zn_Beta_Ribbon
PF14469,1,0.05,cloud,AKAP28,28 kDa A-kinase anchor ,,
PF08976,1,0.05,cloud,EF-hand_11,EF-hand domain,CL0220,EF_hand
PF01936,1,0.05,cloud,NYN,NYN domain,CL0280,PIN
PF00361,1,0.05,cloud,Proton_antipo_M,"NADH:quinone oxidoreductase/Mrp antiporter, TM",CL0425,ComplexI-N
PF04982,1,0.05,cloud,TM_HPP,"HPP, transmembrane region",CL0307,FUSC
PF06745,1,0.05,cloud,ATPase,KaiC,CL0023,P-loop_NTPase
PF06131,1,0.05,cloud,DUF963,Schizosaccharomyces pombe repeat of unknown function (DUF963),,
PF25376,1,0.05,cloud,Pre-PUA_NSUN2,NSUN2 Pre-PUA domain,CL0668,Pre-PUA
PF00008,1,0.05,cloud,EGF,EGF-like domain,CL0001,EGF
PF10508,1,0.05,cloud,Proteasom_PSMB,Proteasome non-ATPase 26S subunit,CL0020,TPR
PF27974,1,0.05,cloud,Ninein_long_CC,Ninein long Coiled-coil domain,,
PF17216,1,0.05,cloud,Rrp44_CSD1,Rrp44-like cold shock domain,CL0021,OB
PF28289,1,0.05,cloud,BV97_02767,BV97_02767-like,,
PF10513,1,0.05,cloud,EPL1,Enhancer of polycomb-like,,
PF06040,1,0.05,cloud,Adeno_E3,Adenovirus E3 protein,,
PF10564,1,0.05,cloud,MAR_sialic_bdg,Sialic-acid binding micronemal adhesive repeat,,
PF10576,1,0.05,cloud,EndIII_4Fe-2S,Iron-sulfur binding domain of endonuclease III,,
PF02482,1,0.05,cloud,Ribosomal_S30AE,Sigma 54 modulation protein / S30EA ribosomal protein,CL0219,RNase_H
PF28337,1,0.05,cloud,NNF2_middle,NNF2 middle helical domain,,
PF08626,1,0.05,cloud,TRAPPC9-Trs120,"Trs120/TRAPPC9, N-terminal domain",,
PF21300,1,0.05,cloud,LbR_Ice_bind,Grass antifreeze beta roll,,
PF00608,1,0.05,cloud,Adeno_shaft,Adenoviral fibre protein (repeat/shaft region),CL0674,Triple_B_spiral
PF01653,1,0.05,cloud,DNA_ligase_aden,NAD-dependent DNA ligase adenylation domain,CL0179,ATP-grasp
PF19439,1,0.05,cloud,CLEC16A_C,CLEC16A C-terminal PH-like domain,CL0266,PH
PF07382,1,0.05,cloud,HC2,Histone H1-like nucleoprotein HC2,,
PF10139,1,0.05,cloud,Virul_Fac,Putative bacterial virulence factor,,
PF26862,1,0.05,cloud,Phage_T4_Y10B,Phage T4 Y10B protein,,
PF04855,1,0.05,cloud,SNF5,SNF5 / SMARCB1 / INI1,,
PF26779,1,0.05,cloud,HEAT_NCAPD3_2,Condensin-2 complex subunit D3-like. HEAT repeats,CL0020,TPR
PF09724,1,0.05,cloud,Dcc1,Sister chromatid cohesion protein Dcc1,,
PF19500,1,0.05,cloud,DUF6035,Domain of unknown function (DUF6035),CL0236,PDDEXK
PF19835,1,0.05,cloud,SegE_GIY-YIG,"Putative endonuclease segE, GIY-YIG domain",CL0418,GIY-YIG
PF02022,1,0.05,cloud,Integrase_Zn,Integrase Zinc binding domain,CL0123,HTH
PF06419,1,0.05,cloud,COG6_N,"Conserved oligomeric complex COG6, N-terminal",CL0020,TPR
PF20426,1,0.05,cloud,NBCH_WD40,Neurobeachin beta propeller domain,CL0186,Beta_propeller
PF20651,1,0.05,cloud,EXOC6_Sec15_N,"Exocyst complex component EXOC6/Sec15, N-terminal",CL0020,TPR
PF27509,1,0.05,cloud,DUF8349,Domain of unknown function (DUF8349),,
PF09649,1,0.05,cloud,CHZ,Histone chaperone domain CHZ,,
PF00036,1,0.05,cloud,EF-hand_1,EF hand domain,CL0220,EF_hand
PF27657,1,0.05,cloud,RRT15,Regulator of rDNA transcription protein 15,,
PF01580,1,0.05,cloud,FtsK_SpoIIIE,FtsK/SpoIIIE family,CL0023,P-loop_NTPase
PF10178,1,0.05,cloud,PAC3,Proteasome assembly chaperone 3,CL0765,PAC
PF02071,1,0.05,cloud,NSF,Aromatic-di-Alanine (AdAR) repeat ,CL0020,TPR
PF04518,1,0.05,cloud,Effector_1,Effector from type III secretion system,,
PF04884,1,0.05,cloud,UVB_sens_prot,Vitamin B6 photo-protection and homoeostasis domain,CL0015,MFS
PF15448,1,0.05,cloud,NTS_2,N-terminal segments of P. falciparum erythrocyte membrane protein,,
PF02932,1,0.05,cloud,Neur_chan_memb,Neurotransmitter-gated ion-channel transmembrane region,CL0975,NLGIC_TM
PF17490,1,0.05,cloud,Tnp_22_dsRBD,L1 transposable element dsRBD-like domain,,
PF00665,1,0.05,cloud,rve,Integrase core domain,CL0219,RNase_H
PF03388,1,0.05,cloud,Lectin_leg-like,Legume-like lectin family,CL0004,Concanavalin
PF25794,1,0.05,cloud,SACS,Sacsin domain,CL0025,His_Kinase_A
PF02643,1,0.05,cloud,DUF192,"Uncharacterized ACR, COG1430",,
PF06574,1,0.05,cloud,FAD_syn,FAD synthetase,CL0039,HUP
PF10737,1,0.05,cloud,GerPC,Spore germination protein GerPC,,
PF16550,1,0.05,cloud,RPN13_C,UCH-binding domain,,
PF08490,1,0.05,cloud,DUF1744,Domain of unknown function (DUF1744),CL0194,DNA_pol_B-like
PF12742,1,0.05,cloud,Gryzun-like,TRAPPC11 C-terminal domain,CL0159,E-set
PF00910,1,0.05,cloud,RNA_helicase,RNA helicase,CL0023,P-loop_NTPase
PF05598,1,0.05,cloud,DUF772,Transposase domain (DUF772),,
PF23383,1,0.05,cloud,Beta-prop_IFT140_1st,IFT140 first beta-propeller,CL0186,Beta_propeller
PF13304,1,0.05,cloud,AAA_21,"AAA domain, putative AbiEii toxin, Type IV TA system",CL0023,P-loop_NTPase
PF02363,1,0.05,cloud,C_tripleX,Cysteine rich repeat,,
PF01442,1,0.05,cloud,Apolipoprotein,Apolipoprotein A1/A4/E domain,CL0725,Apolipoprotein
PF00487,1,0.05,cloud,FA_desaturase,Fatty acid desaturase,CL0713,Acyl-CoA_desat
PF16930,1,0.05,cloud,Porin_5,Putative porin,CL0193,MBB
PF01609,1,0.05,cloud,DDE_Tnp_1,Transposase DDE domain,CL0219,RNase_H
PF05642,1,0.05,cloud,Sporozoite_P67,Sporozoite P67 surface antigen,,
PF12488,1,0.05,cloud,DUF3704,Protein of unknown function (DUF3704) ,,
PF03153,1,0.05,cloud,TFIIA,"Transcription factor IIA, alpha/beta subunit",,
PF00232,1,0.05,cloud,Glyco_hydro_1,Glycosyl hydrolase family 1,CL0036,TIM_barrel
PF00553,1,0.05,cloud,CBM_2,Cellulose binding domain,CL0203,CBD
PF22745,1,0.05,cloud,Nlig-Ia,"DNA ligase-like, N-terminal NAD+-binding domain",,
PF00536,1,0.05,cloud,SAM_1,SAM domain (Sterile alpha motif),CL0003,SAM
PF22562,1,0.05,cloud,UBA_7,UBA-like domain,CL0214,UBA
PF13276,1,0.05,cloud,HTH_21,HTH-like domain,CL0123,HTH
PF00989,1,0.05,cloud,PAS,PAS fold,CL0183,PAS_Fold
PF02332,1,0.05,cloud,Phenol_Hydrox,Methane/Phenol/Alkene Hydroxylase,CL0044,Ferritin
PF05359,1,0.05,cloud,DUF748,Domain of Unknown Function (DUF748),CL0760,RBG
PF04354,1,0.05,cloud,ZipA_C,"ZipA, C-terminal FtsZ-binding domain",,
PF13185,1,0.05,cloud,GAF_2,GAF domain,CL0161,GAF
PF05229,1,0.05,cloud,SCPU,Spore Coat Protein U domain,CL0204,Adhesin
PF13243,1,0.05,cloud,SQHop_cyclase_C,Squalene-hopene cyclase C-terminal domain,CL0059,6_Hairpin
PF01863,1,0.05,cloud,YgjP-like,"YgjP-like, metallopeptidase domain",CL0126,Peptidase_MA
PF07298,1,0.05,cloud,NnrU,NnrU protein,CL0115,Steroid_dh
PF04364,1,0.05,cloud,DNA_pol3_chi,"DNA polymerase III chi subunit, HolC",,
PF05391,1,0.05,cloud,Lsm_interact,Lsm interaction motif,,
PF01011,1,0.05,cloud,PQQ,"Glucose/ethanol/alcohol dehydrogenase, beta-propeller domain",CL0186,Beta_propeller
PF23234,1,0.05,cloud,WHD_4th_Lhr,"Large helicase-related protein, winged-helix domain",CL0123,HTH
PF00552,1,0.05,cloud,IN_DBD_C,Integrase DNA binding domain,CL0010,SH3
PF12815,1,0.05,cloud,CTD,Spt5 C-terminal nonapeptide repeat binding Spt4,CL0462,TPA-repeat
PF17854,1,0.05,cloud,FtsK_alpha,FtsK alpha domain,,
PF23562,1,0.05,cloud,AMP-binding_C_3,AMP-binding enzyme C-terminal domain,CL0531,AMP-binding_C
PF06024,1,0.05,cloud,Orf78,Orf78 (ac78),,
PF02994,1,0.05,cloud,Transposase_22,L1 transposable element RBD-like domain,CL0221,RRM
PF08737,1,0.05,cloud,Rgp1,Rgp1,CL0135,Arrestin_N-like
PF11857,1,0.05,cloud,DUF3377,Domain of unknown function (DUF3377),,
PF05114,1,0.05,cloud,MbnB_TglH_ChrH,RiPP precursor modification enzyme MbnB/TglH/ChrH,CL0036,TIM_barrel
PF03746,1,0.05,cloud,LamB_YcsF,LamB/YcsF family,CL0158,GH_CE
PF11751,1,0.05,cloud,PorP_SprF,Type IX secretion system membrane protein PorP/SprF,CL0193,MBB
PF08766,1,0.05,cloud,DEK_C,DEK C terminal domain,,
PF02183,1,0.05,cloud,HALZ,Homeobox associated leucine zipper,,
PF02151,1,0.05,cloud,UVR,UvrB/uvrC motif,CL0671,AAA_lid
PF16658,1,0.05,cloud,RF3_C,"Class II release factor RF3, C-terminal domain",CL0437,EF-G_C
PF11154,1,0.05,cloud,DUF2934,Protein of unknown function (DUF2934),,
PF00804,1,0.05,cloud,Syntaxin,Syntaxin,CL0445,SNARE-fusion
PF17921,1,0.05,cloud,Integrase_H2C2,Integrase zinc binding domain,CL0361,C2H2-zf
PF02984,1,0.05,cloud,Cyclin_C,"Cyclin, C-terminal domain",CL0065,Cyclin
PF10662,1,0.05,cloud,PduV-EutP,Ethanolamine utilisation - propanediol utilisation,CL0023,P-loop_NTPase
PF17820,1,0.05,cloud,PDZ_6,PDZ domain,CL0466,PDZ-like
PF08017,1,0.05,cloud,Fibrinogen_BP,Fibrinogen binding protein ,,
PF13640,1,0.05,cloud,2OG-FeII_Oxy_3,2OG-Fe(II) oxygenase superfamily,CL0029,Cupin
PF00881,1,0.05,cloud,Nitroreductase,Nitroreductase family,CL0529,FMN-dep-NRtase
PF11974,1,0.05,cloud,bMG3,Bacterial alpha-2-macroglobulin MG3 domain,CL0159,E-set
PF08206,1,0.05,cloud,OB_RNB,Ribonuclease B OB domain,CL0021,OB
PF00158,1,0.05,cloud,Sigma54_activat,Sigma-54 interaction domain,CL0023,P-loop_NTPase
PF01833,1,0.05,cloud,TIG,IPT/TIG domain,CL0159,E-set
PF00873,1,0.05,cloud,ACR_tran,AcrB/AcrD/AcrF family,CL0322,RND_permease
PF23643,1,0.05,cloud,TRAPPC13_C,"Trafficking protein particle complex subunit 13, C-terminal",CL0159,E-set
PF13491,1,0.05,cloud,FtsK_4TM,4TM region of DNA translocase FtsK/SpoIIIE,,
PF18036,1,0.05,cloud,Ubiquitin_4,Ubiquitin-like domain,CL0072,Ubiquitin
PF17122,1,0.05,cloud,zf-C3H2C3,Zinc-finger,CL0229,RING
PF00872,1,0.05,cloud,Transposase_mut,"Transposase, Mutator family",CL0219,RNase_H
PF07693,1,0.05,cloud,KAP_NTPase,KAP family P-loop domain,CL0023,P-loop_NTPase
PF07520,1,0.05,cloud,SrfB,Virulence factor SrfB,,
PF03023,1,0.05,cloud,MurJ,Lipid II flippase MurJ,CL0222,MviN_MATE
PF03205,1,0.05,cloud,MobB,Molybdopterin guanine dinucleotide synthesis protein B,CL0023,P-loop_NTPase
PF08443,1,0.05,cloud,RimK,RimK-like ATP-grasp domain,CL0179,ATP-grasp
PF08228,1,0.05,cloud,RNase_P_pop3,RNase P subunit Pop3,CL0101,PELOTA
PF13418,1,0.05,cloud,Beta-prop_TYW4,"tRNA wybutosine-synthesizing protein 4, beta-propeller",CL0186,Beta_propeller
